run_id,fuzzer,variant,kind,role,seed,inject_step,a4_step,mutated_value,mutated_word_hex,field_class,outcome_class,intrastep_local,interstep_local,global,layers_triple,failure_count,constraints_json
arguzz_COMP_OUT_MOD_s0,arguzz,,COMP_OUT_MOD,add,0,195,193,6,,,CONSTRAINT_REJECT,1,0,0,1/0/0,1,"[{""layer"": ""intrastep-local"", ""full_loc"": ""MemoryWrite(zirgen/circuit/rv32im/v2/dsl/mem.zir:99)"", ""residue"": 2013265920, ""cycle"": 14466, ""step"": 193, ""major"": 0, ""minor"": 0, ""provenance"": {""layer"": ""intrastep-local"", ""loc"": ""MemoryWrite(zirgen/circuit/rv32im/v2/dsl/mem.zir:99)"", ""value"": 2013265920, ""verified"": true, ""predicted"": 2013265920, ""observed"": 2013265920, ""formula"": ""(mutated - original) mod p"", ""original"": 7, ""mutated"": 6}}]"
arguzz_COMP_OUT_MOD_s1,arguzz,,COMP_OUT_MOD,add,1,195,193,6,,,CONSTRAINT_REJECT,1,0,0,1/0/0,1,"[{""layer"": ""intrastep-local"", ""full_loc"": ""MemoryWrite(zirgen/circuit/rv32im/v2/dsl/mem.zir:99)"", ""residue"": 2013265920, ""cycle"": 14466, ""step"": 193, ""major"": 0, ""minor"": 0, ""provenance"": {""layer"": ""intrastep-local"", ""loc"": ""MemoryWrite(zirgen/circuit/rv32im/v2/dsl/mem.zir:99)"", ""value"": 2013265920, ""verified"": true, ""predicted"": 2013265920, ""observed"": 2013265920, ""formula"": ""(mutated - original) mod p"", ""original"": 7, ""mutated"": 6}}]"
arguzz_COMP_OUT_MOD_s2,arguzz,,COMP_OUT_MOD,add,2,195,193,0,,,CONSTRAINT_REJECT,1,0,0,1/0/0,1,"[{""layer"": ""intrastep-local"", ""full_loc"": ""MemoryWrite(zirgen/circuit/rv32im/v2/dsl/mem.zir:99)"", ""residue"": 2013265914, ""cycle"": 14466, ""step"": 193, ""major"": 0, ""minor"": 0, ""provenance"": {""layer"": ""intrastep-local"", ""loc"": ""MemoryWrite(zirgen/circuit/rv32im/v2/dsl/mem.zir:99)"", ""value"": 2013265914, ""verified"": true, ""predicted"": 2013265914, ""observed"": 2013265914, ""formula"": ""(mutated - original) mod p"", ""original"": 7, ""mutated"": 0}}]"
arguzz_COMP_OUT_MOD_s3,arguzz,,COMP_OUT_MOD,add,3,195,193,8,,,CONSTRAINT_REJECT,1,0,0,1/0/0,1,"[{""layer"": ""intrastep-local"", ""full_loc"": ""MemoryWrite(zirgen/circuit/rv32im/v2/dsl/mem.zir:99)"", ""residue"": 1, ""cycle"": 14466, ""step"": 193, ""major"": 0, ""minor"": 0, ""provenance"": {""layer"": ""intrastep-local"", ""loc"": ""MemoryWrite(zirgen/circuit/rv32im/v2/dsl/mem.zir:99)"", ""value"": 1, ""verified"": true, ""predicted"": 1, ""observed"": 1, ""formula"": ""(mutated - original) mod p"", ""original"": 7, ""mutated"": 8}}]"
arguzz_COMP_OUT_MOD_s4,arguzz,,COMP_OUT_MOD,add,4,195,193,8,,,CONSTRAINT_REJECT,1,0,0,1/0/0,1,"[{""layer"": ""intrastep-local"", ""full_loc"": ""MemoryWrite(zirgen/circuit/rv32im/v2/dsl/mem.zir:99)"", ""residue"": 1, ""cycle"": 14466, ""step"": 193, ""major"": 0, ""minor"": 0, ""provenance"": {""layer"": ""intrastep-local"", ""loc"": ""MemoryWrite(zirgen/circuit/rv32im/v2/dsl/mem.zir:99)"", ""value"": 1, ""verified"": true, ""predicted"": 1, ""observed"": 1, ""formula"": ""(mutated - original) mod p"", ""original"": 7, ""mutated"": 8}}]"
arguzz_INSTR_WORD_MOD_s0,arguzz,,INSTR_WORD_MOD,add,0,195,193,,0x00c5c5b3,operation,CONSTRAINT_REJECT,1,0,0,1/0/0,1,"[{""layer"": ""intrastep-local"", ""full_loc"": ""loc(callsite( VerifyOpcodeF3F7 ( zirgen/circuit/rv32im/v2/dsl/inst.zir :103:18) at  OpXOR ( zirgen/circuit/rv32im/v2/dsl/inst_misc.zir :100:20)))"", ""residue"": 2013265917, ""cycle"": 14466, ""step"": 193, ""major"": 0, ""minor"": 2, ""provenance"": {""layer"": ""intrastep-local"", ""loc"": ""loc(callsite( VerifyOpcodeF3F7 ( zirgen/circuit/rv32im/v2/dsl/inst.zir :103:18) at  OpXOR ( zirgen/circuit/rv32im/v2/dsl"", ""value"": 2013265917, ""verified"": false, ""reason"": ""non-scalar mutation""}}]"
arguzz_INSTR_WORD_MOD_s1,arguzz,,INSTR_WORD_MOD,add,1,195,193,,0xf9681a67,control_flow,PROVE_ERROR,0,0,0,—,0,[]
arguzz_INSTR_WORD_MOD_s10,arguzz,,INSTR_WORD_MOD,add,10,195,193,,0x00c58593,format_change,CONSTRAINT_REJECT,1,0,0,1/0/0,1,"[{""layer"": ""intrastep-local"", ""full_loc"": ""loc(callsite( VerifyOpcodeF3 ( zirgen/circuit/rv32im/v2/dsl/inst.zir :96:19) at callsite( OpADDI ( zirgen/circuit/rv32im/v2/dsl/inst_misc.zir :127:18) at  Misc0 ( zirgen/circuit/rv32im/v2/dsl/inst_misc.zir :40:29))))"", ""residue"": 32, ""cycle"": 14466, ""step"": 193, ""major"": 0, ""minor"": 7, ""provenance"": {""layer"": ""intrastep-local"", ""loc"": ""loc(callsite( VerifyOpcodeF3 ( zirgen/circuit/rv32im/v2/dsl/inst.zir :96:19) at callsite( OpADDI ( zirgen/circuit/rv32im"", ""value"": 32, ""verified"": false, ""reason"": ""non-scalar mutation""}}]"
arguzz_INSTR_WORD_MOD_s11,arguzz,,INSTR_WORD_MOD,add,11,195,193,,0x00c581b3,dest_reg,GLOBAL_REJECT,0,0,1,0/0/1,0,"[{""layer"": ""global"", ""full_loc"": ""GLOBAL:family:memory residue nonzero"", ""residue"": null, ""cycle"": null, ""step"": null, ""major"": null, ""minor"": null, ""provenance"": null, ""family"": ""memory"", ""address"": null}]"
arguzz_INSTR_WORD_MOD_s12,arguzz,,INSTR_WORD_MOD,add,12,195,193,,0x008585b3,src_reg,GLOBAL_REJECT,0,0,1,0/0/1,0,"[{""layer"": ""global"", ""full_loc"": ""GLOBAL:family:memory residue nonzero"", ""residue"": null, ""cycle"": null, ""step"": null, ""major"": null, ""minor"": null, ""provenance"": null, ""family"": ""memory"", ""address"": null}]"
arguzz_INSTR_WORD_MOD_s13,arguzz,,INSTR_WORD_MOD,add,13,195,193,,0x00c785b3,src_reg,GLOBAL_REJECT,0,0,1,0/0/1,0,"[{""layer"": ""global"", ""full_loc"": ""GLOBAL:family:memory residue nonzero"", ""residue"": null, ""cycle"": null, ""step"": null, ""major"": null, ""minor"": null, ""provenance"": null, ""family"": ""memory"", ""address"": null}]"
arguzz_INSTR_WORD_MOD_s14,arguzz,,INSTR_WORD_MOD,add,14,195,193,,0x00d585b3,src_reg,GLOBAL_REJECT,0,0,1,0/0/1,0,"[{""layer"": ""global"", ""full_loc"": ""GLOBAL:family:memory residue nonzero"", ""residue"": null, ""cycle"": null, ""step"": null, ""major"": null, ""minor"": null, ""provenance"": null, ""family"": ""memory"", ""address"": null}]"
arguzz_INSTR_WORD_MOD_s15,arguzz,,INSTR_WORD_MOD,add,15,195,193,,0x9a780f93,format_change,CONSTRAINT_REJECT,2,0,1,2/0/1,2,"[{""layer"": ""intrastep-local"", ""full_loc"": ""loc(callsite( VerifyOpcodeF3 ( zirgen/circuit/rv32im/v2/dsl/inst.zir :96:19) at callsite( OpADDI ( zirgen/circuit/rv32im/v2/dsl/inst_misc.zir :127:18) at  Misc0 ( zirgen/circuit/rv32im/v2/dsl/inst_misc.zir :40:29))))"", ""residue"": 32, ""cycle"": 14466, ""step"": 193, ""major"": 0, ""minor"": 7, ""provenance"": {""layer"": ""intrastep-local"", ""loc"": ""loc(callsite( VerifyOpcodeF3 ( zirgen/circuit/rv32im/v2/dsl/inst.zir :96:19) at callsite( OpADDI ( zirgen/circuit/rv32im"", ""value"": 32, ""verified"": false, ""reason"": ""non-scalar mutation""}}, {""layer"": ""intrastep-local"", ""full_loc"": ""MemoryWrite(zirgen/circuit/rv32im/v2/dsl/mem.zir:99)"", ""residue"": 2013264284, ""cycle"": 14466, ""step"": 193, ""major"": 0, ""minor"": 7, ""provenance"": {""layer"": ""intrastep-local"", ""loc"": ""MemoryWrite(zirgen/circuit/rv32im/v2/dsl/mem.zir:99)"", ""value"": 2013264284, ""verified"": false, ""reason"": ""non-scalar mutation""}}, {""layer"": ""global"", ""full_loc"": ""GLOBAL:family:memory residue nonzero"", ""residue"": null, ""cycle"": null, ""step"": null, ""major"": null, ""minor"": null, ""provenance"": null, ""family"": ""memory"", ""address"": null}]"
arguzz_INSTR_WORD_MOD_s16,arguzz,,INSTR_WORD_MOD,add,16,195,193,,0x20c5c493,format_change,CONSTRAINT_REJECT,3,0,1,3/0/1,3,"[{""layer"": ""intrastep-local"", ""full_loc"": ""loc(callsite( VerifyOpcodeF3 ( zirgen/circuit/rv32im/v2/dsl/inst.zir :96:19) at  OpXORI ( zirgen/circuit/rv32im/v2/dsl/inst_misc.zir :132:18)))"", ""residue"": 32, ""cycle"": 14466, ""step"": 193, ""major"": 1, ""minor"": 0, ""provenance"": {""layer"": ""intrastep-local"", ""loc"": ""loc(callsite( VerifyOpcodeF3 ( zirgen/circuit/rv32im/v2/dsl/inst.zir :96:19) at  OpXORI ( zirgen/circuit/rv32im/v2/dsl/i"", ""value"": 32, ""verified"": false, ""reason"": ""non-scalar mutation""}}, {""layer"": ""intrastep-local"", ""full_loc"": ""loc(callsite( VerifyOpcodeF3 ( zirgen/circuit/rv32im/v2/dsl/inst.zir :97:18) at  OpXORI ( zirgen/circuit/rv32im/v2/dsl/inst_misc.zir :132:18)))"", ""residue"": 2013265917, ""cycle"": 14466, ""step"": 193, ""major"": 1, ""minor"": 0, ""provenance"": {""layer"": ""intrastep-local"", ""loc"": ""loc(callsite( VerifyOpcodeF3 ( zirgen/circuit/rv32im/v2/dsl/inst.zir :97:18) at  OpXORI ( zirgen/circuit/rv32im/v2/dsl/i"", ""value"": 2013265917, ""verified"": false, ""reason"": ""non-scalar mutation""}}, {""layer"": ""intrastep-local"", ""full_loc"": ""MemoryWrite(zirgen/circuit/rv32im/v2/dsl/mem.zir:99)"", ""residue"": 512, ""cycle"": 14466, ""step"": 193, ""major"": 1, ""minor"": 0, ""provenance"": {""layer"": ""intrastep-local"", ""loc"": ""MemoryWrite(zirgen/circuit/rv32im/v2/dsl/mem.zir:99)"", ""value"": 512, ""verified"": false, ""reason"": ""non-scalar mutation""}}, {""layer"": ""global"", ""full_loc"": ""GLOBAL:family:memory residue nonzero"", ""residue"": null, ""cycle"": null, ""step"": null, ""major"": null, ""minor"": null, ""provenance"": null, ""family"": ""memory"", ""address"": null}]"
arguzz_INSTR_WORD_MOD_s17,arguzz,,INSTR_WORD_MOD,add,17,195,193,,0x5335a66f,control_flow,PROVE_ERROR,0,0,0,—,0,[]
arguzz_INSTR_WORD_MOD_s18,arguzz,,INSTR_WORD_MOD,add,18,195,193,,0x00c5a5b3,operation,CONSTRAINT_REJECT,1,0,0,1/0/0,1,"[{""layer"": ""intrastep-local"", ""full_loc"": ""loc(callsite( VerifyOpcodeF3F7 ( zirgen/circuit/rv32im/v2/dsl/inst.zir :103:18) at  OpSLT ( zirgen/circuit/rv32im/v2/dsl/inst_misc.zir :115:20)))"", ""residue"": 2013265919, ""cycle"": 14466, ""step"": 193, ""major"": 0, ""minor"": 5, ""provenance"": {""layer"": ""intrastep-local"", ""loc"": ""loc(callsite( VerifyOpcodeF3F7 ( zirgen/circuit/rv32im/v2/dsl/inst.zir :103:18) at  OpSLT ( zirgen/circuit/rv32im/v2/dsl"", ""value"": 2013265919, ""verified"": false, ""reason"": ""non-scalar mutation""}}]"
arguzz_INSTR_WORD_MOD_s19,arguzz,,INSTR_WORD_MOD,add,19,195,193,,0x00c5c5b3,operation,CONSTRAINT_REJECT,1,0,0,1/0/0,1,"[{""layer"": ""intrastep-local"", ""full_loc"": ""loc(callsite( VerifyOpcodeF3F7 ( zirgen/circuit/rv32im/v2/dsl/inst.zir :103:18) at  OpXOR ( zirgen/circuit/rv32im/v2/dsl/inst_misc.zir :100:20)))"", ""residue"": 2013265917, ""cycle"": 14466, ""step"": 193, ""major"": 0, ""minor"": 2, ""provenance"": {""layer"": ""intrastep-local"", ""loc"": ""loc(callsite( VerifyOpcodeF3F7 ( zirgen/circuit/rv32im/v2/dsl/inst.zir :103:18) at  OpXOR ( zirgen/circuit/rv32im/v2/dsl"", ""value"": 2013265917, ""verified"": false, ""reason"": ""non-scalar mutation""}}]"
arguzz_INSTR_WORD_MOD_s2,arguzz,,INSTR_WORD_MOD,add,2,195,193,,0x00c581b3,dest_reg,GLOBAL_REJECT,0,0,1,0/0/1,0,"[{""layer"": ""global"", ""full_loc"": ""GLOBAL:family:memory residue nonzero"", ""residue"": null, ""cycle"": null, ""step"": null, ""major"": null, ""minor"": null, ""provenance"": null, ""family"": ""memory"", ""address"": null}]"
arguzz_INSTR_WORD_MOD_s20,arguzz,,INSTR_WORD_MOD,add,20,195,193,,0x00c5c5b3,operation,CONSTRAINT_REJECT,1,0,0,1/0/0,1,"[{""layer"": ""intrastep-local"", ""full_loc"": ""loc(callsite( VerifyOpcodeF3F7 ( zirgen/circuit/rv32im/v2/dsl/inst.zir :103:18) at  OpXOR ( zirgen/circuit/rv32im/v2/dsl/inst_misc.zir :100:20)))"", ""residue"": 2013265917, ""cycle"": 14466, ""step"": 193, ""major"": 0, ""minor"": 2, ""provenance"": {""layer"": ""intrastep-local"", ""loc"": ""loc(callsite( VerifyOpcodeF3F7 ( zirgen/circuit/rv32im/v2/dsl/inst.zir :103:18) at  OpXOR ( zirgen/circuit/rv32im/v2/dsl"", ""value"": 2013265917, ""verified"": false, ""reason"": ""non-scalar mutation""}}]"
arguzz_INSTR_WORD_MOD_s21,arguzz,,INSTR_WORD_MOD,add,21,195,193,,0x00c58db3,dest_reg,GLOBAL_REJECT,0,0,1,0/0/1,0,"[{""layer"": ""global"", ""full_loc"": ""GLOBAL:family:memory residue nonzero"", ""residue"": null, ""cycle"": null, ""step"": null, ""major"": null, ""minor"": null, ""provenance"": null, ""family"": ""memory"", ""address"": null}]"
arguzz_INSTR_WORD_MOD_s22,arguzz,,INSTR_WORD_MOD,add,22,195,193,,0x00c585a3,format_change,CONSTRAINT_REJECT,2,0,0,2/0/0,2,"[{""layer"": ""intrastep-local"", ""full_loc"": ""AddrDecomposeBits(zirgen/circuit/rv32im/v2/dsl/u32.zir:87)"", ""residue"": 1, ""cycle"": 14866, ""step"": 193, ""major"": 6, ""minor"": 0, ""provenance"": {""layer"": ""intrastep-local"", ""loc"": ""AddrDecomposeBits(zirgen/circuit/rv32im/v2/dsl/u32.zir:87)"", ""value"": 1, ""verified"": false, ""reason"": ""non-scalar mutation""}}, {""layer"": ""intrastep-local"", ""full_loc"": ""loc(callsite( VerifyOpcodeF3 ( zirgen/circuit/rv32im/v2/dsl/inst.zir :96:19) at  OpSB ( zirgen/circuit/rv32im/v2/dsl/inst_mem.zir :129:18)))"", ""residue"": 16, ""cycle"": 14866, ""step"": 193, ""major"": 6, ""minor"": 0, ""provenance"": {""layer"": ""intrastep-local"", ""loc"": ""loc(callsite( VerifyOpcodeF3 ( zirgen/circuit/rv32im/v2/dsl/inst.zir :96:19) at  OpSB ( zirgen/circuit/rv32im/v2/dsl/ins"", ""value"": 16, ""verified"": false, ""reason"": ""non-scalar mutation""}}]"
arguzz_INSTR_WORD_MOD_s23,arguzz,,INSTR_WORD_MOD,add,23,195,193,,0x00c584b3,dest_reg,GLOBAL_REJECT,0,0,1,0/0/1,0,"[{""layer"": ""global"", ""full_loc"": ""GLOBAL:family:memory residue nonzero"", ""residue"": null, ""cycle"": null, ""step"": null, ""major"": null, ""minor"": null, ""provenance"": null, ""family"": ""memory"", ""address"": null}]"
arguzz_INSTR_WORD_MOD_s24,arguzz,,INSTR_WORD_MOD,add,24,195,193,,0x00c58533,dest_reg_a0,CONSTRAINT_REJECT,6,0,1,6/0/1,6,"[{""layer"": ""intrastep-local"", ""full_loc"": ""AddrDecomposeBits(zirgen/circuit/rv32im/v2/dsl/u32.zir:87)"", ""residue"": 1, ""cycle"": 14867, ""step"": 194, ""major"": 6, ""minor"": 2, ""provenance"": {""layer"": ""intrastep-local"", ""loc"": ""AddrDecomposeBits(zirgen/circuit/rv32im/v2/dsl/u32.zir:87)"", ""value"": 1, ""verified"": false, ""reason"": ""non-scalar mutation""}}, {""layer"": ""intrastep-local"", ""full_loc"": ""loc(callsite( OpSW ( zirgen/circuit/rv32im/v2/dsl/inst_mem.zir :160:20) at  Mem1 ( zirgen/circuit/rv32im/v2/dsl/inst_mem.zir :73:10)))"", ""residue"": 1, ""cycle"": 14867, ""step"": 194, ""major"": 6, ""minor"": 2, ""provenance"": {""layer"": ""intrastep-local"", ""loc"": ""loc(callsite( OpSW ( zirgen/circuit/rv32im/v2/dsl/inst_mem.zir :160:20) at  Mem1 ( zirgen/circuit/rv32im/v2/dsl/inst_mem"", ""value"": 1, ""verified"": false, ""reason"": ""non-scalar mutation""}}, {""layer"": ""intrastep-local"", ""full_loc"": ""loc(callsite( OpSW ( zirgen/circuit/rv32im/v2/dsl/inst_mem.zir :161:20) at  Mem1 ( zirgen/circuit/rv32im/v2/dsl/inst_mem.zir :73:10)))"", ""residue"": 1, ""cycle"": 14867, ""step"": 194, ""major"": 6, ""minor"": 2, ""provenance"": {""layer"": ""intrastep-local"", ""loc"": ""loc(callsite( OpSW ( zirgen/circuit/rv32im/v2/dsl/inst_mem.zir :161:20) at  Mem1 ( zirgen/circuit/rv32im/v2/dsl/inst_mem"", ""value"": 1, ""verified"": false, ""reason"": ""non-scalar mutation""}}, {""layer"": ""intrastep-local"", ""full_loc"": ""AddrDecomposeBits(zirgen/circuit/rv32im/v2/dsl/u32.zir:87)"", ""residue"": 1, ""cycle"": 14868, ""step"": 195, ""major"": 5, ""minor"": 2, ""provenance"": {""layer"": ""intrastep-local"", ""loc"": ""AddrDecomposeBits(zirgen/circuit/rv32im/v2/dsl/u32.zir:87)"", ""value"": 1, ""verified"": false, ""reason"": ""non-scalar mutation""}}, {""layer"": ""intrastep-local"", ""full_loc"": ""loc(callsite( OpLW ( zirgen/circuit/rv32im/v2/dsl/inst_mem.zir :108:20) at  Mem0 ( zirgen/circuit/rv32im/v2/dsl/inst_mem.zir :55:10)))"", ""residue"": 1, ""cycle"": 14868, ""step"": 195, ""major"": 5, ""minor"": 2, ""provenance"": {""layer"": ""intrastep-local"", ""loc"": ""loc(callsite( OpLW ( zirgen/circuit/rv32im/v2/dsl/inst_mem.zir :108:20) at  Mem0 ( zirgen/circuit/rv32im/v2/dsl/inst_mem"", ""value"": 1, ""verified"": false, ""reason"": ""non-scalar mutation""}}, {""layer"": ""intrastep-local"", ""full_loc"": ""loc(callsite( OpLW ( zirgen/circuit/rv32im/v2/dsl/inst_mem.zir :109:20) at  Mem0 ( zirgen/circuit/rv32im/v2/dsl/inst_mem.zir :55:10)))"", ""residue"": 1, ""cycle"": 14868, ""step"": 195, ""major"": 5, ""minor"": 2, ""provenance"": {""layer"": ""intrastep-local"", ""loc"": ""loc(callsite( OpLW ( zirgen/circuit/rv32im/v2/dsl/inst_mem.zir :109:20) at  Mem0 ( zirgen/circuit/rv32im/v2/dsl/inst_mem"", ""value"": 1, ""verified"": false, ""reason"": ""non-scalar mutation""}}, {""layer"": ""global"", ""full_loc"": ""GLOBAL:family:memory residue nonzero"", ""residue"": null, ""cycle"": null, ""step"": null, ""major"": null, ""minor"": null, ""provenance"": null, ""family"": ""memory"", ""address"": null}]"
arguzz_INSTR_WORD_MOD_s25,arguzz,,INSTR_WORD_MOD,add,25,195,193,,0x3f0bd667,control_flow,PROVE_ERROR,0,0,0,—,0,[]
arguzz_INSTR_WORD_MOD_s26,arguzz,,INSTR_WORD_MOD,add,26,195,193,,0x00c581b3,dest_reg,GLOBAL_REJECT,0,0,1,0/0/1,0,"[{""layer"": ""global"", ""full_loc"": ""GLOBAL:family:memory residue nonzero"", ""residue"": null, ""cycle"": null, ""step"": null, ""major"": null, ""minor"": null, ""provenance"": null, ""family"": ""memory"", ""address"": null}]"
arguzz_INSTR_WORD_MOD_s27,arguzz,,INSTR_WORD_MOD,add,27,195,193,,0x35fa17e7,control_flow,PROVE_ERROR,0,0,0,—,0,[]
arguzz_INSTR_WORD_MOD_s28,arguzz,,INSTR_WORD_MOD,add,28,195,193,,0x02c585b3,operation,CONSTRAINT_REJECT,1,0,0,1/0/0,1,"[{""layer"": ""intrastep-local"", ""full_loc"": ""loc(callsite( VerifyOpcodeF3F7 ( zirgen/circuit/rv32im/v2/dsl/inst.zir :104:18) at  OpMUL ( zirgen/circuit/rv32im/v2/dsl/inst_mul.zir :63:20)))"", ""residue"": 2013265920, ""cycle"": 14466, ""step"": 193, ""major"": 3, ""minor"": 2, ""provenance"": {""layer"": ""intrastep-local"", ""loc"": ""loc(callsite( VerifyOpcodeF3F7 ( zirgen/circuit/rv32im/v2/dsl/inst.zir :104:18) at  OpMUL ( zirgen/circuit/rv32im/v2/dsl"", ""value"": 2013265920, ""verified"": false, ""reason"": ""non-scalar mutation""}}]"
arguzz_INSTR_WORD_MOD_s29,arguzz,,INSTR_WORD_MOD,add,29,195,193,,0x7f72226f,control_flow,PROVE_ERROR,0,0,0,—,0,[]
arguzz_INSTR_WORD_MOD_s3,arguzz,,INSTR_WORD_MOD,add,3,195,193,,0x004585b3,src_reg,GLOBAL_REJECT,0,0,1,0/0/1,0,"[{""layer"": ""global"", ""full_loc"": ""GLOBAL:family:memory residue nonzero"", ""residue"": null, ""cycle"": null, ""step"": null, ""major"": null, ""minor"": null, ""provenance"": null, ""family"": ""memory"", ""address"": null}]"
arguzz_INSTR_WORD_MOD_s30,arguzz,,INSTR_WORD_MOD,add,30,195,193,,0x00c587b3,dest_reg,GLOBAL_REJECT,0,0,1,0/0/1,0,"[{""layer"": ""global"", ""full_loc"": ""GLOBAL:family:memory residue nonzero"", ""residue"": null, ""cycle"": null, ""step"": null, ""major"": null, ""minor"": null, ""provenance"": null, ""family"": ""memory"", ""address"": null}]"
arguzz_INSTR_WORD_MOD_s4,arguzz,,INSTR_WORD_MOD,add,4,195,193,,0x00e585b3,src_reg,GLOBAL_REJECT,0,0,1,0/0/1,0,"[{""layer"": ""global"", ""full_loc"": ""GLOBAL:family:memory residue nonzero"", ""residue"": null, ""cycle"": null, ""step"": null, ""major"": null, ""minor"": null, ""provenance"": null, ""family"": ""memory"", ""address"": null}]"
arguzz_INSTR_WORD_MOD_s5,arguzz,,INSTR_WORD_MOD,add,5,195,193,,0x00c595b3,operation,CONSTRAINT_REJECT,1,0,0,1/0/0,1,"[{""layer"": ""intrastep-local"", ""full_loc"": ""loc(callsite( VerifyOpcodeF3F7 ( zirgen/circuit/rv32im/v2/dsl/inst.zir :103:18) at  OpSLL ( zirgen/circuit/rv32im/v2/dsl/inst_mul.zir :49:20)))"", ""residue"": 2013265920, ""cycle"": 14466, ""step"": 193, ""major"": 3, ""minor"": 0, ""provenance"": {""layer"": ""intrastep-local"", ""loc"": ""loc(callsite( VerifyOpcodeF3F7 ( zirgen/circuit/rv32im/v2/dsl/inst.zir :103:18) at  OpSLL ( zirgen/circuit/rv32im/v2/dsl"", ""value"": 2013265920, ""verified"": false, ""reason"": ""non-scalar mutation""}}]"
arguzz_INSTR_WORD_MOD_s6,arguzz,,INSTR_WORD_MOD,add,6,195,193,,0x00c595b3,operation,CONSTRAINT_REJECT,1,0,0,1/0/0,1,"[{""layer"": ""intrastep-local"", ""full_loc"": ""loc(callsite( VerifyOpcodeF3F7 ( zirgen/circuit/rv32im/v2/dsl/inst.zir :103:18) at  OpSLL ( zirgen/circuit/rv32im/v2/dsl/inst_mul.zir :49:20)))"", ""residue"": 2013265920, ""cycle"": 14466, ""step"": 193, ""major"": 3, ""minor"": 0, ""provenance"": {""layer"": ""intrastep-local"", ""loc"": ""loc(callsite( VerifyOpcodeF3F7 ( zirgen/circuit/rv32im/v2/dsl/inst.zir :103:18) at  OpSLL ( zirgen/circuit/rv32im/v2/dsl"", ""value"": 2013265920, ""verified"": false, ""reason"": ""non-scalar mutation""}}]"
arguzz_INSTR_WORD_MOD_s7,arguzz,,INSTR_WORD_MOD,add,7,195,193,,0x00c585f3,control_flow,PROVE_ERROR,0,0,0,—,0,[]
arguzz_INSTR_WORD_MOD_s8,arguzz,,INSTR_WORD_MOD,add,8,195,193,,0x40c585b3,operation,CONSTRAINT_REJECT,1,0,0,1/0/0,1,"[{""layer"": ""intrastep-local"", ""full_loc"": ""loc(callsite( VerifyOpcodeF3F7 ( zirgen/circuit/rv32im/v2/dsl/inst.zir :104:18) at callsite( OpSUB ( zirgen/circuit/rv32im/v2/dsl/inst_misc.zir :95:20) at  Misc0 ( zirgen/circuit/rv32im/v2/dsl/inst_misc.zir :34:28))))"", ""residue"": 2013265889, ""cycle"": 14466, ""step"": 193, ""major"": 0, ""minor"": 1, ""provenance"": {""layer"": ""intrastep-local"", ""loc"": ""loc(callsite( VerifyOpcodeF3F7 ( zirgen/circuit/rv32im/v2/dsl/inst.zir :104:18) at callsite( OpSUB ( zirgen/circuit/rv32"", ""value"": 2013265889, ""verified"": false, ""reason"": ""non-scalar mutation""}}]"
arguzz_INSTR_WORD_MOD_s9,arguzz,,INSTR_WORD_MOD,add,9,195,193,,0xc622e263,control_flow,PROVE_ERROR,0,0,0,—,0,[]
arguzz_LOAD_VAL_MOD_s0,arguzz,,LOAD_VAL_MOD,load_x,0,193,191,2,,,CONSTRAINT_REJECT,1,0,0,1/0/0,1,"[{""layer"": ""intrastep-local"", ""full_loc"": ""MemoryWrite(zirgen/circuit/rv32im/v2/dsl/mem.zir:99)"", ""residue"": 2013265920, ""cycle"": 14464, ""step"": 191, ""major"": 5, ""minor"": 2, ""provenance"": {""layer"": ""intrastep-local"", ""loc"": ""MemoryWrite(zirgen/circuit/rv32im/v2/dsl/mem.zir:99)"", ""value"": 2013265920, ""verified"": true, ""predicted"": 2013265920, ""observed"": 2013265920, ""formula"": ""(mutated - original) mod p"", ""original"": 3, ""mutated"": 2}}]"
arguzz_LOAD_VAL_MOD_s1,arguzz,,LOAD_VAL_MOD,load_x,1,193,191,2,,,CONSTRAINT_REJECT,1,0,0,1/0/0,1,"[{""layer"": ""intrastep-local"", ""full_loc"": ""MemoryWrite(zirgen/circuit/rv32im/v2/dsl/mem.zir:99)"", ""residue"": 2013265920, ""cycle"": 14464, ""step"": 191, ""major"": 5, ""minor"": 2, ""provenance"": {""layer"": ""intrastep-local"", ""loc"": ""MemoryWrite(zirgen/circuit/rv32im/v2/dsl/mem.zir:99)"", ""value"": 2013265920, ""verified"": true, ""predicted"": 2013265920, ""observed"": 2013265920, ""formula"": ""(mutated - original) mod p"", ""original"": 3, ""mutated"": 2}}]"
arguzz_LOAD_VAL_MOD_s2,arguzz,,LOAD_VAL_MOD,load_x,2,193,191,0,,,CONSTRAINT_REJECT,1,0,0,1/0/0,1,"[{""layer"": ""intrastep-local"", ""full_loc"": ""MemoryWrite(zirgen/circuit/rv32im/v2/dsl/mem.zir:99)"", ""residue"": 2013265918, ""cycle"": 14464, ""step"": 191, ""major"": 5, ""minor"": 2, ""provenance"": {""layer"": ""intrastep-local"", ""loc"": ""MemoryWrite(zirgen/circuit/rv32im/v2/dsl/mem.zir:99)"", ""value"": 2013265918, ""verified"": true, ""predicted"": 2013265918, ""observed"": 2013265918, ""formula"": ""(mutated - original) mod p"", ""original"": 3, ""mutated"": 0}}]"
arguzz_LOAD_VAL_MOD_s3,arguzz,,LOAD_VAL_MOD,load_x,3,193,191,4,,,CONSTRAINT_REJECT,1,0,0,1/0/0,1,"[{""layer"": ""intrastep-local"", ""full_loc"": ""MemoryWrite(zirgen/circuit/rv32im/v2/dsl/mem.zir:99)"", ""residue"": 1, ""cycle"": 14464, ""step"": 191, ""major"": 5, ""minor"": 2, ""provenance"": {""layer"": ""intrastep-local"", ""loc"": ""MemoryWrite(zirgen/circuit/rv32im/v2/dsl/mem.zir:99)"", ""value"": 1, ""verified"": true, ""predicted"": 1, ""observed"": 1, ""formula"": ""(mutated - original) mod p"", ""original"": 3, ""mutated"": 4}}]"
arguzz_LOAD_VAL_MOD_s4,arguzz,,LOAD_VAL_MOD,load_x,4,193,191,4,,,CONSTRAINT_REJECT,1,0,0,1/0/0,1,"[{""layer"": ""intrastep-local"", ""full_loc"": ""MemoryWrite(zirgen/circuit/rv32im/v2/dsl/mem.zir:99)"", ""residue"": 1, ""cycle"": 14464, ""step"": 191, ""major"": 5, ""minor"": 2, ""provenance"": {""layer"": ""intrastep-local"", ""loc"": ""MemoryWrite(zirgen/circuit/rv32im/v2/dsl/mem.zir:99)"", ""value"": 1, ""verified"": true, ""predicted"": 1, ""observed"": 1, ""formula"": ""(mutated - original) mod p"", ""original"": 3, ""mutated"": 4}}]"
arguzz_STORE_OUT_MOD_s0,arguzz,,STORE_OUT_MOD,store,0,196,194,6,,,CONSTRAINT_REJECT,1,0,0,1/0/0,1,"[{""layer"": ""intrastep-local"", ""full_loc"": ""MemoryWrite(zirgen/circuit/rv32im/v2/dsl/mem.zir:99)"", ""residue"": 2013265920, ""cycle"": 14467, ""step"": 194, ""major"": 6, ""minor"": 2, ""provenance"": {""layer"": ""intrastep-local"", ""loc"": ""MemoryWrite(zirgen/circuit/rv32im/v2/dsl/mem.zir:99)"", ""value"": 2013265920, ""verified"": true, ""predicted"": 2013265920, ""observed"": 2013265920, ""formula"": ""(mutated - original) mod p"", ""original"": 7, ""mutated"": 6}}]"
arguzz_STORE_OUT_MOD_s1,arguzz,,STORE_OUT_MOD,store,1,196,194,6,,,CONSTRAINT_REJECT,1,0,0,1/0/0,1,"[{""layer"": ""intrastep-local"", ""full_loc"": ""MemoryWrite(zirgen/circuit/rv32im/v2/dsl/mem.zir:99)"", ""residue"": 2013265920, ""cycle"": 14467, ""step"": 194, ""major"": 6, ""minor"": 2, ""provenance"": {""layer"": ""intrastep-local"", ""loc"": ""MemoryWrite(zirgen/circuit/rv32im/v2/dsl/mem.zir:99)"", ""value"": 2013265920, ""verified"": true, ""predicted"": 2013265920, ""observed"": 2013265920, ""formula"": ""(mutated - original) mod p"", ""original"": 7, ""mutated"": 6}}]"
arguzz_STORE_OUT_MOD_s2,arguzz,,STORE_OUT_MOD,store,2,196,194,0,,,CONSTRAINT_REJECT,1,0,0,1/0/0,1,"[{""layer"": ""intrastep-local"", ""full_loc"": ""MemoryWrite(zirgen/circuit/rv32im/v2/dsl/mem.zir:99)"", ""residue"": 2013265914, ""cycle"": 14467, ""step"": 194, ""major"": 6, ""minor"": 2, ""provenance"": {""layer"": ""intrastep-local"", ""loc"": ""MemoryWrite(zirgen/circuit/rv32im/v2/dsl/mem.zir:99)"", ""value"": 2013265914, ""verified"": true, ""predicted"": 2013265914, ""observed"": 2013265914, ""formula"": ""(mutated - original) mod p"", ""original"": 7, ""mutated"": 0}}]"
arguzz_STORE_OUT_MOD_s3,arguzz,,STORE_OUT_MOD,store,3,196,194,8,,,CONSTRAINT_REJECT,1,0,0,1/0/0,1,"[{""layer"": ""intrastep-local"", ""full_loc"": ""MemoryWrite(zirgen/circuit/rv32im/v2/dsl/mem.zir:99)"", ""residue"": 1, ""cycle"": 14467, ""step"": 194, ""major"": 6, ""minor"": 2, ""provenance"": {""layer"": ""intrastep-local"", ""loc"": ""MemoryWrite(zirgen/circuit/rv32im/v2/dsl/mem.zir:99)"", ""value"": 1, ""verified"": true, ""predicted"": 1, ""observed"": 1, ""formula"": ""(mutated - original) mod p"", ""original"": 7, ""mutated"": 8}}]"
arguzz_STORE_OUT_MOD_s4,arguzz,,STORE_OUT_MOD,store,4,196,194,8,,,CONSTRAINT_REJECT,1,0,0,1/0/0,1,"[{""layer"": ""intrastep-local"", ""full_loc"": ""MemoryWrite(zirgen/circuit/rv32im/v2/dsl/mem.zir:99)"", ""residue"": 1, ""cycle"": 14467, ""step"": 194, ""major"": 6, ""minor"": 2, ""provenance"": {""layer"": ""intrastep-local"", ""loc"": ""MemoryWrite(zirgen/circuit/rv32im/v2/dsl/mem.zir:99)"", ""value"": 1, ""verified"": true, ""predicted"": 1, ""observed"": 1, ""formula"": ""(mutated - original) mod p"", ""original"": 7, ""mutated"": 8}}]"
a4_full_COMP_OUT_MOD_s0,a4,FULL,COMP_OUT_MOD,add,0,195,193,6,,,CONSTRAINT_REJECT,1,0,1,1/0/1,1,"[{""layer"": ""intrastep-local"", ""full_loc"": ""MemoryWrite(zirgen/circuit/rv32im/v2/dsl/mem.zir:99)"", ""residue"": 2013265920, ""cycle"": 14466, ""step"": 193, ""major"": 0, ""minor"": 0, ""provenance"": {""layer"": ""intrastep-local"", ""loc"": ""MemoryWrite(zirgen/circuit/rv32im/v2/dsl/mem.zir:99)"", ""value"": 2013265920, ""verified"": true, ""predicted"": 2013265920, ""observed"": 2013265920, ""formula"": ""(mutated - original) mod p"", ""original"": 7, ""mutated"": 6}}, {""layer"": ""global"", ""full_loc"": ""GLOBAL:family:memory residue nonzero"", ""residue"": null, ""cycle"": null, ""step"": null, ""major"": null, ""minor"": null, ""provenance"": null, ""family"": ""memory"", ""address"": null}]"
a4_full_COMP_OUT_MOD_s1,a4,FULL,COMP_OUT_MOD,add,1,195,193,6,,,CONSTRAINT_REJECT,1,0,1,1/0/1,1,"[{""layer"": ""intrastep-local"", ""full_loc"": ""MemoryWrite(zirgen/circuit/rv32im/v2/dsl/mem.zir:99)"", ""residue"": 2013265920, ""cycle"": 14466, ""step"": 193, ""major"": 0, ""minor"": 0, ""provenance"": {""layer"": ""intrastep-local"", ""loc"": ""MemoryWrite(zirgen/circuit/rv32im/v2/dsl/mem.zir:99)"", ""value"": 2013265920, ""verified"": true, ""predicted"": 2013265920, ""observed"": 2013265920, ""formula"": ""(mutated - original) mod p"", ""original"": 7, ""mutated"": 6}}, {""layer"": ""global"", ""full_loc"": ""GLOBAL:family:memory residue nonzero"", ""residue"": null, ""cycle"": null, ""step"": null, ""major"": null, ""minor"": null, ""provenance"": null, ""family"": ""memory"", ""address"": null}]"
a4_full_COMP_OUT_MOD_s2,a4,FULL,COMP_OUT_MOD,add,2,195,193,0,,,CONSTRAINT_REJECT,1,0,1,1/0/1,1,"[{""layer"": ""intrastep-local"", ""full_loc"": ""MemoryWrite(zirgen/circuit/rv32im/v2/dsl/mem.zir:99)"", ""residue"": 2013265914, ""cycle"": 14466, ""step"": 193, ""major"": 0, ""minor"": 0, ""provenance"": {""layer"": ""intrastep-local"", ""loc"": ""MemoryWrite(zirgen/circuit/rv32im/v2/dsl/mem.zir:99)"", ""value"": 2013265914, ""verified"": true, ""predicted"": 2013265914, ""observed"": 2013265914, ""formula"": ""(mutated - original) mod p"", ""original"": 7, ""mutated"": 0}}, {""layer"": ""global"", ""full_loc"": ""GLOBAL:family:memory residue nonzero"", ""residue"": null, ""cycle"": null, ""step"": null, ""major"": null, ""minor"": null, ""provenance"": null, ""family"": ""memory"", ""address"": null}]"
a4_full_COMP_OUT_MOD_s3,a4,FULL,COMP_OUT_MOD,add,3,195,193,8,,,CONSTRAINT_REJECT,1,0,1,1/0/1,1,"[{""layer"": ""intrastep-local"", ""full_loc"": ""MemoryWrite(zirgen/circuit/rv32im/v2/dsl/mem.zir:99)"", ""residue"": 1, ""cycle"": 14466, ""step"": 193, ""major"": 0, ""minor"": 0, ""provenance"": {""layer"": ""intrastep-local"", ""loc"": ""MemoryWrite(zirgen/circuit/rv32im/v2/dsl/mem.zir:99)"", ""value"": 1, ""verified"": true, ""predicted"": 1, ""observed"": 1, ""formula"": ""(mutated - original) mod p"", ""original"": 7, ""mutated"": 8}}, {""layer"": ""global"", ""full_loc"": ""GLOBAL:family:memory residue nonzero"", ""residue"": null, ""cycle"": null, ""step"": null, ""major"": null, ""minor"": null, ""provenance"": null, ""family"": ""memory"", ""address"": null}]"
a4_full_COMP_OUT_MOD_s4,a4,FULL,COMP_OUT_MOD,add,4,195,193,8,,,CONSTRAINT_REJECT,1,0,1,1/0/1,1,"[{""layer"": ""intrastep-local"", ""full_loc"": ""MemoryWrite(zirgen/circuit/rv32im/v2/dsl/mem.zir:99)"", ""residue"": 1, ""cycle"": 14466, ""step"": 193, ""major"": 0, ""minor"": 0, ""provenance"": {""layer"": ""intrastep-local"", ""loc"": ""MemoryWrite(zirgen/circuit/rv32im/v2/dsl/mem.zir:99)"", ""value"": 1, ""verified"": true, ""predicted"": 1, ""observed"": 1, ""formula"": ""(mutated - original) mod p"", ""original"": 7, ""mutated"": 8}}, {""layer"": ""global"", ""full_loc"": ""GLOBAL:family:memory residue nonzero"", ""residue"": null, ""cycle"": null, ""step"": null, ""major"": null, ""minor"": null, ""provenance"": null, ""family"": ""memory"", ""address"": null}]"
a4_full_INSTR_WORD_MOD_s0,a4,FULL,INSTR_WORD_MOD,add,0,195,193,,0x00c5c5b3,operation,CONSTRAINT_REJECT,1,0,1,1/0/1,1,"[{""layer"": ""intrastep-local"", ""full_loc"": ""loc(callsite( VerifyOpcodeF3F7 ( zirgen/circuit/rv32im/v2/dsl/inst.zir :103:18) at callsite( OpADD ( zirgen/circuit/rv32im/v2/dsl/inst_misc.zir :90:20) at  Misc0 ( zirgen/circuit/rv32im/v2/dsl/inst_misc.zir :33:28))))"", ""residue"": 4, ""cycle"": 14466, ""step"": 193, ""major"": 0, ""minor"": 0, ""provenance"": {""layer"": ""intrastep-local"", ""loc"": ""loc(callsite( VerifyOpcodeF3F7 ( zirgen/circuit/rv32im/v2/dsl/inst.zir :103:18) at callsite( OpADD ( zirgen/circuit/rv32"", ""value"": 4, ""verified"": false, ""reason"": ""non-scalar mutation""}}, {""layer"": ""global"", ""full_loc"": ""GLOBAL:family:memory residue nonzero"", ""residue"": null, ""cycle"": null, ""step"": null, ""major"": null, ""minor"": null, ""provenance"": null, ""family"": ""memory"", ""address"": null}]"
a4_full_INSTR_WORD_MOD_s10,a4,FULL,INSTR_WORD_MOD,add,10,195,193,,0x00c58593,format_change,CONSTRAINT_REJECT,1,0,1,1/0/1,1,"[{""layer"": ""intrastep-local"", ""full_loc"": ""loc(callsite( VerifyOpcodeF3F7 ( zirgen/circuit/rv32im/v2/dsl/inst.zir :102:19) at callsite( OpADD ( zirgen/circuit/rv32im/v2/dsl/inst_misc.zir :90:20) at  Misc0 ( zirgen/circuit/rv32im/v2/dsl/inst_misc.zir :33:28))))"", ""residue"": 2013265889, ""cycle"": 14466, ""step"": 193, ""major"": 0, ""minor"": 0, ""provenance"": {""layer"": ""intrastep-local"", ""loc"": ""loc(callsite( VerifyOpcodeF3F7 ( zirgen/circuit/rv32im/v2/dsl/inst.zir :102:19) at callsite( OpADD ( zirgen/circuit/rv32"", ""value"": 2013265889, ""verified"": false, ""reason"": ""non-scalar mutation""}}, {""layer"": ""global"", ""full_loc"": ""GLOBAL:family:memory residue nonzero"", ""residue"": null, ""cycle"": null, ""step"": null, ""major"": null, ""minor"": null, ""provenance"": null, ""family"": ""memory"", ""address"": null}]"
a4_full_INSTR_WORD_MOD_s11,a4,FULL,INSTR_WORD_MOD,add,11,195,193,,0x00c581b3,dest_reg,GLOBAL_REJECT,0,0,1,0/0/1,0,"[{""layer"": ""global"", ""full_loc"": ""GLOBAL:family:memory residue nonzero"", ""residue"": null, ""cycle"": null, ""step"": null, ""major"": null, ""minor"": null, ""provenance"": null, ""family"": ""memory"", ""address"": null}]"
a4_full_INSTR_WORD_MOD_s12,a4,FULL,INSTR_WORD_MOD,add,12,195,193,,0x008585b3,src_reg,GLOBAL_REJECT,0,0,1,0/0/1,0,"[{""layer"": ""global"", ""full_loc"": ""GLOBAL:family:memory residue nonzero"", ""residue"": null, ""cycle"": null, ""step"": null, ""major"": null, ""minor"": null, ""provenance"": null, ""family"": ""memory"", ""address"": null}]"
a4_full_INSTR_WORD_MOD_s13,a4,FULL,INSTR_WORD_MOD,add,13,195,193,,0x00c785b3,src_reg,GLOBAL_REJECT,0,0,1,0/0/1,0,"[{""layer"": ""global"", ""full_loc"": ""GLOBAL:family:memory residue nonzero"", ""residue"": null, ""cycle"": null, ""step"": null, ""major"": null, ""minor"": null, ""provenance"": null, ""family"": ""memory"", ""address"": null}]"
a4_full_INSTR_WORD_MOD_s14,a4,FULL,INSTR_WORD_MOD,add,14,195,193,,0x00d585b3,src_reg,GLOBAL_REJECT,0,0,1,0/0/1,0,"[{""layer"": ""global"", ""full_loc"": ""GLOBAL:family:memory residue nonzero"", ""residue"": null, ""cycle"": null, ""step"": null, ""major"": null, ""minor"": null, ""provenance"": null, ""family"": ""memory"", ""address"": null}]"
a4_full_INSTR_WORD_MOD_s15,a4,FULL,INSTR_WORD_MOD,add,15,195,193,,0x9a780f93,format_change,CONSTRAINT_REJECT,2,0,1,2/0/1,2,"[{""layer"": ""intrastep-local"", ""full_loc"": ""loc(callsite( VerifyOpcodeF3F7 ( zirgen/circuit/rv32im/v2/dsl/inst.zir :102:19) at callsite( OpADD ( zirgen/circuit/rv32im/v2/dsl/inst_misc.zir :90:20) at  Misc0 ( zirgen/circuit/rv32im/v2/dsl/inst_misc.zir :33:28))))"", ""residue"": 2013265889, ""cycle"": 14466, ""step"": 193, ""major"": 0, ""minor"": 0, ""provenance"": {""layer"": ""intrastep-local"", ""loc"": ""loc(callsite( VerifyOpcodeF3F7 ( zirgen/circuit/rv32im/v2/dsl/inst.zir :102:19) at callsite( OpADD ( zirgen/circuit/rv32"", ""value"": 2013265889, ""verified"": false, ""reason"": ""non-scalar mutation""}}, {""layer"": ""intrastep-local"", ""full_loc"": ""loc(callsite( VerifyOpcodeF3F7 ( zirgen/circuit/rv32im/v2/dsl/inst.zir :104:18) at callsite( OpADD ( zirgen/circuit/rv32im/v2/dsl/inst_misc.zir :90:20) at  Misc0 ( zirgen/circuit/rv32im/v2/dsl/inst_misc.zir :33:28))))"", ""residue"": 77, ""cycle"": 14466, ""step"": 193, ""major"": 0, ""minor"": 0, ""provenance"": {""layer"": ""intrastep-local"", ""loc"": ""loc(callsite( VerifyOpcodeF3F7 ( zirgen/circuit/rv32im/v2/dsl/inst.zir :104:18) at callsite( OpADD ( zirgen/circuit/rv32"", ""value"": 77, ""verified"": false, ""reason"": ""non-scalar mutation""}}, {""layer"": ""global"", ""full_loc"": ""GLOBAL:family:memory residue nonzero"", ""residue"": null, ""cycle"": null, ""step"": null, ""major"": null, ""minor"": null, ""provenance"": null, ""family"": ""memory"", ""address"": null}]"
a4_full_INSTR_WORD_MOD_s16,a4,FULL,INSTR_WORD_MOD,add,16,195,193,,0x20c5c493,format_change,CONSTRAINT_REJECT,3,0,1,3/0/1,3,"[{""layer"": ""intrastep-local"", ""full_loc"": ""loc(callsite( VerifyOpcodeF3F7 ( zirgen/circuit/rv32im/v2/dsl/inst.zir :102:19) at callsite( OpADD ( zirgen/circuit/rv32im/v2/dsl/inst_misc.zir :90:20) at  Misc0 ( zirgen/circuit/rv32im/v2/dsl/inst_misc.zir :33:28))))"", ""residue"": 2013265889, ""cycle"": 14466, ""step"": 193, ""major"": 0, ""minor"": 0, ""provenance"": {""layer"": ""intrastep-local"", ""loc"": ""loc(callsite( VerifyOpcodeF3F7 ( zirgen/circuit/rv32im/v2/dsl/inst.zir :102:19) at callsite( OpADD ( zirgen/circuit/rv32"", ""value"": 2013265889, ""verified"": false, ""reason"": ""non-scalar mutation""}}, {""layer"": ""intrastep-local"", ""full_loc"": ""loc(callsite( VerifyOpcodeF3F7 ( zirgen/circuit/rv32im/v2/dsl/inst.zir :103:18) at callsite( OpADD ( zirgen/circuit/rv32im/v2/dsl/inst_misc.zir :90:20) at  Misc0 ( zirgen/circuit/rv32im/v2/dsl/inst_misc.zir :33:28))))"", ""residue"": 4, ""cycle"": 14466, ""step"": 193, ""major"": 0, ""minor"": 0, ""provenance"": {""layer"": ""intrastep-local"", ""loc"": ""loc(callsite( VerifyOpcodeF3F7 ( zirgen/circuit/rv32im/v2/dsl/inst.zir :103:18) at callsite( OpADD ( zirgen/circuit/rv32"", ""value"": 4, ""verified"": false, ""reason"": ""non-scalar mutation""}}, {""layer"": ""intrastep-local"", ""full_loc"": ""loc(callsite( VerifyOpcodeF3F7 ( zirgen/circuit/rv32im/v2/dsl/inst.zir :104:18) at callsite( OpADD ( zirgen/circuit/rv32im/v2/dsl/inst_misc.zir :90:20) at  Misc0 ( zirgen/circuit/rv32im/v2/dsl/inst_misc.zir :33:28))))"", ""residue"": 16, ""cycle"": 14466, ""step"": 193, ""major"": 0, ""minor"": 0, ""provenance"": {""layer"": ""intrastep-local"", ""loc"": ""loc(callsite( VerifyOpcodeF3F7 ( zirgen/circuit/rv32im/v2/dsl/inst.zir :104:18) at callsite( OpADD ( zirgen/circuit/rv32"", ""value"": 16, ""verified"": false, ""reason"": ""non-scalar mutation""}}, {""layer"": ""global"", ""full_loc"": ""GLOBAL:family:memory residue nonzero"", ""residue"": null, ""cycle"": null, ""step"": null, ""major"": null, ""minor"": null, ""provenance"": null, ""family"": ""memory"", ""address"": null}]"
a4_full_INSTR_WORD_MOD_s18,a4,FULL,INSTR_WORD_MOD,add,18,195,193,,0x00c5a5b3,operation,CONSTRAINT_REJECT,1,0,1,1/0/1,1,"[{""layer"": ""intrastep-local"", ""full_loc"": ""loc(callsite( VerifyOpcodeF3F7 ( zirgen/circuit/rv32im/v2/dsl/inst.zir :103:18) at callsite( OpADD ( zirgen/circuit/rv32im/v2/dsl/inst_misc.zir :90:20) at  Misc0 ( zirgen/circuit/rv32im/v2/dsl/inst_misc.zir :33:28))))"", ""residue"": 2, ""cycle"": 14466, ""step"": 193, ""major"": 0, ""minor"": 0, ""provenance"": {""layer"": ""intrastep-local"", ""loc"": ""loc(callsite( VerifyOpcodeF3F7 ( zirgen/circuit/rv32im/v2/dsl/inst.zir :103:18) at callsite( OpADD ( zirgen/circuit/rv32"", ""value"": 2, ""verified"": false, ""reason"": ""non-scalar mutation""}}, {""layer"": ""global"", ""full_loc"": ""GLOBAL:family:memory residue nonzero"", ""residue"": null, ""cycle"": null, ""step"": null, ""major"": null, ""minor"": null, ""provenance"": null, ""family"": ""memory"", ""address"": null}]"
a4_full_INSTR_WORD_MOD_s19,a4,FULL,INSTR_WORD_MOD,add,19,195,193,,0x00c5c5b3,operation,CONSTRAINT_REJECT,1,0,1,1/0/1,1,"[{""layer"": ""intrastep-local"", ""full_loc"": ""loc(callsite( VerifyOpcodeF3F7 ( zirgen/circuit/rv32im/v2/dsl/inst.zir :103:18) at callsite( OpADD ( zirgen/circuit/rv32im/v2/dsl/inst_misc.zir :90:20) at  Misc0 ( zirgen/circuit/rv32im/v2/dsl/inst_misc.zir :33:28))))"", ""residue"": 4, ""cycle"": 14466, ""step"": 193, ""major"": 0, ""minor"": 0, ""provenance"": {""layer"": ""intrastep-local"", ""loc"": ""loc(callsite( VerifyOpcodeF3F7 ( zirgen/circuit/rv32im/v2/dsl/inst.zir :103:18) at callsite( OpADD ( zirgen/circuit/rv32"", ""value"": 4, ""verified"": false, ""reason"": ""non-scalar mutation""}}, {""layer"": ""global"", ""full_loc"": ""GLOBAL:family:memory residue nonzero"", ""residue"": null, ""cycle"": null, ""step"": null, ""major"": null, ""minor"": null, ""provenance"": null, ""family"": ""memory"", ""address"": null}]"
a4_full_INSTR_WORD_MOD_s2,a4,FULL,INSTR_WORD_MOD,add,2,195,193,,0x00c581b3,dest_reg,GLOBAL_REJECT,0,0,1,0/0/1,0,"[{""layer"": ""global"", ""full_loc"": ""GLOBAL:family:memory residue nonzero"", ""residue"": null, ""cycle"": null, ""step"": null, ""major"": null, ""minor"": null, ""provenance"": null, ""family"": ""memory"", ""address"": null}]"
a4_full_INSTR_WORD_MOD_s20,a4,FULL,INSTR_WORD_MOD,add,20,195,193,,0x00c5c5b3,operation,CONSTRAINT_REJECT,1,0,1,1/0/1,1,"[{""layer"": ""intrastep-local"", ""full_loc"": ""loc(callsite( VerifyOpcodeF3F7 ( zirgen/circuit/rv32im/v2/dsl/inst.zir :103:18) at callsite( OpADD ( zirgen/circuit/rv32im/v2/dsl/inst_misc.zir :90:20) at  Misc0 ( zirgen/circuit/rv32im/v2/dsl/inst_misc.zir :33:28))))"", ""residue"": 4, ""cycle"": 14466, ""step"": 193, ""major"": 0, ""minor"": 0, ""provenance"": {""layer"": ""intrastep-local"", ""loc"": ""loc(callsite( VerifyOpcodeF3F7 ( zirgen/circuit/rv32im/v2/dsl/inst.zir :103:18) at callsite( OpADD ( zirgen/circuit/rv32"", ""value"": 4, ""verified"": false, ""reason"": ""non-scalar mutation""}}, {""layer"": ""global"", ""full_loc"": ""GLOBAL:family:memory residue nonzero"", ""residue"": null, ""cycle"": null, ""step"": null, ""major"": null, ""minor"": null, ""provenance"": null, ""family"": ""memory"", ""address"": null}]"
a4_full_INSTR_WORD_MOD_s21,a4,FULL,INSTR_WORD_MOD,add,21,195,193,,0x00c58db3,dest_reg,GLOBAL_REJECT,0,0,1,0/0/1,0,"[{""layer"": ""global"", ""full_loc"": ""GLOBAL:family:memory residue nonzero"", ""residue"": null, ""cycle"": null, ""step"": null, ""major"": null, ""minor"": null, ""provenance"": null, ""family"": ""memory"", ""address"": null}]"
a4_full_INSTR_WORD_MOD_s22,a4,FULL,INSTR_WORD_MOD,add,22,195,193,,0x00c585a3,format_change,CONSTRAINT_REJECT,1,0,1,1/0/1,1,"[{""layer"": ""intrastep-local"", ""full_loc"": ""loc(callsite( VerifyOpcodeF3F7 ( zirgen/circuit/rv32im/v2/dsl/inst.zir :102:19) at callsite( OpADD ( zirgen/circuit/rv32im/v2/dsl/inst_misc.zir :90:20) at  Misc0 ( zirgen/circuit/rv32im/v2/dsl/inst_misc.zir :33:28))))"", ""residue"": 2013265905, ""cycle"": 14466, ""step"": 193, ""major"": 0, ""minor"": 0, ""provenance"": {""layer"": ""intrastep-local"", ""loc"": ""loc(callsite( VerifyOpcodeF3F7 ( zirgen/circuit/rv32im/v2/dsl/inst.zir :102:19) at callsite( OpADD ( zirgen/circuit/rv32"", ""value"": 2013265905, ""verified"": false, ""reason"": ""non-scalar mutation""}}, {""layer"": ""global"", ""full_loc"": ""GLOBAL:family:memory residue nonzero"", ""residue"": null, ""cycle"": null, ""step"": null, ""major"": null, ""minor"": null, ""provenance"": null, ""family"": ""memory"", ""address"": null}]"
a4_full_INSTR_WORD_MOD_s23,a4,FULL,INSTR_WORD_MOD,add,23,195,193,,0x00c584b3,dest_reg,GLOBAL_REJECT,0,0,1,0/0/1,0,"[{""layer"": ""global"", ""full_loc"": ""GLOBAL:family:memory residue nonzero"", ""residue"": null, ""cycle"": null, ""step"": null, ""major"": null, ""minor"": null, ""provenance"": null, ""family"": ""memory"", ""address"": null}]"
a4_full_INSTR_WORD_MOD_s24,a4,FULL,INSTR_WORD_MOD,add,24,195,193,,0x00c58533,dest_reg_a0,GLOBAL_REJECT,0,0,1,0/0/1,0,"[{""layer"": ""global"", ""full_loc"": ""GLOBAL:family:memory residue nonzero"", ""residue"": null, ""cycle"": null, ""step"": null, ""major"": null, ""minor"": null, ""provenance"": null, ""family"": ""memory"", ""address"": null}]"
a4_full_INSTR_WORD_MOD_s26,a4,FULL,INSTR_WORD_MOD,add,26,195,193,,0x00c581b3,dest_reg,GLOBAL_REJECT,0,0,1,0/0/1,0,"[{""layer"": ""global"", ""full_loc"": ""GLOBAL:family:memory residue nonzero"", ""residue"": null, ""cycle"": null, ""step"": null, ""major"": null, ""minor"": null, ""provenance"": null, ""family"": ""memory"", ""address"": null}]"
a4_full_INSTR_WORD_MOD_s28,a4,FULL,INSTR_WORD_MOD,add,28,195,193,,0x02c585b3,operation,CONSTRAINT_REJECT,1,0,1,1/0/1,1,"[{""layer"": ""intrastep-local"", ""full_loc"": ""loc(callsite( VerifyOpcodeF3F7 ( zirgen/circuit/rv32im/v2/dsl/inst.zir :104:18) at callsite( OpADD ( zirgen/circuit/rv32im/v2/dsl/inst_misc.zir :90:20) at  Misc0 ( zirgen/circuit/rv32im/v2/dsl/inst_misc.zir :33:28))))"", ""residue"": 1, ""cycle"": 14466, ""step"": 193, ""major"": 0, ""minor"": 0, ""provenance"": {""layer"": ""intrastep-local"", ""loc"": ""loc(callsite( VerifyOpcodeF3F7 ( zirgen/circuit/rv32im/v2/dsl/inst.zir :104:18) at callsite( OpADD ( zirgen/circuit/rv32"", ""value"": 1, ""verified"": false, ""reason"": ""non-scalar mutation""}}, {""layer"": ""global"", ""full_loc"": ""GLOBAL:family:memory residue nonzero"", ""residue"": null, ""cycle"": null, ""step"": null, ""major"": null, ""minor"": null, ""provenance"": null, ""family"": ""memory"", ""address"": null}]"
a4_full_INSTR_WORD_MOD_s3,a4,FULL,INSTR_WORD_MOD,add,3,195,193,,0x004585b3,src_reg,GLOBAL_REJECT,0,0,1,0/0/1,0,"[{""layer"": ""global"", ""full_loc"": ""GLOBAL:family:memory residue nonzero"", ""residue"": null, ""cycle"": null, ""step"": null, ""major"": null, ""minor"": null, ""provenance"": null, ""family"": ""memory"", ""address"": null}]"
a4_full_INSTR_WORD_MOD_s30,a4,FULL,INSTR_WORD_MOD,add,30,195,193,,0x00c587b3,dest_reg,GLOBAL_REJECT,0,0,1,0/0/1,0,"[{""layer"": ""global"", ""full_loc"": ""GLOBAL:family:memory residue nonzero"", ""residue"": null, ""cycle"": null, ""step"": null, ""major"": null, ""minor"": null, ""provenance"": null, ""family"": ""memory"", ""address"": null}]"
a4_full_INSTR_WORD_MOD_s4,a4,FULL,INSTR_WORD_MOD,add,4,195,193,,0x00e585b3,src_reg,GLOBAL_REJECT,0,0,1,0/0/1,0,"[{""layer"": ""global"", ""full_loc"": ""GLOBAL:family:memory residue nonzero"", ""residue"": null, ""cycle"": null, ""step"": null, ""major"": null, ""minor"": null, ""provenance"": null, ""family"": ""memory"", ""address"": null}]"
a4_full_INSTR_WORD_MOD_s5,a4,FULL,INSTR_WORD_MOD,add,5,195,193,,0x00c595b3,operation,CONSTRAINT_REJECT,1,0,1,1/0/1,1,"[{""layer"": ""intrastep-local"", ""full_loc"": ""loc(callsite( VerifyOpcodeF3F7 ( zirgen/circuit/rv32im/v2/dsl/inst.zir :103:18) at callsite( OpADD ( zirgen/circuit/rv32im/v2/dsl/inst_misc.zir :90:20) at  Misc0 ( zirgen/circuit/rv32im/v2/dsl/inst_misc.zir :33:28))))"", ""residue"": 1, ""cycle"": 14466, ""step"": 193, ""major"": 0, ""minor"": 0, ""provenance"": {""layer"": ""intrastep-local"", ""loc"": ""loc(callsite( VerifyOpcodeF3F7 ( zirgen/circuit/rv32im/v2/dsl/inst.zir :103:18) at callsite( OpADD ( zirgen/circuit/rv32"", ""value"": 1, ""verified"": false, ""reason"": ""non-scalar mutation""}}, {""layer"": ""global"", ""full_loc"": ""GLOBAL:family:memory residue nonzero"", ""residue"": null, ""cycle"": null, ""step"": null, ""major"": null, ""minor"": null, ""provenance"": null, ""family"": ""memory"", ""address"": null}]"
a4_full_INSTR_WORD_MOD_s6,a4,FULL,INSTR_WORD_MOD,add,6,195,193,,0x00c595b3,operation,CONSTRAINT_REJECT,1,0,1,1/0/1,1,"[{""layer"": ""intrastep-local"", ""full_loc"": ""loc(callsite( VerifyOpcodeF3F7 ( zirgen/circuit/rv32im/v2/dsl/inst.zir :103:18) at callsite( OpADD ( zirgen/circuit/rv32im/v2/dsl/inst_misc.zir :90:20) at  Misc0 ( zirgen/circuit/rv32im/v2/dsl/inst_misc.zir :33:28))))"", ""residue"": 1, ""cycle"": 14466, ""step"": 193, ""major"": 0, ""minor"": 0, ""provenance"": {""layer"": ""intrastep-local"", ""loc"": ""loc(callsite( VerifyOpcodeF3F7 ( zirgen/circuit/rv32im/v2/dsl/inst.zir :103:18) at callsite( OpADD ( zirgen/circuit/rv32"", ""value"": 1, ""verified"": false, ""reason"": ""non-scalar mutation""}}, {""layer"": ""global"", ""full_loc"": ""GLOBAL:family:memory residue nonzero"", ""residue"": null, ""cycle"": null, ""step"": null, ""major"": null, ""minor"": null, ""provenance"": null, ""family"": ""memory"", ""address"": null}]"
a4_full_INSTR_WORD_MOD_s8,a4,FULL,INSTR_WORD_MOD,add,8,195,193,,0x40c585b3,operation,CONSTRAINT_REJECT,1,0,1,1/0/1,1,"[{""layer"": ""intrastep-local"", ""full_loc"": ""loc(callsite( VerifyOpcodeF3F7 ( zirgen/circuit/rv32im/v2/dsl/inst.zir :104:18) at callsite( OpADD ( zirgen/circuit/rv32im/v2/dsl/inst_misc.zir :90:20) at  Misc0 ( zirgen/circuit/rv32im/v2/dsl/inst_misc.zir :33:28))))"", ""residue"": 32, ""cycle"": 14466, ""step"": 193, ""major"": 0, ""minor"": 0, ""provenance"": {""layer"": ""intrastep-local"", ""loc"": ""loc(callsite( VerifyOpcodeF3F7 ( zirgen/circuit/rv32im/v2/dsl/inst.zir :104:18) at callsite( OpADD ( zirgen/circuit/rv32"", ""value"": 32, ""verified"": false, ""reason"": ""non-scalar mutation""}}, {""layer"": ""global"", ""full_loc"": ""GLOBAL:family:memory residue nonzero"", ""residue"": null, ""cycle"": null, ""step"": null, ""major"": null, ""minor"": null, ""provenance"": null, ""family"": ""memory"", ""address"": null}]"
a4_full_LOAD_VAL_MOD_s0,a4,FULL,LOAD_VAL_MOD,load_x,0,193,191,2,,,CONSTRAINT_REJECT,1,0,1,1/0/1,1,"[{""layer"": ""intrastep-local"", ""full_loc"": ""MemoryWrite(zirgen/circuit/rv32im/v2/dsl/mem.zir:99)"", ""residue"": 2013265920, ""cycle"": 14464, ""step"": 191, ""major"": 5, ""minor"": 2, ""provenance"": {""layer"": ""intrastep-local"", ""loc"": ""MemoryWrite(zirgen/circuit/rv32im/v2/dsl/mem.zir:99)"", ""value"": 2013265920, ""verified"": true, ""predicted"": 2013265920, ""observed"": 2013265920, ""formula"": ""(mutated - original) mod p"", ""original"": 3, ""mutated"": 2}}, {""layer"": ""global"", ""full_loc"": ""GLOBAL:family:memory residue nonzero"", ""residue"": null, ""cycle"": null, ""step"": null, ""major"": null, ""minor"": null, ""provenance"": null, ""family"": ""memory"", ""address"": null}]"
a4_full_LOAD_VAL_MOD_s1,a4,FULL,LOAD_VAL_MOD,load_x,1,193,191,2,,,CONSTRAINT_REJECT,1,0,1,1/0/1,1,"[{""layer"": ""intrastep-local"", ""full_loc"": ""MemoryWrite(zirgen/circuit/rv32im/v2/dsl/mem.zir:99)"", ""residue"": 2013265920, ""cycle"": 14464, ""step"": 191, ""major"": 5, ""minor"": 2, ""provenance"": {""layer"": ""intrastep-local"", ""loc"": ""MemoryWrite(zirgen/circuit/rv32im/v2/dsl/mem.zir:99)"", ""value"": 2013265920, ""verified"": true, ""predicted"": 2013265920, ""observed"": 2013265920, ""formula"": ""(mutated - original) mod p"", ""original"": 3, ""mutated"": 2}}, {""layer"": ""global"", ""full_loc"": ""GLOBAL:family:memory residue nonzero"", ""residue"": null, ""cycle"": null, ""step"": null, ""major"": null, ""minor"": null, ""provenance"": null, ""family"": ""memory"", ""address"": null}]"
a4_full_LOAD_VAL_MOD_s2,a4,FULL,LOAD_VAL_MOD,load_x,2,193,191,0,,,CONSTRAINT_REJECT,1,0,1,1/0/1,1,"[{""layer"": ""intrastep-local"", ""full_loc"": ""MemoryWrite(zirgen/circuit/rv32im/v2/dsl/mem.zir:99)"", ""residue"": 2013265918, ""cycle"": 14464, ""step"": 191, ""major"": 5, ""minor"": 2, ""provenance"": {""layer"": ""intrastep-local"", ""loc"": ""MemoryWrite(zirgen/circuit/rv32im/v2/dsl/mem.zir:99)"", ""value"": 2013265918, ""verified"": true, ""predicted"": 2013265918, ""observed"": 2013265918, ""formula"": ""(mutated - original) mod p"", ""original"": 3, ""mutated"": 0}}, {""layer"": ""global"", ""full_loc"": ""GLOBAL:family:memory residue nonzero"", ""residue"": null, ""cycle"": null, ""step"": null, ""major"": null, ""minor"": null, ""provenance"": null, ""family"": ""memory"", ""address"": null}]"
a4_full_LOAD_VAL_MOD_s3,a4,FULL,LOAD_VAL_MOD,load_x,3,193,191,4,,,CONSTRAINT_REJECT,1,0,1,1/0/1,1,"[{""layer"": ""intrastep-local"", ""full_loc"": ""MemoryWrite(zirgen/circuit/rv32im/v2/dsl/mem.zir:99)"", ""residue"": 1, ""cycle"": 14464, ""step"": 191, ""major"": 5, ""minor"": 2, ""provenance"": {""layer"": ""intrastep-local"", ""loc"": ""MemoryWrite(zirgen/circuit/rv32im/v2/dsl/mem.zir:99)"", ""value"": 1, ""verified"": true, ""predicted"": 1, ""observed"": 1, ""formula"": ""(mutated - original) mod p"", ""original"": 3, ""mutated"": 4}}, {""layer"": ""global"", ""full_loc"": ""GLOBAL:family:memory residue nonzero"", ""residue"": null, ""cycle"": null, ""step"": null, ""major"": null, ""minor"": null, ""provenance"": null, ""family"": ""memory"", ""address"": null}]"
a4_full_LOAD_VAL_MOD_s4,a4,FULL,LOAD_VAL_MOD,load_x,4,193,191,4,,,CONSTRAINT_REJECT,1,0,1,1/0/1,1,"[{""layer"": ""intrastep-local"", ""full_loc"": ""MemoryWrite(zirgen/circuit/rv32im/v2/dsl/mem.zir:99)"", ""residue"": 1, ""cycle"": 14464, ""step"": 191, ""major"": 5, ""minor"": 2, ""provenance"": {""layer"": ""intrastep-local"", ""loc"": ""MemoryWrite(zirgen/circuit/rv32im/v2/dsl/mem.zir:99)"", ""value"": 1, ""verified"": true, ""predicted"": 1, ""observed"": 1, ""formula"": ""(mutated - original) mod p"", ""original"": 3, ""mutated"": 4}}, {""layer"": ""global"", ""full_loc"": ""GLOBAL:family:memory residue nonzero"", ""residue"": null, ""cycle"": null, ""step"": null, ""major"": null, ""minor"": null, ""provenance"": null, ""family"": ""memory"", ""address"": null}]"
a4_full_STORE_OUT_MOD_s0,a4,FULL,STORE_OUT_MOD,store,0,196,194,6,,,CONSTRAINT_REJECT,1,0,1,1/0/1,1,"[{""layer"": ""intrastep-local"", ""full_loc"": ""MemoryWrite(zirgen/circuit/rv32im/v2/dsl/mem.zir:99)"", ""residue"": 2013265920, ""cycle"": 14467, ""step"": 194, ""major"": 6, ""minor"": 2, ""provenance"": {""layer"": ""intrastep-local"", ""loc"": ""MemoryWrite(zirgen/circuit/rv32im/v2/dsl/mem.zir:99)"", ""value"": 2013265920, ""verified"": true, ""predicted"": 2013265920, ""observed"": 2013265920, ""formula"": ""(mutated - original) mod p"", ""original"": 7, ""mutated"": 6}}, {""layer"": ""global"", ""full_loc"": ""GLOBAL:family:memory residue nonzero"", ""residue"": null, ""cycle"": null, ""step"": null, ""major"": null, ""minor"": null, ""provenance"": null, ""family"": ""memory"", ""address"": null}]"
a4_full_STORE_OUT_MOD_s1,a4,FULL,STORE_OUT_MOD,store,1,196,194,6,,,CONSTRAINT_REJECT,1,0,1,1/0/1,1,"[{""layer"": ""intrastep-local"", ""full_loc"": ""MemoryWrite(zirgen/circuit/rv32im/v2/dsl/mem.zir:99)"", ""residue"": 2013265920, ""cycle"": 14467, ""step"": 194, ""major"": 6, ""minor"": 2, ""provenance"": {""layer"": ""intrastep-local"", ""loc"": ""MemoryWrite(zirgen/circuit/rv32im/v2/dsl/mem.zir:99)"", ""value"": 2013265920, ""verified"": true, ""predicted"": 2013265920, ""observed"": 2013265920, ""formula"": ""(mutated - original) mod p"", ""original"": 7, ""mutated"": 6}}, {""layer"": ""global"", ""full_loc"": ""GLOBAL:family:memory residue nonzero"", ""residue"": null, ""cycle"": null, ""step"": null, ""major"": null, ""minor"": null, ""provenance"": null, ""family"": ""memory"", ""address"": null}]"
a4_full_STORE_OUT_MOD_s2,a4,FULL,STORE_OUT_MOD,store,2,196,194,0,,,CONSTRAINT_REJECT,1,0,1,1/0/1,1,"[{""layer"": ""intrastep-local"", ""full_loc"": ""MemoryWrite(zirgen/circuit/rv32im/v2/dsl/mem.zir:99)"", ""residue"": 2013265914, ""cycle"": 14467, ""step"": 194, ""major"": 6, ""minor"": 2, ""provenance"": {""layer"": ""intrastep-local"", ""loc"": ""MemoryWrite(zirgen/circuit/rv32im/v2/dsl/mem.zir:99)"", ""value"": 2013265914, ""verified"": true, ""predicted"": 2013265914, ""observed"": 2013265914, ""formula"": ""(mutated - original) mod p"", ""original"": 7, ""mutated"": 0}}, {""layer"": ""global"", ""full_loc"": ""GLOBAL:family:memory residue nonzero"", ""residue"": null, ""cycle"": null, ""step"": null, ""major"": null, ""minor"": null, ""provenance"": null, ""family"": ""memory"", ""address"": null}]"
a4_full_STORE_OUT_MOD_s3,a4,FULL,STORE_OUT_MOD,store,3,196,194,8,,,CONSTRAINT_REJECT,1,0,1,1/0/1,1,"[{""layer"": ""intrastep-local"", ""full_loc"": ""MemoryWrite(zirgen/circuit/rv32im/v2/dsl/mem.zir:99)"", ""residue"": 1, ""cycle"": 14467, ""step"": 194, ""major"": 6, ""minor"": 2, ""provenance"": {""layer"": ""intrastep-local"", ""loc"": ""MemoryWrite(zirgen/circuit/rv32im/v2/dsl/mem.zir:99)"", ""value"": 1, ""verified"": true, ""predicted"": 1, ""observed"": 1, ""formula"": ""(mutated - original) mod p"", ""original"": 7, ""mutated"": 8}}, {""layer"": ""global"", ""full_loc"": ""GLOBAL:family:memory residue nonzero"", ""residue"": null, ""cycle"": null, ""step"": null, ""major"": null, ""minor"": null, ""provenance"": null, ""family"": ""memory"", ""address"": null}]"
a4_full_STORE_OUT_MOD_s4,a4,FULL,STORE_OUT_MOD,store,4,196,194,8,,,CONSTRAINT_REJECT,1,0,1,1/0/1,1,"[{""layer"": ""intrastep-local"", ""full_loc"": ""MemoryWrite(zirgen/circuit/rv32im/v2/dsl/mem.zir:99)"", ""residue"": 1, ""cycle"": 14467, ""step"": 194, ""major"": 6, ""minor"": 2, ""provenance"": {""layer"": ""intrastep-local"", ""loc"": ""MemoryWrite(zirgen/circuit/rv32im/v2/dsl/mem.zir:99)"", ""value"": 1, ""verified"": true, ""predicted"": 1, ""observed"": 1, ""formula"": ""(mutated - original) mod p"", ""original"": 7, ""mutated"": 8}}, {""layer"": ""global"", ""full_loc"": ""GLOBAL:family:memory residue nonzero"", ""residue"": null, ""cycle"": null, ""step"": null, ""major"": null, ""minor"": null, ""provenance"": null, ""family"": ""memory"", ""address"": null}]"
a4_memval_load_x_s0,a4,MEM_VAL,MEM_VAL_MOD,load_x,0,193,191,2654435764,,,CONSTRAINT_REJECT,2,2,1,2/2/1,4,"[{""layer"": ""intrastep-local"", ""full_loc"": ""MemoryWrite(zirgen/circuit/rv32im/v2/dsl/mem.zir:99)"", ""residue"": 2013234768, ""cycle"": 14464, ""step"": 191, ""major"": 5, ""minor"": 2, ""provenance"": {""layer"": ""intrastep-local"", ""loc"": ""MemoryWrite(zirgen/circuit/rv32im/v2/dsl/mem.zir:99)"", ""value"": 2013234768, ""verified"": false, ""predicted_primary"": 1372096081, ""predicted_alt"": 641169840, ""observed"": 2013234768, ""original"": 3, ""mutated"": 2654435764}}, {""layer"": ""intrastep-local"", ""full_loc"": ""MemoryWrite(zirgen/circuit/rv32im/v2/dsl/mem.zir:100)"", ""residue"": 2013225418, ""cycle"": 14464, ""step"": 191, ""major"": 5, ""minor"": 2, ""provenance"": {""layer"": ""intrastep-local"", ""loc"": ""MemoryWrite(zirgen/circuit/rv32im/v2/dsl/mem.zir:100)"", ""value"": 2013225418, ""verified"": false, ""predicted_primary"": 1372096081, ""predicted_alt"": 641169840, ""observed"": 2013225418, ""original"": 3, ""mutated"": 2654435764}}, {""layer"": ""interstep-local"", ""full_loc"": ""loc(callsite( IsRead ( zirgen/circuit/rv32im/v2/dsl/mem.zir :79:22) at  MemoryRead ( zirgen/circuit/rv32im/v2/dsl/mem.zir :90:10)))"", ""residue"": 2013234768, ""cycle"": 14464, ""step"": 191, ""major"": 5, ""minor"": 2, ""provenance"": {""layer"": ""interstep-local"", ""loc"": ""loc(callsite( IsRead ( zirgen/circuit/rv32im/v2/dsl/mem.zir :79:22) at  MemoryRead ( zirgen/circuit/rv32im/v2/dsl/mem.zi"", ""value"": 2013234768, ""verified"": false, ""predicted_primary"": 1372096081, ""predicted_alt"": 641169840, ""observed"": 2013234768, ""original"": 3, ""mutated"": 2654435764}}, {""layer"": ""interstep-local"", ""full_loc"": ""loc(callsite( IsRead ( zirgen/circuit/rv32im/v2/dsl/mem.zir :80:23) at  MemoryRead ( zirgen/circuit/rv32im/v2/dsl/mem.zir :90:10)))"", ""residue"": 2013225418, ""cycle"": 14464, ""step"": 191, ""major"": 5, ""minor"": 2, ""provenance"": {""layer"": ""interstep-local"", ""loc"": ""loc(callsite( IsRead ( zirgen/circuit/rv32im/v2/dsl/mem.zir :80:23) at  MemoryRead ( zirgen/circuit/rv32im/v2/dsl/mem.zi"", ""value"": 2013225418, ""verified"": false, ""predicted_primary"": 1372096081, ""predicted_alt"": 641169840, ""observed"": 2013225418, ""original"": 3, ""mutated"": 2654435764}}, {""layer"": ""global"", ""full_loc"": ""GLOBAL:family:memory residue nonzero"", ""residue"": null, ""cycle"": null, ""step"": null, ""major"": null, ""minor"": null, ""provenance"": null, ""family"": ""memory"", ""address"": null}]"
a4_memval_load_x_s1,a4,MEM_VAL,MEM_VAL_MOD,load_x,1,193,191,1013904229,,,CONSTRAINT_REJECT,2,2,1,2/2/1,4,"[{""layer"": ""intrastep-local"", ""full_loc"": ""MemoryWrite(zirgen/circuit/rv32im/v2/dsl/mem.zir:99)"", ""residue"": 2013203615, ""cycle"": 14464, ""step"": 191, ""major"": 5, ""minor"": 2, ""provenance"": {""layer"": ""intrastep-local"", ""loc"": ""MemoryWrite(zirgen/circuit/rv32im/v2/dsl/mem.zir:99)"", ""value"": 2013203615, ""verified"": false, ""predicted_primary"": 999361695, ""predicted_alt"": 1013904226, ""observed"": 2013203615, ""original"": 3, ""mutated"": 1013904229}}, {""layer"": ""intrastep-local"", ""full_loc"": ""MemoryWrite(zirgen/circuit/rv32im/v2/dsl/mem.zir:100)"", ""residue"": 2013250451, ""cycle"": 14464, ""step"": 191, ""major"": 5, ""minor"": 2, ""provenance"": {""layer"": ""intrastep-local"", ""loc"": ""MemoryWrite(zirgen/circuit/rv32im/v2/dsl/mem.zir:100)"", ""value"": 2013250451, ""verified"": false, ""predicted_primary"": 999361695, ""predicted_alt"": 1013904226, ""observed"": 2013250451, ""original"": 3, ""mutated"": 1013904229}}, {""layer"": ""interstep-local"", ""full_loc"": ""loc(callsite( IsRead ( zirgen/circuit/rv32im/v2/dsl/mem.zir :79:22) at  MemoryRead ( zirgen/circuit/rv32im/v2/dsl/mem.zir :90:10)))"", ""residue"": 2013203615, ""cycle"": 14464, ""step"": 191, ""major"": 5, ""minor"": 2, ""provenance"": {""layer"": ""interstep-local"", ""loc"": ""loc(callsite( IsRead ( zirgen/circuit/rv32im/v2/dsl/mem.zir :79:22) at  MemoryRead ( zirgen/circuit/rv32im/v2/dsl/mem.zi"", ""value"": 2013203615, ""verified"": false, ""predicted_primary"": 999361695, ""predicted_alt"": 1013904226, ""observed"": 2013203615, ""original"": 3, ""mutated"": 1013904229}}, {""layer"": ""interstep-local"", ""full_loc"": ""loc(callsite( IsRead ( zirgen/circuit/rv32im/v2/dsl/mem.zir :80:23) at  MemoryRead ( zirgen/circuit/rv32im/v2/dsl/mem.zir :90:10)))"", ""residue"": 2013250451, ""cycle"": 14464, ""step"": 191, ""major"": 5, ""minor"": 2, ""provenance"": {""layer"": ""interstep-local"", ""loc"": ""loc(callsite( IsRead ( zirgen/circuit/rv32im/v2/dsl/mem.zir :80:23) at  MemoryRead ( zirgen/circuit/rv32im/v2/dsl/mem.zi"", ""value"": 2013250451, ""verified"": false, ""predicted_primary"": 999361695, ""predicted_alt"": 1013904226, ""observed"": 2013250451, ""original"": 3, ""mutated"": 1013904229}}, {""layer"": ""global"", ""full_loc"": ""GLOBAL:family:memory residue nonzero"", ""residue"": null, ""cycle"": null, ""step"": null, ""major"": null, ""minor"": null, ""provenance"": null, ""family"": ""memory"", ""address"": null}]"
a4_memval_load_y_s0,a4,MEM_VAL,MEM_VAL_MOD,load_y,0,194,192,2654435765,,,CONSTRAINT_REJECT,2,2,1,2/2/1,4,"[{""layer"": ""intrastep-local"", ""full_loc"": ""MemoryWrite(zirgen/circuit/rv32im/v2/dsl/mem.zir:99)"", ""residue"": 2013234768, ""cycle"": 14465, ""step"": 192, ""major"": 5, ""minor"": 2, ""provenance"": {""layer"": ""intrastep-local"", ""loc"": ""MemoryWrite(zirgen/circuit/rv32im/v2/dsl/mem.zir:99)"", ""value"": 2013234768, ""verified"": false, ""predicted_primary"": 1372096081, ""predicted_alt"": 641169840, ""observed"": 2013234768, ""original"": 4, ""mutated"": 2654435765}}, {""layer"": ""intrastep-local"", ""full_loc"": ""MemoryWrite(zirgen/circuit/rv32im/v2/dsl/mem.zir:100)"", ""residue"": 2013225418, ""cycle"": 14465, ""step"": 192, ""major"": 5, ""minor"": 2, ""provenance"": {""layer"": ""intrastep-local"", ""loc"": ""MemoryWrite(zirgen/circuit/rv32im/v2/dsl/mem.zir:100)"", ""value"": 2013225418, ""verified"": false, ""predicted_primary"": 1372096081, ""predicted_alt"": 641169840, ""observed"": 2013225418, ""original"": 4, ""mutated"": 2654435765}}, {""layer"": ""interstep-local"", ""full_loc"": ""loc(callsite( IsRead ( zirgen/circuit/rv32im/v2/dsl/mem.zir :79:22) at  MemoryRead ( zirgen/circuit/rv32im/v2/dsl/mem.zir :90:10)))"", ""residue"": 2013234768, ""cycle"": 14465, ""step"": 192, ""major"": 5, ""minor"": 2, ""provenance"": {""layer"": ""interstep-local"", ""loc"": ""loc(callsite( IsRead ( zirgen/circuit/rv32im/v2/dsl/mem.zir :79:22) at  MemoryRead ( zirgen/circuit/rv32im/v2/dsl/mem.zi"", ""value"": 2013234768, ""verified"": false, ""predicted_primary"": 1372096081, ""predicted_alt"": 641169840, ""observed"": 2013234768, ""original"": 4, ""mutated"": 2654435765}}, {""layer"": ""interstep-local"", ""full_loc"": ""loc(callsite( IsRead ( zirgen/circuit/rv32im/v2/dsl/mem.zir :80:23) at  MemoryRead ( zirgen/circuit/rv32im/v2/dsl/mem.zir :90:10)))"", ""residue"": 2013225418, ""cycle"": 14465, ""step"": 192, ""major"": 5, ""minor"": 2, ""provenance"": {""layer"": ""interstep-local"", ""loc"": ""loc(callsite( IsRead ( zirgen/circuit/rv32im/v2/dsl/mem.zir :80:23) at  MemoryRead ( zirgen/circuit/rv32im/v2/dsl/mem.zi"", ""value"": 2013225418, ""verified"": false, ""predicted_primary"": 1372096081, ""predicted_alt"": 641169840, ""observed"": 2013225418, ""original"": 4, ""mutated"": 2654435765}}, {""layer"": ""global"", ""full_loc"": ""GLOBAL:family:memory residue nonzero"", ""residue"": null, ""cycle"": null, ""step"": null, ""major"": null, ""minor"": null, ""provenance"": null, ""family"": ""memory"", ""address"": null}]"
a4_memval_load_y_s1,a4,MEM_VAL,MEM_VAL_MOD,load_y,1,194,192,1013904230,,,CONSTRAINT_REJECT,2,2,1,2/2/1,4,"[{""layer"": ""intrastep-local"", ""full_loc"": ""MemoryWrite(zirgen/circuit/rv32im/v2/dsl/mem.zir:99)"", ""residue"": 2013203615, ""cycle"": 14465, ""step"": 192, ""major"": 5, ""minor"": 2, ""provenance"": {""layer"": ""intrastep-local"", ""loc"": ""MemoryWrite(zirgen/circuit/rv32im/v2/dsl/mem.zir:99)"", ""value"": 2013203615, ""verified"": false, ""predicted_primary"": 999361695, ""predicted_alt"": 1013904226, ""observed"": 2013203615, ""original"": 4, ""mutated"": 1013904230}}, {""layer"": ""intrastep-local"", ""full_loc"": ""MemoryWrite(zirgen/circuit/rv32im/v2/dsl/mem.zir:100)"", ""residue"": 2013250451, ""cycle"": 14465, ""step"": 192, ""major"": 5, ""minor"": 2, ""provenance"": {""layer"": ""intrastep-local"", ""loc"": ""MemoryWrite(zirgen/circuit/rv32im/v2/dsl/mem.zir:100)"", ""value"": 2013250451, ""verified"": false, ""predicted_primary"": 999361695, ""predicted_alt"": 1013904226, ""observed"": 2013250451, ""original"": 4, ""mutated"": 1013904230}}, {""layer"": ""interstep-local"", ""full_loc"": ""loc(callsite( IsRead ( zirgen/circuit/rv32im/v2/dsl/mem.zir :79:22) at  MemoryRead ( zirgen/circuit/rv32im/v2/dsl/mem.zir :90:10)))"", ""residue"": 2013203615, ""cycle"": 14465, ""step"": 192, ""major"": 5, ""minor"": 2, ""provenance"": {""layer"": ""interstep-local"", ""loc"": ""loc(callsite( IsRead ( zirgen/circuit/rv32im/v2/dsl/mem.zir :79:22) at  MemoryRead ( zirgen/circuit/rv32im/v2/dsl/mem.zi"", ""value"": 2013203615, ""verified"": false, ""predicted_primary"": 999361695, ""predicted_alt"": 1013904226, ""observed"": 2013203615, ""original"": 4, ""mutated"": 1013904230}}, {""layer"": ""interstep-local"", ""full_loc"": ""loc(callsite( IsRead ( zirgen/circuit/rv32im/v2/dsl/mem.zir :80:23) at  MemoryRead ( zirgen/circuit/rv32im/v2/dsl/mem.zir :90:10)))"", ""residue"": 2013250451, ""cycle"": 14465, ""step"": 192, ""major"": 5, ""minor"": 2, ""provenance"": {""layer"": ""interstep-local"", ""loc"": ""loc(callsite( IsRead ( zirgen/circuit/rv32im/v2/dsl/mem.zir :80:23) at  MemoryRead ( zirgen/circuit/rv32im/v2/dsl/mem.zi"", ""value"": 2013250451, ""verified"": false, ""predicted_primary"": 999361695, ""predicted_alt"": 1013904226, ""observed"": 2013250451, ""original"": 4, ""mutated"": 1013904230}}, {""layer"": ""global"", ""full_loc"": ""GLOBAL:family:memory residue nonzero"", ""residue"": null, ""cycle"": null, ""step"": null, ""major"": null, ""minor"": null, ""provenance"": null, ""family"": ""memory"", ""address"": null}]"
a4_memval_read_back_s0,a4,MEM_VAL,MEM_VAL_MOD,read_back,0,197,195,2654435768,,,CONSTRAINT_REJECT,2,2,1,2/2/1,4,"[{""layer"": ""intrastep-local"", ""full_loc"": ""MemoryWrite(zirgen/circuit/rv32im/v2/dsl/mem.zir:99)"", ""residue"": 2013234768, ""cycle"": 14468, ""step"": 195, ""major"": 5, ""minor"": 2, ""provenance"": {""layer"": ""intrastep-local"", ""loc"": ""MemoryWrite(zirgen/circuit/rv32im/v2/dsl/mem.zir:99)"", ""value"": 2013234768, ""verified"": false, ""predicted_primary"": 1372096081, ""predicted_alt"": 641169840, ""observed"": 2013234768, ""original"": 7, ""mutated"": 2654435768}}, {""layer"": ""intrastep-local"", ""full_loc"": ""MemoryWrite(zirgen/circuit/rv32im/v2/dsl/mem.zir:100)"", ""residue"": 2013225418, ""cycle"": 14468, ""step"": 195, ""major"": 5, ""minor"": 2, ""provenance"": {""layer"": ""intrastep-local"", ""loc"": ""MemoryWrite(zirgen/circuit/rv32im/v2/dsl/mem.zir:100)"", ""value"": 2013225418, ""verified"": false, ""predicted_primary"": 1372096081, ""predicted_alt"": 641169840, ""observed"": 2013225418, ""original"": 7, ""mutated"": 2654435768}}, {""layer"": ""interstep-local"", ""full_loc"": ""loc(callsite( IsRead ( zirgen/circuit/rv32im/v2/dsl/mem.zir :79:22) at  MemoryRead ( zirgen/circuit/rv32im/v2/dsl/mem.zir :90:10)))"", ""residue"": 2013234768, ""cycle"": 14468, ""step"": 195, ""major"": 5, ""minor"": 2, ""provenance"": {""layer"": ""interstep-local"", ""loc"": ""loc(callsite( IsRead ( zirgen/circuit/rv32im/v2/dsl/mem.zir :79:22) at  MemoryRead ( zirgen/circuit/rv32im/v2/dsl/mem.zi"", ""value"": 2013234768, ""verified"": false, ""predicted_primary"": 1372096081, ""predicted_alt"": 641169840, ""observed"": 2013234768, ""original"": 7, ""mutated"": 2654435768}}, {""layer"": ""interstep-local"", ""full_loc"": ""loc(callsite( IsRead ( zirgen/circuit/rv32im/v2/dsl/mem.zir :80:23) at  MemoryRead ( zirgen/circuit/rv32im/v2/dsl/mem.zir :90:10)))"", ""residue"": 2013225418, ""cycle"": 14468, ""step"": 195, ""major"": 5, ""minor"": 2, ""provenance"": {""layer"": ""interstep-local"", ""loc"": ""loc(callsite( IsRead ( zirgen/circuit/rv32im/v2/dsl/mem.zir :80:23) at  MemoryRead ( zirgen/circuit/rv32im/v2/dsl/mem.zi"", ""value"": 2013225418, ""verified"": false, ""predicted_primary"": 1372096081, ""predicted_alt"": 641169840, ""observed"": 2013225418, ""original"": 7, ""mutated"": 2654435768}}, {""layer"": ""global"", ""full_loc"": ""GLOBAL:family:memory residue nonzero"", ""residue"": null, ""cycle"": null, ""step"": null, ""major"": null, ""minor"": null, ""provenance"": null, ""family"": ""memory"", ""address"": null}]"
a4_memval_read_back_s1,a4,MEM_VAL,MEM_VAL_MOD,read_back,1,197,195,1013904233,,,CONSTRAINT_REJECT,2,2,1,2/2/1,4,"[{""layer"": ""intrastep-local"", ""full_loc"": ""MemoryWrite(zirgen/circuit/rv32im/v2/dsl/mem.zir:99)"", ""residue"": 2013203615, ""cycle"": 14468, ""step"": 195, ""major"": 5, ""minor"": 2, ""provenance"": {""layer"": ""intrastep-local"", ""loc"": ""MemoryWrite(zirgen/circuit/rv32im/v2/dsl/mem.zir:99)"", ""value"": 2013203615, ""verified"": false, ""predicted_primary"": 999361695, ""predicted_alt"": 1013904226, ""observed"": 2013203615, ""original"": 7, ""mutated"": 1013904233}}, {""layer"": ""intrastep-local"", ""full_loc"": ""MemoryWrite(zirgen/circuit/rv32im/v2/dsl/mem.zir:100)"", ""residue"": 2013250451, ""cycle"": 14468, ""step"": 195, ""major"": 5, ""minor"": 2, ""provenance"": {""layer"": ""intrastep-local"", ""loc"": ""MemoryWrite(zirgen/circuit/rv32im/v2/dsl/mem.zir:100)"", ""value"": 2013250451, ""verified"": false, ""predicted_primary"": 999361695, ""predicted_alt"": 1013904226, ""observed"": 2013250451, ""original"": 7, ""mutated"": 1013904233}}, {""layer"": ""interstep-local"", ""full_loc"": ""loc(callsite( IsRead ( zirgen/circuit/rv32im/v2/dsl/mem.zir :79:22) at  MemoryRead ( zirgen/circuit/rv32im/v2/dsl/mem.zir :90:10)))"", ""residue"": 2013203615, ""cycle"": 14468, ""step"": 195, ""major"": 5, ""minor"": 2, ""provenance"": {""layer"": ""interstep-local"", ""loc"": ""loc(callsite( IsRead ( zirgen/circuit/rv32im/v2/dsl/mem.zir :79:22) at  MemoryRead ( zirgen/circuit/rv32im/v2/dsl/mem.zi"", ""value"": 2013203615, ""verified"": false, ""predicted_primary"": 999361695, ""predicted_alt"": 1013904226, ""observed"": 2013203615, ""original"": 7, ""mutated"": 1013904233}}, {""layer"": ""interstep-local"", ""full_loc"": ""loc(callsite( IsRead ( zirgen/circuit/rv32im/v2/dsl/mem.zir :80:23) at  MemoryRead ( zirgen/circuit/rv32im/v2/dsl/mem.zir :90:10)))"", ""residue"": 2013250451, ""cycle"": 14468, ""step"": 195, ""major"": 5, ""minor"": 2, ""provenance"": {""layer"": ""interstep-local"", ""loc"": ""loc(callsite( IsRead ( zirgen/circuit/rv32im/v2/dsl/mem.zir :80:23) at  MemoryRead ( zirgen/circuit/rv32im/v2/dsl/mem.zi"", ""value"": 2013250451, ""verified"": false, ""predicted_primary"": 999361695, ""predicted_alt"": 1013904226, ""observed"": 2013250451, ""original"": 7, ""mutated"": 1013904233}}, {""layer"": ""global"", ""full_loc"": ""GLOBAL:family:memory residue nonzero"", ""residue"": null, ""cycle"": null, ""step"": null, ""major"": null, ""minor"": null, ""provenance"": null, ""family"": ""memory"", ""address"": null}]"
a4_memval_store_s0,a4,MEM_VAL,MEM_VAL_MOD,store,0,196,194,2654435761,,,CONSTRAINT_REJECT,0,2,1,0/2/1,2,"[{""layer"": ""interstep-local"", ""full_loc"": ""loc(callsite( IsRead ( zirgen/circuit/rv32im/v2/dsl/mem.zir :79:22) at  MemoryRead ( zirgen/circuit/rv32im/v2/dsl/mem.zir :90:10)))"", ""residue"": 2013234768, ""cycle"": 14467, ""step"": 194, ""major"": 6, ""minor"": 2, ""provenance"": {""layer"": ""interstep-local"", ""loc"": ""loc(callsite( IsRead ( zirgen/circuit/rv32im/v2/dsl/mem.zir :79:22) at  MemoryRead ( zirgen/circuit/rv32im/v2/dsl/mem.zi"", ""value"": 2013234768, ""verified"": false, ""predicted_primary"": 1372096081, ""predicted_alt"": 641169840, ""observed"": 2013234768, ""original"": 0, ""mutated"": 2654435761}}, {""layer"": ""interstep-local"", ""full_loc"": ""loc(callsite( IsRead ( zirgen/circuit/rv32im/v2/dsl/mem.zir :80:23) at  MemoryRead ( zirgen/circuit/rv32im/v2/dsl/mem.zir :90:10)))"", ""residue"": 2013225418, ""cycle"": 14467, ""step"": 194, ""major"": 6, ""minor"": 2, ""provenance"": {""layer"": ""interstep-local"", ""loc"": ""loc(callsite( IsRead ( zirgen/circuit/rv32im/v2/dsl/mem.zir :80:23) at  MemoryRead ( zirgen/circuit/rv32im/v2/dsl/mem.zi"", ""value"": 2013225418, ""verified"": false, ""predicted_primary"": 1372096081, ""predicted_alt"": 641169840, ""observed"": 2013225418, ""original"": 0, ""mutated"": 2654435761}}, {""layer"": ""global"", ""full_loc"": ""GLOBAL:family:memory residue nonzero"", ""residue"": null, ""cycle"": null, ""step"": null, ""major"": null, ""minor"": null, ""provenance"": null, ""family"": ""memory"", ""address"": null}]"
a4_memval_store_s1,a4,MEM_VAL,MEM_VAL_MOD,store,1,196,194,1013904226,,,CONSTRAINT_REJECT,0,2,1,0/2/1,2,"[{""layer"": ""interstep-local"", ""full_loc"": ""loc(callsite( IsRead ( zirgen/circuit/rv32im/v2/dsl/mem.zir :79:22) at  MemoryRead ( zirgen/circuit/rv32im/v2/dsl/mem.zir :90:10)))"", ""residue"": 2013203615, ""cycle"": 14467, ""step"": 194, ""major"": 6, ""minor"": 2, ""provenance"": {""layer"": ""interstep-local"", ""loc"": ""loc(callsite( IsRead ( zirgen/circuit/rv32im/v2/dsl/mem.zir :79:22) at  MemoryRead ( zirgen/circuit/rv32im/v2/dsl/mem.zi"", ""value"": 2013203615, ""verified"": false, ""predicted_primary"": 999361695, ""predicted_alt"": 1013904226, ""observed"": 2013203615, ""original"": 0, ""mutated"": 1013904226}}, {""layer"": ""interstep-local"", ""full_loc"": ""loc(callsite( IsRead ( zirgen/circuit/rv32im/v2/dsl/mem.zir :80:23) at  MemoryRead ( zirgen/circuit/rv32im/v2/dsl/mem.zir :90:10)))"", ""residue"": 2013250451, ""cycle"": 14467, ""step"": 194, ""major"": 6, ""minor"": 2, ""provenance"": {""layer"": ""interstep-local"", ""loc"": ""loc(callsite( IsRead ( zirgen/circuit/rv32im/v2/dsl/mem.zir :80:23) at  MemoryRead ( zirgen/circuit/rv32im/v2/dsl/mem.zi"", ""value"": 2013250451, ""verified"": false, ""predicted_primary"": 999361695, ""predicted_alt"": 1013904226, ""observed"": 2013250451, ""original"": 0, ""mutated"": 1013904226}}, {""layer"": ""global"", ""full_loc"": ""GLOBAL:family:memory residue nonzero"", ""residue"": null, ""cycle"": null, ""step"": null, ""major"": null, ""minor"": null, ""provenance"": null, ""family"": ""memory"", ""address"": null}]"
a4_sur_funct3_slt,a4,SUR,INSTR_WORD_MOD_SUR,add,0,195,193,,0x00c5a5b3,funct3_slt,CONSTRAINT_REJECT,1,0,1,1/0/1,1,"[{""layer"": ""intrastep-local"", ""full_loc"": ""loc(callsite( VerifyOpcodeF3F7 ( zirgen/circuit/rv32im/v2/dsl/inst.zir :103:18) at callsite( OpADD ( zirgen/circuit/rv32im/v2/dsl/inst_misc.zir :90:20) at  Misc0 ( zirgen/circuit/rv32im/v2/dsl/inst_misc.zir :33:28))))"", ""residue"": 2, ""cycle"": 14466, ""step"": 193, ""major"": 0, ""minor"": 0, ""provenance"": {""layer"": ""intrastep-local"", ""loc"": ""loc(callsite( VerifyOpcodeF3F7 ( zirgen/circuit/rv32im/v2/dsl/inst.zir :103:18) at callsite( OpADD ( zirgen/circuit/rv32"", ""value"": 2, ""verified"": false, ""reason"": ""non-scalar mutation""}}, {""layer"": ""global"", ""full_loc"": ""GLOBAL:family:memory residue nonzero"", ""residue"": null, ""cycle"": null, ""step"": null, ""major"": null, ""minor"": null, ""provenance"": null, ""family"": ""memory"", ""address"": null}]"
a4_sur_funct3_xor,a4,SUR,INSTR_WORD_MOD_SUR,add,0,195,193,,0x00c5c5b3,funct3_xor,CONSTRAINT_REJECT,1,0,1,1/0/1,1,"[{""layer"": ""intrastep-local"", ""full_loc"": ""loc(callsite( VerifyOpcodeF3F7 ( zirgen/circuit/rv32im/v2/dsl/inst.zir :103:18) at callsite( OpADD ( zirgen/circuit/rv32im/v2/dsl/inst_misc.zir :90:20) at  Misc0 ( zirgen/circuit/rv32im/v2/dsl/inst_misc.zir :33:28))))"", ""residue"": 4, ""cycle"": 14466, ""step"": 193, ""major"": 0, ""minor"": 0, ""provenance"": {""layer"": ""intrastep-local"", ""loc"": ""loc(callsite( VerifyOpcodeF3F7 ( zirgen/circuit/rv32im/v2/dsl/inst.zir :103:18) at callsite( OpADD ( zirgen/circuit/rv32"", ""value"": 4, ""verified"": false, ""reason"": ""non-scalar mutation""}}, {""layer"": ""global"", ""full_loc"": ""GLOBAL:family:memory residue nonzero"", ""residue"": null, ""cycle"": null, ""step"": null, ""major"": null, ""minor"": null, ""provenance"": null, ""family"": ""memory"", ""address"": null}]"
a4_sur_funct7_sub,a4,SUR,INSTR_WORD_MOD_SUR,add,0,195,193,,0x40c585b3,funct7_sub,CONSTRAINT_REJECT,1,0,1,1/0/1,1,"[{""layer"": ""intrastep-local"", ""full_loc"": ""loc(callsite( VerifyOpcodeF3F7 ( zirgen/circuit/rv32im/v2/dsl/inst.zir :104:18) at callsite( OpADD ( zirgen/circuit/rv32im/v2/dsl/inst_misc.zir :90:20) at  Misc0 ( zirgen/circuit/rv32im/v2/dsl/inst_misc.zir :33:28))))"", ""residue"": 32, ""cycle"": 14466, ""step"": 193, ""major"": 0, ""minor"": 0, ""provenance"": {""layer"": ""intrastep-local"", ""loc"": ""loc(callsite( VerifyOpcodeF3F7 ( zirgen/circuit/rv32im/v2/dsl/inst.zir :104:18) at callsite( OpADD ( zirgen/circuit/rv32"", ""value"": 32, ""verified"": false, ""reason"": ""non-scalar mutation""}}, {""layer"": ""global"", ""full_loc"": ""GLOBAL:family:memory residue nonzero"", ""residue"": null, ""cycle"": null, ""step"": null, ""major"": null, ""minor"": null, ""provenance"": null, ""family"": ""memory"", ""address"": null}]"
a4_sur_rd,a4,SUR,INSTR_WORD_MOD_SUR,add,0,195,193,,0x00c58533,rd,GLOBAL_REJECT,0,0,1,0/0/1,0,"[{""layer"": ""global"", ""full_loc"": ""GLOBAL:family:memory residue nonzero"", ""residue"": null, ""cycle"": null, ""step"": null, ""major"": null, ""minor"": null, ""provenance"": null, ""family"": ""memory"", ""address"": null}]"
a4_sur_rs1,a4,SUR,INSTR_WORD_MOD_SUR,add,0,195,193,,0x00c505b3,rs1,GLOBAL_REJECT,0,0,1,0/0/1,0,"[{""layer"": ""global"", ""full_loc"": ""GLOBAL:family:memory residue nonzero"", ""residue"": null, ""cycle"": null, ""step"": null, ""major"": null, ""minor"": null, ""provenance"": null, ""family"": ""memory"", ""address"": null}]"
a4_sur_rs2,a4,SUR,INSTR_WORD_MOD_SUR,add,0,195,193,,0x00a585b3,rs2,GLOBAL_REJECT,0,0,1,0/0/1,0,"[{""layer"": ""global"", ""full_loc"": ""GLOBAL:family:memory residue nonzero"", ""residue"": null, ""cycle"": null, ""step"": null, ""major"": null, ""minor"": null, ""provenance"": null, ""family"": ""memory"", ""address"": null}]"
