kind,column,non_null_count_across_30_dbs
COMP_OUT_MOD,opcode,0
COMP_OUT_MOD,rd,0
COMP_OUT_MOD,rs1,0
COMP_OUT_MOD,rs2,0
COMP_OUT_MOD,funct3,0
COMP_OUT_MOD,funct7,0
COMP_OUT_MOD,imm,0
COMP_OUT_MOD,byte_lane,0
COMP_OUT_MOD,bit_mask,0
COMP_OUT_MOD,value_class,15215
INSTR_TYPE_MOD,opcode,0
INSTR_TYPE_MOD,rd,0
INSTR_TYPE_MOD,rs1,0
INSTR_TYPE_MOD,rs2,0
INSTR_TYPE_MOD,funct3,0
INSTR_TYPE_MOD,funct7,0
INSTR_TYPE_MOD,imm,0
INSTR_TYPE_MOD,byte_lane,0
INSTR_TYPE_MOD,bit_mask,0
INSTR_TYPE_MOD,value_class,0
INSTR_WORD_MOD_FULL,opcode,21734
INSTR_WORD_MOD_FULL,rd,21734
INSTR_WORD_MOD_FULL,rs1,21734
INSTR_WORD_MOD_FULL,rs2,21734
INSTR_WORD_MOD_FULL,funct3,21734
INSTR_WORD_MOD_FULL,funct7,21734
INSTR_WORD_MOD_FULL,imm,21734
INSTR_WORD_MOD_FULL,byte_lane,0
INSTR_WORD_MOD_FULL,bit_mask,0
INSTR_WORD_MOD_FULL,value_class,0
INSTR_WORD_MOD_SUR,opcode,21378
INSTR_WORD_MOD_SUR,rd,21378
INSTR_WORD_MOD_SUR,rs1,21378
INSTR_WORD_MOD_SUR,rs2,21378
INSTR_WORD_MOD_SUR,funct3,21378
INSTR_WORD_MOD_SUR,funct7,21378
INSTR_WORD_MOD_SUR,imm,21378
INSTR_WORD_MOD_SUR,byte_lane,0
INSTR_WORD_MOD_SUR,bit_mask,0
INSTR_WORD_MOD_SUR,value_class,0
LOAD_VAL_MOD,opcode,0
LOAD_VAL_MOD,rd,0
LOAD_VAL_MOD,rs1,0
LOAD_VAL_MOD,rs2,0
LOAD_VAL_MOD,funct3,0
LOAD_VAL_MOD,funct7,0
LOAD_VAL_MOD,imm,0
LOAD_VAL_MOD,byte_lane,0
LOAD_VAL_MOD,bit_mask,0
LOAD_VAL_MOD,value_class,11298
MEM_VAL_MOD,opcode,0
MEM_VAL_MOD,rd,0
MEM_VAL_MOD,rs1,0
MEM_VAL_MOD,rs2,0
MEM_VAL_MOD,funct3,0
MEM_VAL_MOD,funct7,0
MEM_VAL_MOD,imm,0
MEM_VAL_MOD,byte_lane,27944
MEM_VAL_MOD,bit_mask,27944
MEM_VAL_MOD,value_class,27944
PRE_EXEC_REG_MOD,opcode,0
PRE_EXEC_REG_MOD,rd,0
PRE_EXEC_REG_MOD,rs1,0
PRE_EXEC_REG_MOD,rs2,0
PRE_EXEC_REG_MOD,funct3,0
PRE_EXEC_REG_MOD,funct7,0
PRE_EXEC_REG_MOD,imm,0
PRE_EXEC_REG_MOD,byte_lane,0
PRE_EXEC_REG_MOD,bit_mask,0
PRE_EXEC_REG_MOD,value_class,25531
STORE_OUT_MOD,opcode,0
STORE_OUT_MOD,rd,0
STORE_OUT_MOD,rs1,0
STORE_OUT_MOD,rs2,0
STORE_OUT_MOD,funct3,0
STORE_OUT_MOD,funct7,0
STORE_OUT_MOD,imm,0
STORE_OUT_MOD,byte_lane,0
STORE_OUT_MOD,bit_mask,0
STORE_OUT_MOD,value_class,11389
