corpus,variant,seed,signal_name,channel_name,pearson_r,n_pulls
V1,V1,1234,f_new_flag,discovery_binary_reward,0.0,3000
V1,V1,1234,recent_marginal_discovery_rate,discovery_binary_reward,0.049664,3000
V1,V1,1234,recent_marginal_discovery_rate,f_new_flag,0.0,3000
V1,V1,1234,singleton_failure_flag,discovery_binary_reward,-0.054896,3000
V1,V1,1234,singleton_failure_flag,f_new_flag,0.0,3000
V1,V1,1234,mutation_substrategy_uniqueness,discovery_binary_reward,-0.038962,3000
V1,V1,1234,mutation_substrategy_uniqueness,f_new_flag,0.0,3000
V1,V1,1234,d_loc_le_2_flag,discovery_binary_reward,-0.211292,3000
V1,V1,1234,d_loc_le_2_flag,f_new_flag,0.0,3000
V1,V1,1235,f_new_flag,discovery_binary_reward,0.116448,3000
V1,V1,1235,recent_marginal_discovery_rate,discovery_binary_reward,0.077664,3000
V1,V1,1235,recent_marginal_discovery_rate,f_new_flag,-0.006679,3000
V1,V1,1235,singleton_failure_flag,discovery_binary_reward,-0.074065,3000
V1,V1,1235,singleton_failure_flag,f_new_flag,-0.009254,3000
V1,V1,1235,mutation_substrategy_uniqueness,discovery_binary_reward,-0.038077,3000
V1,V1,1235,mutation_substrategy_uniqueness,f_new_flag,-0.013019,3000
V1,V1,1235,d_loc_le_2_flag,discovery_binary_reward,-0.220364,3000
V1,V1,1235,d_loc_le_2_flag,f_new_flag,-0.032825,3000
V1,V1,1236,f_new_flag,discovery_binary_reward,0.119906,3000
V1,V1,1236,recent_marginal_discovery_rate,discovery_binary_reward,0.031982,3000
V1,V1,1236,recent_marginal_discovery_rate,f_new_flag,-0.00566,3000
V1,V1,1236,singleton_failure_flag,discovery_binary_reward,-0.073758,3000
V1,V1,1236,singleton_failure_flag,f_new_flag,-0.008844,3000
V1,V1,1236,mutation_substrategy_uniqueness,discovery_binary_reward,-0.049757,3000
V1,V1,1236,mutation_substrategy_uniqueness,f_new_flag,-0.013301,3000
V1,V1,1236,d_loc_le_2_flag,discovery_binary_reward,-0.210273,3000
V1,V1,1236,d_loc_le_2_flag,f_new_flag,-0.032794,3000
V1,V1,1237,f_new_flag,discovery_binary_reward,0.0,3000
V1,V1,1237,recent_marginal_discovery_rate,discovery_binary_reward,0.050164,3000
V1,V1,1237,recent_marginal_discovery_rate,f_new_flag,0.0,3000
V1,V1,1237,singleton_failure_flag,discovery_binary_reward,-0.054227,3000
V1,V1,1237,singleton_failure_flag,f_new_flag,0.0,3000
V1,V1,1237,mutation_substrategy_uniqueness,discovery_binary_reward,-0.03043,3000
V1,V1,1237,mutation_substrategy_uniqueness,f_new_flag,0.0,3000
V1,V1,1237,d_loc_le_2_flag,discovery_binary_reward,-0.206633,3000
V1,V1,1237,d_loc_le_2_flag,f_new_flag,0.0,3000
V1,V1,1238,f_new_flag,discovery_binary_reward,0.0,3000
V1,V1,1238,recent_marginal_discovery_rate,discovery_binary_reward,0.065682,3000
V1,V1,1238,recent_marginal_discovery_rate,f_new_flag,0.0,3000
V1,V1,1238,singleton_failure_flag,discovery_binary_reward,-0.073353,3000
V1,V1,1238,singleton_failure_flag,f_new_flag,0.0,3000
V1,V1,1238,mutation_substrategy_uniqueness,discovery_binary_reward,-0.014134,3000
V1,V1,1238,mutation_substrategy_uniqueness,f_new_flag,0.0,3000
V1,V1,1238,d_loc_le_2_flag,discovery_binary_reward,-0.213901,3000
V1,V1,1238,d_loc_le_2_flag,f_new_flag,0.0,3000
V1,V1,1239,f_new_flag,discovery_binary_reward,0.119906,3000
V1,V1,1239,recent_marginal_discovery_rate,discovery_binary_reward,0.055191,3000
V1,V1,1239,recent_marginal_discovery_rate,f_new_flag,-0.005684,3000
V1,V1,1239,singleton_failure_flag,discovery_binary_reward,-0.063345,3000
V1,V1,1239,singleton_failure_flag,f_new_flag,-0.009556,3000
V1,V1,1239,mutation_substrategy_uniqueness,discovery_binary_reward,-0.058693,3000
V1,V1,1239,mutation_substrategy_uniqueness,f_new_flag,-0.012757,3000
V1,V1,1239,d_loc_le_2_flag,discovery_binary_reward,-0.204348,3000
V1,V1,1239,d_loc_le_2_flag,f_new_flag,-0.032704,3000
V1,V1,1240,f_new_flag,discovery_binary_reward,0.0,3000
V1,V1,1240,recent_marginal_discovery_rate,discovery_binary_reward,0.078867,3000
V1,V1,1240,recent_marginal_discovery_rate,f_new_flag,0.0,3000
V1,V1,1240,singleton_failure_flag,discovery_binary_reward,-0.06718,3000
V1,V1,1240,singleton_failure_flag,f_new_flag,0.0,3000
V1,V1,1240,mutation_substrategy_uniqueness,discovery_binary_reward,-0.024105,3000
V1,V1,1240,mutation_substrategy_uniqueness,f_new_flag,0.0,3000
V1,V1,1240,d_loc_le_2_flag,discovery_binary_reward,-0.192977,3000
V1,V1,1240,d_loc_le_2_flag,f_new_flag,0.0,3000
V1,V1,1241,f_new_flag,discovery_binary_reward,0.0,3000
V1,V1,1241,recent_marginal_discovery_rate,discovery_binary_reward,0.072892,3000
V1,V1,1241,recent_marginal_discovery_rate,f_new_flag,0.0,3000
V1,V1,1241,singleton_failure_flag,discovery_binary_reward,-0.081726,3000
V1,V1,1241,singleton_failure_flag,f_new_flag,0.0,3000
V1,V1,1241,mutation_substrategy_uniqueness,discovery_binary_reward,-0.022934,3000
V1,V1,1241,mutation_substrategy_uniqueness,f_new_flag,0.0,3000
V1,V1,1241,d_loc_le_2_flag,discovery_binary_reward,-0.238649,3000
V1,V1,1241,d_loc_le_2_flag,f_new_flag,0.0,3000
V1,V1,1242,f_new_flag,discovery_binary_reward,0.0,3000
V1,V1,1242,recent_marginal_discovery_rate,discovery_binary_reward,0.054377,3000
V1,V1,1242,recent_marginal_discovery_rate,f_new_flag,0.0,3000
V1,V1,1242,singleton_failure_flag,discovery_binary_reward,-0.072925,3000
V1,V1,1242,singleton_failure_flag,f_new_flag,0.0,3000
V1,V1,1242,mutation_substrategy_uniqueness,discovery_binary_reward,-0.040014,3000
V1,V1,1242,mutation_substrategy_uniqueness,f_new_flag,0.0,3000
V1,V1,1242,d_loc_le_2_flag,discovery_binary_reward,-0.201034,3000
V1,V1,1242,d_loc_le_2_flag,f_new_flag,0.0,3000
V1,V1,1243,f_new_flag,discovery_binary_reward,0.122704,3000
V1,V1,1243,recent_marginal_discovery_rate,discovery_binary_reward,0.079669,3000
V1,V1,1243,recent_marginal_discovery_rate,f_new_flag,-0.005187,3000
V1,V1,1243,singleton_failure_flag,discovery_binary_reward,-0.051605,3000
V1,V1,1243,singleton_failure_flag,f_new_flag,-0.00914,3000
V1,V1,1243,mutation_substrategy_uniqueness,discovery_binary_reward,-0.045825,3000
V1,V1,1243,mutation_substrategy_uniqueness,f_new_flag,-0.012796,3000
V1,V1,1243,d_loc_le_2_flag,discovery_binary_reward,-0.20047,3000
V1,V1,1243,d_loc_le_2_flag,f_new_flag,-0.033255,3000
V5,V5,1234,f_new_flag,discovery_binary_reward,0.0,3000
V5,V5,1234,recent_marginal_discovery_rate,discovery_binary_reward,0.059647,3000
V5,V5,1234,recent_marginal_discovery_rate,f_new_flag,0.0,3000
V5,V5,1234,singleton_failure_flag,discovery_binary_reward,-0.069745,3000
V5,V5,1234,singleton_failure_flag,f_new_flag,0.0,3000
V5,V5,1234,mutation_substrategy_uniqueness,discovery_binary_reward,-0.062791,3000
V5,V5,1234,mutation_substrategy_uniqueness,f_new_flag,0.0,3000
V5,V5,1234,d_loc_le_2_flag,discovery_binary_reward,-0.166089,3000
V5,V5,1234,d_loc_le_2_flag,f_new_flag,0.0,3000
V5,V5,1235,f_new_flag,discovery_binary_reward,0.0,3000
V5,V5,1235,recent_marginal_discovery_rate,discovery_binary_reward,0.082436,3000
V5,V5,1235,recent_marginal_discovery_rate,f_new_flag,0.0,3000
V5,V5,1235,singleton_failure_flag,discovery_binary_reward,-0.060291,3000
V5,V5,1235,singleton_failure_flag,f_new_flag,0.0,3000
V5,V5,1235,mutation_substrategy_uniqueness,discovery_binary_reward,-0.025622,3000
V5,V5,1235,mutation_substrategy_uniqueness,f_new_flag,0.0,3000
V5,V5,1235,d_loc_le_2_flag,discovery_binary_reward,-0.133614,3000
V5,V5,1235,d_loc_le_2_flag,f_new_flag,0.0,3000
V5,V5,1236,f_new_flag,discovery_binary_reward,0.0,3000
V5,V5,1236,recent_marginal_discovery_rate,discovery_binary_reward,0.090477,3000
V5,V5,1236,recent_marginal_discovery_rate,f_new_flag,0.0,3000
V5,V5,1236,singleton_failure_flag,discovery_binary_reward,-0.07375,3000
V5,V5,1236,singleton_failure_flag,f_new_flag,0.0,3000
V5,V5,1236,mutation_substrategy_uniqueness,discovery_binary_reward,-0.039948,3000
V5,V5,1236,mutation_substrategy_uniqueness,f_new_flag,0.0,3000
V5,V5,1236,d_loc_le_2_flag,discovery_binary_reward,-0.136041,3000
V5,V5,1236,d_loc_le_2_flag,f_new_flag,0.0,3000
V5,V5,1237,f_new_flag,discovery_binary_reward,0.0,3000
V5,V5,1237,recent_marginal_discovery_rate,discovery_binary_reward,0.106717,3000
V5,V5,1237,recent_marginal_discovery_rate,f_new_flag,0.0,3000
V5,V5,1237,singleton_failure_flag,discovery_binary_reward,-0.071276,3000
V5,V5,1237,singleton_failure_flag,f_new_flag,0.0,3000
V5,V5,1237,mutation_substrategy_uniqueness,discovery_binary_reward,-0.017622,3000
V5,V5,1237,mutation_substrategy_uniqueness,f_new_flag,0.0,3000
V5,V5,1237,d_loc_le_2_flag,discovery_binary_reward,-0.160406,3000
V5,V5,1237,d_loc_le_2_flag,f_new_flag,0.0,3000
V5,V5,1238,f_new_flag,discovery_binary_reward,0.0,3000
V5,V5,1238,recent_marginal_discovery_rate,discovery_binary_reward,0.074944,3000
V5,V5,1238,recent_marginal_discovery_rate,f_new_flag,0.0,3000
V5,V5,1238,singleton_failure_flag,discovery_binary_reward,-0.037418,3000
V5,V5,1238,singleton_failure_flag,f_new_flag,0.0,3000
V5,V5,1238,mutation_substrategy_uniqueness,discovery_binary_reward,-0.044097,3000
V5,V5,1238,mutation_substrategy_uniqueness,f_new_flag,0.0,3000
V5,V5,1238,d_loc_le_2_flag,discovery_binary_reward,-0.118907,3000
V5,V5,1238,d_loc_le_2_flag,f_new_flag,0.0,3000
V5,V5,1239,f_new_flag,discovery_binary_reward,0.0,3000
V5,V5,1239,recent_marginal_discovery_rate,discovery_binary_reward,0.079623,3000
V5,V5,1239,recent_marginal_discovery_rate,f_new_flag,0.0,3000
V5,V5,1239,singleton_failure_flag,discovery_binary_reward,-0.073061,3000
V5,V5,1239,singleton_failure_flag,f_new_flag,0.0,3000
V5,V5,1239,mutation_substrategy_uniqueness,discovery_binary_reward,-0.051842,3000
V5,V5,1239,mutation_substrategy_uniqueness,f_new_flag,0.0,3000
V5,V5,1239,d_loc_le_2_flag,discovery_binary_reward,-0.152834,3000
V5,V5,1239,d_loc_le_2_flag,f_new_flag,0.0,3000
V5,V5,1240,f_new_flag,discovery_binary_reward,0.0,3000
V5,V5,1240,recent_marginal_discovery_rate,discovery_binary_reward,0.066907,3000
V5,V5,1240,recent_marginal_discovery_rate,f_new_flag,0.0,3000
V5,V5,1240,singleton_failure_flag,discovery_binary_reward,-0.061701,3000
V5,V5,1240,singleton_failure_flag,f_new_flag,0.0,3000
V5,V5,1240,mutation_substrategy_uniqueness,discovery_binary_reward,-0.011866,3000
V5,V5,1240,mutation_substrategy_uniqueness,f_new_flag,0.0,3000
V5,V5,1240,d_loc_le_2_flag,discovery_binary_reward,-0.149243,3000
V5,V5,1240,d_loc_le_2_flag,f_new_flag,0.0,3000
V5,V5,1241,f_new_flag,discovery_binary_reward,0.0,3000
V5,V5,1241,recent_marginal_discovery_rate,discovery_binary_reward,0.073878,3000
V5,V5,1241,recent_marginal_discovery_rate,f_new_flag,0.0,3000
V5,V5,1241,singleton_failure_flag,discovery_binary_reward,-0.064378,3000
V5,V5,1241,singleton_failure_flag,f_new_flag,0.0,3000
V5,V5,1241,mutation_substrategy_uniqueness,discovery_binary_reward,-0.052908,3000
V5,V5,1241,mutation_substrategy_uniqueness,f_new_flag,0.0,3000
V5,V5,1241,d_loc_le_2_flag,discovery_binary_reward,-0.162115,3000
V5,V5,1241,d_loc_le_2_flag,f_new_flag,0.0,3000
V5,V5,1242,f_new_flag,discovery_binary_reward,0.0,3000
V5,V5,1242,recent_marginal_discovery_rate,discovery_binary_reward,0.084731,3000
V5,V5,1242,recent_marginal_discovery_rate,f_new_flag,0.0,3000
V5,V5,1242,singleton_failure_flag,discovery_binary_reward,-0.048162,3000
V5,V5,1242,singleton_failure_flag,f_new_flag,0.0,3000
V5,V5,1242,mutation_substrategy_uniqueness,discovery_binary_reward,-0.026908,3000
V5,V5,1242,mutation_substrategy_uniqueness,f_new_flag,0.0,3000
V5,V5,1242,d_loc_le_2_flag,discovery_binary_reward,-0.135304,3000
V5,V5,1242,d_loc_le_2_flag,f_new_flag,0.0,3000
V5,V5,1243,f_new_flag,discovery_binary_reward,0.0,3000
V5,V5,1243,recent_marginal_discovery_rate,discovery_binary_reward,0.071594,3000
V5,V5,1243,recent_marginal_discovery_rate,f_new_flag,0.0,3000
V5,V5,1243,singleton_failure_flag,discovery_binary_reward,-0.066153,3000
V5,V5,1243,singleton_failure_flag,f_new_flag,0.0,3000
V5,V5,1243,mutation_substrategy_uniqueness,discovery_binary_reward,-0.068692,3000
V5,V5,1243,mutation_substrategy_uniqueness,f_new_flag,0.0,3000
V5,V5,1243,d_loc_le_2_flag,discovery_binary_reward,-0.184716,3000
V5,V5,1243,d_loc_le_2_flag,f_new_flag,0.0,3000
D1A,V5_decayexp,1234,f_new_flag,discovery_binary_reward,0.0,3000
D1A,V5_decayexp,1234,recent_marginal_discovery_rate,discovery_binary_reward,0.072566,3000
D1A,V5_decayexp,1234,recent_marginal_discovery_rate,f_new_flag,0.0,3000
D1A,V5_decayexp,1234,singleton_failure_flag,discovery_binary_reward,-0.061196,3000
D1A,V5_decayexp,1234,singleton_failure_flag,f_new_flag,0.0,3000
D1A,V5_decayexp,1234,mutation_substrategy_uniqueness,discovery_binary_reward,-0.019042,3000
D1A,V5_decayexp,1234,mutation_substrategy_uniqueness,f_new_flag,0.0,3000
D1A,V5_decayexp,1234,d_loc_le_2_flag,discovery_binary_reward,-0.111566,3000
D1A,V5_decayexp,1234,d_loc_le_2_flag,f_new_flag,0.0,3000
D1A,V5_decayexp,1235,f_new_flag,discovery_binary_reward,0.0,3000
D1A,V5_decayexp,1235,recent_marginal_discovery_rate,discovery_binary_reward,0.093176,3000
D1A,V5_decayexp,1235,recent_marginal_discovery_rate,f_new_flag,0.0,3000
D1A,V5_decayexp,1235,singleton_failure_flag,discovery_binary_reward,-0.054525,3000
D1A,V5_decayexp,1235,singleton_failure_flag,f_new_flag,0.0,3000
D1A,V5_decayexp,1235,mutation_substrategy_uniqueness,discovery_binary_reward,-0.027984,3000
D1A,V5_decayexp,1235,mutation_substrategy_uniqueness,f_new_flag,0.0,3000
D1A,V5_decayexp,1235,d_loc_le_2_flag,discovery_binary_reward,-0.115867,3000
D1A,V5_decayexp,1235,d_loc_le_2_flag,f_new_flag,0.0,3000
D1A,V5_decayexp,1236,f_new_flag,discovery_binary_reward,0.0,3000
D1A,V5_decayexp,1236,recent_marginal_discovery_rate,discovery_binary_reward,0.110681,3000
D1A,V5_decayexp,1236,recent_marginal_discovery_rate,f_new_flag,0.0,3000
D1A,V5_decayexp,1236,singleton_failure_flag,discovery_binary_reward,-0.041159,3000
D1A,V5_decayexp,1236,singleton_failure_flag,f_new_flag,0.0,3000
D1A,V5_decayexp,1236,mutation_substrategy_uniqueness,discovery_binary_reward,-0.001963,3000
D1A,V5_decayexp,1236,mutation_substrategy_uniqueness,f_new_flag,0.0,3000
D1A,V5_decayexp,1236,d_loc_le_2_flag,discovery_binary_reward,-0.087191,3000
D1A,V5_decayexp,1236,d_loc_le_2_flag,f_new_flag,0.0,3000
D1A,V5_decayexp,1237,f_new_flag,discovery_binary_reward,0.0,3000
D1A,V5_decayexp,1237,recent_marginal_discovery_rate,discovery_binary_reward,0.068389,3000
D1A,V5_decayexp,1237,recent_marginal_discovery_rate,f_new_flag,0.0,3000
D1A,V5_decayexp,1237,singleton_failure_flag,discovery_binary_reward,-0.054669,3000
D1A,V5_decayexp,1237,singleton_failure_flag,f_new_flag,0.0,3000
D1A,V5_decayexp,1237,mutation_substrategy_uniqueness,discovery_binary_reward,-0.022307,3000
D1A,V5_decayexp,1237,mutation_substrategy_uniqueness,f_new_flag,0.0,3000
D1A,V5_decayexp,1237,d_loc_le_2_flag,discovery_binary_reward,-0.106482,3000
D1A,V5_decayexp,1237,d_loc_le_2_flag,f_new_flag,0.0,3000
D1A,V5_decayexp,1238,f_new_flag,discovery_binary_reward,0.0,3000
D1A,V5_decayexp,1238,recent_marginal_discovery_rate,discovery_binary_reward,0.113907,3000
D1A,V5_decayexp,1238,recent_marginal_discovery_rate,f_new_flag,0.0,3000
D1A,V5_decayexp,1238,singleton_failure_flag,discovery_binary_reward,-0.060343,3000
D1A,V5_decayexp,1238,singleton_failure_flag,f_new_flag,0.0,3000
D1A,V5_decayexp,1238,mutation_substrategy_uniqueness,discovery_binary_reward,-0.038915,3000
D1A,V5_decayexp,1238,mutation_substrategy_uniqueness,f_new_flag,0.0,3000
D1A,V5_decayexp,1238,d_loc_le_2_flag,discovery_binary_reward,-0.105624,3000
D1A,V5_decayexp,1238,d_loc_le_2_flag,f_new_flag,0.0,3000
D1A,V5_decayepoch,1234,f_new_flag,discovery_binary_reward,0.0,3000
D1A,V5_decayepoch,1234,recent_marginal_discovery_rate,discovery_binary_reward,0.091471,3000
D1A,V5_decayepoch,1234,recent_marginal_discovery_rate,f_new_flag,0.0,3000
D1A,V5_decayepoch,1234,singleton_failure_flag,discovery_binary_reward,-0.060097,3000
D1A,V5_decayepoch,1234,singleton_failure_flag,f_new_flag,0.0,3000
D1A,V5_decayepoch,1234,mutation_substrategy_uniqueness,discovery_binary_reward,-0.057067,3000
D1A,V5_decayepoch,1234,mutation_substrategy_uniqueness,f_new_flag,0.0,3000
D1A,V5_decayepoch,1234,d_loc_le_2_flag,discovery_binary_reward,-0.116864,3000
D1A,V5_decayepoch,1234,d_loc_le_2_flag,f_new_flag,0.0,3000
D1A,V5_decayepoch,1235,f_new_flag,discovery_binary_reward,0.0,3000
D1A,V5_decayepoch,1235,recent_marginal_discovery_rate,discovery_binary_reward,0.076444,3000
D1A,V5_decayepoch,1235,recent_marginal_discovery_rate,f_new_flag,0.0,3000
D1A,V5_decayepoch,1235,singleton_failure_flag,discovery_binary_reward,-0.059955,3000
D1A,V5_decayepoch,1235,singleton_failure_flag,f_new_flag,0.0,3000
D1A,V5_decayepoch,1235,mutation_substrategy_uniqueness,discovery_binary_reward,-0.012932,3000
D1A,V5_decayepoch,1235,mutation_substrategy_uniqueness,f_new_flag,0.0,3000
D1A,V5_decayepoch,1235,d_loc_le_2_flag,discovery_binary_reward,-0.118213,3000
D1A,V5_decayepoch,1235,d_loc_le_2_flag,f_new_flag,0.0,3000
D1A,V5_decayepoch,1236,f_new_flag,discovery_binary_reward,0.0,3000
D1A,V5_decayepoch,1236,recent_marginal_discovery_rate,discovery_binary_reward,0.081335,3000
D1A,V5_decayepoch,1236,recent_marginal_discovery_rate,f_new_flag,0.0,3000
D1A,V5_decayepoch,1236,singleton_failure_flag,discovery_binary_reward,-0.069794,3000
D1A,V5_decayepoch,1236,singleton_failure_flag,f_new_flag,0.0,3000
D1A,V5_decayepoch,1236,mutation_substrategy_uniqueness,discovery_binary_reward,-0.02029,3000
D1A,V5_decayepoch,1236,mutation_substrategy_uniqueness,f_new_flag,0.0,3000
D1A,V5_decayepoch,1236,d_loc_le_2_flag,discovery_binary_reward,-0.114972,3000
D1A,V5_decayepoch,1236,d_loc_le_2_flag,f_new_flag,0.0,3000
D1A,V5_decayepoch,1237,f_new_flag,discovery_binary_reward,0.0,3000
D1A,V5_decayepoch,1237,recent_marginal_discovery_rate,discovery_binary_reward,0.106734,3000
D1A,V5_decayepoch,1237,recent_marginal_discovery_rate,f_new_flag,0.0,3000
D1A,V5_decayepoch,1237,singleton_failure_flag,discovery_binary_reward,-0.061085,3000
D1A,V5_decayepoch,1237,singleton_failure_flag,f_new_flag,0.0,3000
D1A,V5_decayepoch,1237,mutation_substrategy_uniqueness,discovery_binary_reward,-0.030698,3000
D1A,V5_decayepoch,1237,mutation_substrategy_uniqueness,f_new_flag,0.0,3000
D1A,V5_decayepoch,1237,d_loc_le_2_flag,discovery_binary_reward,-0.111896,3000
D1A,V5_decayepoch,1237,d_loc_le_2_flag,f_new_flag,0.0,3000
D1A,V5_decayepoch,1238,f_new_flag,discovery_binary_reward,0.0,3000
D1A,V5_decayepoch,1238,recent_marginal_discovery_rate,discovery_binary_reward,0.100591,3000
D1A,V5_decayepoch,1238,recent_marginal_discovery_rate,f_new_flag,0.0,3000
D1A,V5_decayepoch,1238,singleton_failure_flag,discovery_binary_reward,-0.055107,3000
D1A,V5_decayepoch,1238,singleton_failure_flag,f_new_flag,0.0,3000
D1A,V5_decayepoch,1238,mutation_substrategy_uniqueness,discovery_binary_reward,-0.051667,3000
D1A,V5_decayepoch,1238,mutation_substrategy_uniqueness,f_new_flag,0.0,3000
D1A,V5_decayepoch,1238,d_loc_le_2_flag,discovery_binary_reward,-0.130336,3000
D1A,V5_decayepoch,1238,d_loc_le_2_flag,f_new_flag,0.0,3000
