corpus,variant,seed,signal_name,fire_rate_full,fire_rate_post_local,passes_5pct_gate
V1,V1,1234,f_new_flag,0.001667,0.0,False
V1,V1,1234,recent_marginal_discovery_rate,0.424833,0.113,True
V1,V1,1234,singleton_failure_flag,0.194833,0.202667,True
V1,V1,1234,mutation_substrategy_uniqueness,0.343833,0.338,True
V1,V1,1234,d_loc_le_2_flag,0.759667,0.765667,True
V1,V1,1235,f_new_flag,0.001667,0.000333,False
V1,V1,1235,recent_marginal_discovery_rate,0.429333,0.118,True
V1,V1,1235,singleton_failure_flag,0.204333,0.204333,True
V1,V1,1235,mutation_substrategy_uniqueness,0.350833,0.337,True
V1,V1,1235,d_loc_le_2_flag,0.764333,0.763667,True
V1,V1,1236,f_new_flag,0.001833,0.000333,False
V1,V1,1236,recent_marginal_discovery_rate,0.373,0.087667,True
V1,V1,1236,singleton_failure_flag,0.1965,0.19,True
V1,V1,1236,mutation_substrategy_uniqueness,0.352833,0.346667,True
V1,V1,1236,d_loc_le_2_flag,0.766167,0.763333,True
V1,V1,1237,f_new_flag,0.001667,0.0,False
V1,V1,1237,recent_marginal_discovery_rate,0.407,0.155333,True
V1,V1,1237,singleton_failure_flag,0.2035,0.210333,True
V1,V1,1237,mutation_substrategy_uniqueness,0.336833,0.327333,True
V1,V1,1237,d_loc_le_2_flag,0.756333,0.755333,True
V1,V1,1238,f_new_flag,0.001833,0.0,False
V1,V1,1238,recent_marginal_discovery_rate,0.3175,0.091667,True
V1,V1,1238,singleton_failure_flag,0.206833,0.206333,True
V1,V1,1238,mutation_substrategy_uniqueness,0.342333,0.328667,True
V1,V1,1238,d_loc_le_2_flag,0.756,0.761333,True
V1,V1,1239,f_new_flag,0.001833,0.000333,False
V1,V1,1239,recent_marginal_discovery_rate,0.407,0.088333,True
V1,V1,1239,singleton_failure_flag,0.204167,0.215,True
V1,V1,1239,mutation_substrategy_uniqueness,0.349,0.328,True
V1,V1,1239,d_loc_le_2_flag,0.757833,0.762333,True
V1,V1,1240,f_new_flag,0.001667,0.0,False
V1,V1,1240,recent_marginal_discovery_rate,0.362333,0.088333,True
V1,V1,1240,singleton_failure_flag,0.209833,0.208667,True
V1,V1,1240,mutation_substrategy_uniqueness,0.341833,0.339667,True
V1,V1,1240,d_loc_le_2_flag,0.759833,0.761,True
V1,V1,1241,f_new_flag,0.001667,0.0,False
V1,V1,1241,recent_marginal_discovery_rate,0.366833,0.11,True
V1,V1,1241,singleton_failure_flag,0.194,0.194,True
V1,V1,1241,mutation_substrategy_uniqueness,0.3485,0.336667,True
V1,V1,1241,d_loc_le_2_flag,0.761167,0.76,True
V1,V1,1242,f_new_flag,0.001833,0.0,False
V1,V1,1242,recent_marginal_discovery_rate,0.3545,0.066333,True
V1,V1,1242,singleton_failure_flag,0.197667,0.198667,True
V1,V1,1242,mutation_substrategy_uniqueness,0.345167,0.335333,True
V1,V1,1242,d_loc_le_2_flag,0.764667,0.769,True
V1,V1,1243,f_new_flag,0.0015,0.000333,False
V1,V1,1243,recent_marginal_discovery_rate,0.411333,0.074667,True
V1,V1,1243,singleton_failure_flag,0.207167,0.200333,True
V1,V1,1243,mutation_substrategy_uniqueness,0.341833,0.329333,True
V1,V1,1243,d_loc_le_2_flag,0.770167,0.768333,True
V5,V5,1234,f_new_flag,0.001667,0.0,False
V5,V5,1234,recent_marginal_discovery_rate,0.439833,0.164333,True
V5,V5,1234,singleton_failure_flag,0.166,0.165333,True
V5,V5,1234,mutation_substrategy_uniqueness,0.411333,0.394,True
V5,V5,1234,d_loc_le_2_flag,0.613333,0.61,True
V5,V5,1235,f_new_flag,0.001667,0.0,False
V5,V5,1235,recent_marginal_discovery_rate,0.456833,0.098333,True
V5,V5,1235,singleton_failure_flag,0.1735,0.177667,True
V5,V5,1235,mutation_substrategy_uniqueness,0.409667,0.395333,True
V5,V5,1235,d_loc_le_2_flag,0.609333,0.595667,True
V5,V5,1236,f_new_flag,0.001667,0.0,False
V5,V5,1236,recent_marginal_discovery_rate,0.4525,0.155333,True
V5,V5,1236,singleton_failure_flag,0.1685,0.175,True
V5,V5,1236,mutation_substrategy_uniqueness,0.4155,0.402333,True
V5,V5,1236,d_loc_le_2_flag,0.610333,0.613667,True
V5,V5,1237,f_new_flag,0.001833,0.0,False
V5,V5,1237,recent_marginal_discovery_rate,0.469333,0.148333,True
V5,V5,1237,singleton_failure_flag,0.166333,0.164333,True
V5,V5,1237,mutation_substrategy_uniqueness,0.408333,0.394667,True
V5,V5,1237,d_loc_le_2_flag,0.618667,0.613,True
V5,V5,1238,f_new_flag,0.001667,0.0,False
V5,V5,1238,recent_marginal_discovery_rate,0.441833,0.138333,True
V5,V5,1238,singleton_failure_flag,0.160333,0.153667,True
V5,V5,1238,mutation_substrategy_uniqueness,0.412833,0.397,True
V5,V5,1238,d_loc_le_2_flag,0.615167,0.613667,True
V5,V5,1239,f_new_flag,0.0015,0.0,False
V5,V5,1239,recent_marginal_discovery_rate,0.485167,0.176,True
V5,V5,1239,singleton_failure_flag,0.171167,0.181333,True
V5,V5,1239,mutation_substrategy_uniqueness,0.4155,0.399333,True
V5,V5,1239,d_loc_le_2_flag,0.606167,0.608333,True
V5,V5,1240,f_new_flag,0.001667,0.0,False
V5,V5,1240,recent_marginal_discovery_rate,0.453833,0.117667,True
V5,V5,1240,singleton_failure_flag,0.163667,0.161,True
V5,V5,1240,mutation_substrategy_uniqueness,0.411,0.394667,True
V5,V5,1240,d_loc_le_2_flag,0.605,0.601333,True
V5,V5,1241,f_new_flag,0.001667,0.0,False
V5,V5,1241,recent_marginal_discovery_rate,0.469833,0.118333,True
V5,V5,1241,singleton_failure_flag,0.169833,0.171667,True
V5,V5,1241,mutation_substrategy_uniqueness,0.411167,0.393667,True
V5,V5,1241,d_loc_le_2_flag,0.603667,0.604,True
V5,V5,1242,f_new_flag,0.001667,0.0,False
V5,V5,1242,recent_marginal_discovery_rate,0.484833,0.227333,True
V5,V5,1242,singleton_failure_flag,0.1675,0.163,True
V5,V5,1242,mutation_substrategy_uniqueness,0.412333,0.394667,True
V5,V5,1242,d_loc_le_2_flag,0.616333,0.61,True
V5,V5,1243,f_new_flag,0.001833,0.0,False
V5,V5,1243,recent_marginal_discovery_rate,0.47,0.131333,True
V5,V5,1243,singleton_failure_flag,0.1745,0.170333,True
V5,V5,1243,mutation_substrategy_uniqueness,0.402667,0.387667,True
V5,V5,1243,d_loc_le_2_flag,0.6155,0.613333,True
D1.A-decayexp,D1.A-decayexp,1234,f_new_flag,0.001667,0.0,False
D1.A-decayexp,D1.A-decayexp,1234,recent_marginal_discovery_rate,0.526333,0.250667,True
D1.A-decayexp,D1.A-decayexp,1234,singleton_failure_flag,0.126333,0.122,True
D1.A-decayexp,D1.A-decayexp,1234,mutation_substrategy_uniqueness,0.301333,0.281667,True
D1.A-decayexp,D1.A-decayexp,1234,d_loc_le_2_flag,0.4645,0.458,True
D1.A-decayexp,D1.A-decayexp,1235,f_new_flag,0.001667,0.0,False
D1.A-decayexp,D1.A-decayexp,1235,recent_marginal_discovery_rate,0.499667,0.149333,True
D1.A-decayexp,D1.A-decayexp,1235,singleton_failure_flag,0.1335,0.131333,True
D1.A-decayexp,D1.A-decayexp,1235,mutation_substrategy_uniqueness,0.313333,0.304333,True
D1.A-decayexp,D1.A-decayexp,1235,d_loc_le_2_flag,0.465333,0.451,True
D1.A-decayexp,D1.A-decayexp,1236,f_new_flag,0.001667,0.0,False
D1.A-decayexp,D1.A-decayexp,1236,recent_marginal_discovery_rate,0.436333,0.117333,True
D1.A-decayexp,D1.A-decayexp,1236,singleton_failure_flag,0.133667,0.130333,True
D1.A-decayexp,D1.A-decayexp,1236,mutation_substrategy_uniqueness,0.323,0.306333,True
D1.A-decayexp,D1.A-decayexp,1236,d_loc_le_2_flag,0.473833,0.471333,True
D1.A-decayexp,D1.A-decayexp,1237,f_new_flag,0.001833,0.0,False
D1.A-decayexp,D1.A-decayexp,1237,recent_marginal_discovery_rate,0.462167,0.158,True
D1.A-decayexp,D1.A-decayexp,1237,singleton_failure_flag,0.129667,0.124,True
D1.A-decayexp,D1.A-decayexp,1237,mutation_substrategy_uniqueness,0.296,0.282667,True
D1.A-decayexp,D1.A-decayexp,1237,d_loc_le_2_flag,0.4685,0.456667,True
D1.A-decayexp,D1.A-decayexp,1238,f_new_flag,0.001667,0.0,False
D1.A-decayexp,D1.A-decayexp,1238,recent_marginal_discovery_rate,0.426,0.158,True
D1.A-decayexp,D1.A-decayexp,1238,singleton_failure_flag,0.123167,0.116,True
D1.A-decayexp,D1.A-decayexp,1238,mutation_substrategy_uniqueness,0.309833,0.291333,True
D1.A-decayexp,D1.A-decayexp,1238,d_loc_le_2_flag,0.466,0.451333,True
D1.A-decayepoch,D1.A-decayepoch,1234,f_new_flag,0.001667,0.0,False
D1.A-decayepoch,D1.A-decayepoch,1234,recent_marginal_discovery_rate,0.597,0.301333,True
D1.A-decayepoch,D1.A-decayepoch,1234,singleton_failure_flag,0.131167,0.119333,True
D1.A-decayepoch,D1.A-decayepoch,1234,mutation_substrategy_uniqueness,0.317667,0.259,True
D1.A-decayepoch,D1.A-decayepoch,1234,d_loc_le_2_flag,0.491833,0.439,True
D1.A-decayepoch,D1.A-decayepoch,1235,f_new_flag,0.001667,0.0,False
D1.A-decayepoch,D1.A-decayepoch,1235,recent_marginal_discovery_rate,0.596833,0.283333,True
D1.A-decayepoch,D1.A-decayepoch,1235,singleton_failure_flag,0.1365,0.124333,True
D1.A-decayepoch,D1.A-decayepoch,1235,mutation_substrategy_uniqueness,0.327667,0.283333,True
D1.A-decayepoch,D1.A-decayepoch,1235,d_loc_le_2_flag,0.500833,0.447667,True
D1.A-decayepoch,D1.A-decayepoch,1236,f_new_flag,0.001667,0.0,False
D1.A-decayepoch,D1.A-decayepoch,1236,recent_marginal_discovery_rate,0.575167,0.279667,True
D1.A-decayepoch,D1.A-decayepoch,1236,singleton_failure_flag,0.133833,0.122667,True
D1.A-decayepoch,D1.A-decayepoch,1236,mutation_substrategy_uniqueness,0.324167,0.276333,True
D1.A-decayepoch,D1.A-decayepoch,1236,d_loc_le_2_flag,0.483667,0.434,True
D1.A-decayepoch,D1.A-decayepoch,1237,f_new_flag,0.001833,0.0,False
D1.A-decayepoch,D1.A-decayepoch,1237,recent_marginal_discovery_rate,0.5555,0.237,True
D1.A-decayepoch,D1.A-decayepoch,1237,singleton_failure_flag,0.135333,0.121667,True
D1.A-decayepoch,D1.A-decayepoch,1237,mutation_substrategy_uniqueness,0.316333,0.267,True
D1.A-decayepoch,D1.A-decayepoch,1237,d_loc_le_2_flag,0.498167,0.447667,True
D1.A-decayepoch,D1.A-decayepoch,1238,f_new_flag,0.001667,0.0,False
D1.A-decayepoch,D1.A-decayepoch,1238,recent_marginal_discovery_rate,0.542667,0.321667,True
D1.A-decayepoch,D1.A-decayepoch,1238,singleton_failure_flag,0.135167,0.120667,True
D1.A-decayepoch,D1.A-decayepoch,1238,mutation_substrategy_uniqueness,0.3175,0.266333,True
D1.A-decayepoch,D1.A-decayepoch,1238,d_loc_le_2_flag,0.485667,0.436333,True
