variant,seed,db_path,kind,current_reward,no_qloc_reward,discovery_binary_reward,compressed_global_reward,n
V1,1234,/root/arguzz/a4/runs/iv_pos_7/dbs/2026-06-14_08-42-25_695151/algofi/pos_iv_pos_7_ta_b1_zoned_seed1234_n6000.db,COMP_OUT_MOD,5.929021306735315e-05,0.19663022894316334,0.020491803278688523,0.00019362615397965213,732
V1,1234,/root/arguzz/a4/runs/iv_pos_7/dbs/2026-06-14_08-42-25_695151/algofi/pos_iv_pos_7_ta_b1_zoned_seed1234_n6000.db,INSTR_TYPE_MOD,0.1682380044671732,0.17932125772012134,0.26975476839237056,0.0043932288637892275,734
V1,1234,/root/arguzz/a4/runs/iv_pos_7/dbs/2026-06-14_08-42-25_695151/algofi/pos_iv_pos_7_ta_b1_zoned_seed1234_n6000.db,INSTR_WORD_MOD_FULL,0.0066501633365711205,0.1987416887404428,0.05,0.001801127361532685,720
V1,1234,/root/arguzz/a4/runs/iv_pos_7/dbs/2026-06-14_08-42-25_695151/algofi/pos_iv_pos_7_ta_b1_zoned_seed1234_n6000.db,INSTR_WORD_MOD_SUR,0.005512346511293435,0.2251274234825209,0.03768506056527591,0.0018407521839301293,743
V1,1234,/root/arguzz/a4/runs/iv_pos_7/dbs/2026-06-14_08-42-25_695151/algofi/pos_iv_pos_7_ta_b1_zoned_seed1234_n6000.db,LOAD_VAL_MOD,-0.01245941120458505,0.18841033935450385,0.0038510911424903724,0.00018194395983710574,779
V1,1234,/root/arguzz/a4/runs/iv_pos_7/dbs/2026-06-14_08-42-25_695151/algofi/pos_iv_pos_7_ta_b1_zoned_seed1234_n6000.db,MEM_VAL_MOD,0.008981195427262606,0.19824680460622038,0.06589147286821706,0.002145523110613382,774
V1,1234,/root/arguzz/a4/runs/iv_pos_7/dbs/2026-06-14_08-42-25_695151/algofi/pos_iv_pos_7_ta_b1_zoned_seed1234_n6000.db,PRE_EXEC_REG_MOD,-0.027026826987584157,0.19055749149163398,0.06456043956043957,0.002503376176921863,728
V1,1234,/root/arguzz/a4/runs/iv_pos_7/dbs/2026-06-14_08-42-25_695151/algofi/pos_iv_pos_7_ta_b1_zoned_seed1234_n6000.db,STORE_OUT_MOD,-0.012402732758008541,0.18732498940124406,0.0037974683544303796,0.00017941056292798148,790
V1,1235,/root/arguzz/a4/runs/iv_pos_7/dbs/2026-06-14_08-42-25_695151/gard/pos_iv_pos_7_ta_b1_zoned_seed1235_n6000.db,COMP_OUT_MOD,-0.0031310977855628047,0.1959487669641611,0.016506189821182942,9.747891658397893e-05,727
V1,1235,/root/arguzz/a4/runs/iv_pos_7/dbs/2026-06-14_08-42-25_695151/gard/pos_iv_pos_7_ta_b1_zoned_seed1235_n6000.db,INSTR_TYPE_MOD,0.15953191266900302,0.17471644567219524,0.2535211267605634,0.004949409333436872,710
V1,1235,/root/arguzz/a4/runs/iv_pos_7/dbs/2026-06-14_08-42-25_695151/gard/pos_iv_pos_7_ta_b1_zoned_seed1235_n6000.db,INSTR_WORD_MOD_FULL,0.011718587556920642,0.20018252666762767,0.055693069306930694,0.002113391839137175,808
V1,1235,/root/arguzz/a4/runs/iv_pos_7/dbs/2026-06-14_08-42-25_695151/gard/pos_iv_pos_7_ta_b1_zoned_seed1235_n6000.db,INSTR_WORD_MOD_SUR,0.006176157846453144,0.22509633484807107,0.04297994269340974,0.0017303117049423348,698
V1,1235,/root/arguzz/a4/runs/iv_pos_7/dbs/2026-06-14_08-42-25_695151/gard/pos_iv_pos_7_ta_b1_zoned_seed1235_n6000.db,LOAD_VAL_MOD,-0.013340337776211774,0.1882671727527893,0.002789400278940028,0.00019767691033905908,717
V1,1235,/root/arguzz/a4/runs/iv_pos_7/dbs/2026-06-14_08-42-25_695151/gard/pos_iv_pos_7_ta_b1_zoned_seed1235_n6000.db,MEM_VAL_MOD,0.012202957276386203,0.1975117143660759,0.05613577023498695,0.002049189413559989,766
V1,1235,/root/arguzz/a4/runs/iv_pos_7/dbs/2026-06-14_08-42-25_695151/gard/pos_iv_pos_7_ta_b1_zoned_seed1235_n6000.db,PRE_EXEC_REG_MOD,-0.021861488536058318,0.19300313817075465,0.06788511749347259,0.0023791878026098124,766
V1,1235,/root/arguzz/a4/runs/iv_pos_7/dbs/2026-06-14_08-42-25_695151/gard/pos_iv_pos_7_ta_b1_zoned_seed1235_n6000.db,STORE_OUT_MOD,-0.013032521054277059,0.18725074341415593,0.0037128712871287127,0.00017541379296176406,808
V1,1236,/root/arguzz/a4/runs/iv_pos_7/dbs/2026-06-14_08-42-25_695151/goracle/pos_iv_pos_7_ta_b1_zoned_seed1236_n6000.db,COMP_OUT_MOD,-0.0017693329231172384,0.1967295028054238,0.019417475728155338,0.00019658022845090898,721
V1,1236,/root/arguzz/a4/runs/iv_pos_7/dbs/2026-06-14_08-42-25_695151/goracle/pos_iv_pos_7_ta_b1_zoned_seed1236_n6000.db,INSTR_TYPE_MOD,0.13781570922382336,0.1643977253735975,0.22296395193591456,0.004154451132374113,749
V1,1236,/root/arguzz/a4/runs/iv_pos_7/dbs/2026-06-14_08-42-25_695151/goracle/pos_iv_pos_7_ta_b1_zoned_seed1236_n6000.db,INSTR_WORD_MOD_FULL,0.011421644860984546,0.20426954423361254,0.044136191677175286,0.0013744069095650905,793
V1,1236,/root/arguzz/a4/runs/iv_pos_7/dbs/2026-06-14_08-42-25_695151/goracle/pos_iv_pos_7_ta_b1_zoned_seed1236_n6000.db,INSTR_WORD_MOD_SUR,0.000397138881830386,0.2213391450820528,0.03416557161629435,0.0014511153846322323,761
V1,1236,/root/arguzz/a4/runs/iv_pos_7/dbs/2026-06-14_08-42-25_695151/goracle/pos_iv_pos_7_ta_b1_zoned_seed1236_n6000.db,LOAD_VAL_MOD,-0.012207234080754352,0.18896329159992803,0.004366812227074236,0.00010315454491492385,687
V1,1236,/root/arguzz/a4/runs/iv_pos_7/dbs/2026-06-14_08-42-25_695151/goracle/pos_iv_pos_7_ta_b1_zoned_seed1236_n6000.db,MEM_VAL_MOD,0.01214200411958192,0.19691831752627373,0.056910569105691054,0.0018932992176962063,738
V1,1236,/root/arguzz/a4/runs/iv_pos_7/dbs/2026-06-14_08-42-25_695151/goracle/pos_iv_pos_7_ta_b1_zoned_seed1236_n6000.db,PRE_EXEC_REG_MOD,-0.02245194063938499,0.19116462951875315,0.07169811320754717,0.0027381053063923015,795
V1,1236,/root/arguzz/a4/runs/iv_pos_7/dbs/2026-06-14_08-42-25_695151/goracle/pos_iv_pos_7_ta_b1_zoned_seed1236_n6000.db,STORE_OUT_MOD,-0.012464571879484474,0.18683676707419145,0.003968253968253968,0.00018747929194855206,756
V1,1237,/root/arguzz/a4/runs/iv_pos_7/dbs/2026-06-14_08-42-25_695151/zone/pos_iv_pos_7_ta_b1_zoned_seed1237_n6000.db,COMP_OUT_MOD,-0.007352018683846802,0.19456503284873566,0.013513513513513514,0.0001915328982609532,740
V1,1237,/root/arguzz/a4/runs/iv_pos_7/dbs/2026-06-14_08-42-25_695151/zone/pos_iv_pos_7_ta_b1_zoned_seed1237_n6000.db,INSTR_TYPE_MOD,0.14557082489786755,0.17275575629483417,0.23316708229426433,0.004222868342203348,802
V1,1237,/root/arguzz/a4/runs/iv_pos_7/dbs/2026-06-14_08-42-25_695151/zone/pos_iv_pos_7_ta_b1_zoned_seed1237_n6000.db,INSTR_WORD_MOD_FULL,0.004707778327867352,0.2014437232627721,0.05006765899864682,0.002310718005443623,739
V1,1237,/root/arguzz/a4/runs/iv_pos_7/dbs/2026-06-14_08-42-25_695151/zone/pos_iv_pos_7_ta_b1_zoned_seed1237_n6000.db,INSTR_WORD_MOD_SUR,0.00499827966574947,0.22575736061357715,0.035161744022503515,0.0018468459849473521,711
V1,1237,/root/arguzz/a4/runs/iv_pos_7/dbs/2026-06-14_08-42-25_695151/zone/pos_iv_pos_7_ta_b1_zoned_seed1237_n6000.db,LOAD_VAL_MOD,-0.01351969963563613,0.18812699059142535,0.002652519893899204,9.398829225006987e-05,754
V1,1237,/root/arguzz/a4/runs/iv_pos_7/dbs/2026-06-14_08-42-25_695151/zone/pos_iv_pos_7_ta_b1_zoned_seed1237_n6000.db,MEM_VAL_MOD,0.011788213927556749,0.19874116621574303,0.058666666666666666,0.0020661206217542642,750
V1,1237,/root/arguzz/a4/runs/iv_pos_7/dbs/2026-06-14_08-42-25_695151/zone/pos_iv_pos_7_ta_b1_zoned_seed1237_n6000.db,PRE_EXEC_REG_MOD,-0.018269504574160066,0.19217334493933091,0.06878980891719745,0.0024118790180326995,785
V1,1237,/root/arguzz/a4/runs/iv_pos_7/dbs/2026-06-14_08-42-25_695151/zone/pos_iv_pos_7_ta_b1_zoned_seed1237_n6000.db,STORE_OUT_MOD,-0.012080033523287572,0.1874886317859547,0.004172461752433936,0.00019712704410723974,719
V1,1238,/root/arguzz/a4/runs/iv_pos_7/dbs/pos_iv_pos_7_ta_b2_zoned_seed1238_n6000/pos_iv_pos_7_ta_b2_zoned_seed1238_n6000.db,COMP_OUT_MOD,-0.0049888930074669015,0.19549965217867812,0.013477088948787063,0.0001910166370796568,742
V1,1238,/root/arguzz/a4/runs/iv_pos_7/dbs/pos_iv_pos_7_ta_b2_zoned_seed1238_n6000/pos_iv_pos_7_ta_b2_zoned_seed1238_n6000.db,INSTR_TYPE_MOD,0.12969089985216478,0.16748023263923495,0.21098626716604243,0.0038383064471671047,801
V1,1238,/root/arguzz/a4/runs/iv_pos_7/dbs/pos_iv_pos_7_ta_b2_zoned_seed1238_n6000/pos_iv_pos_7_ta_b2_zoned_seed1238_n6000.db,INSTR_WORD_MOD_FULL,0.0024665333123761748,0.20160371159840107,0.043010752688172046,0.001301423332047399,744
V1,1238,/root/arguzz/a4/runs/iv_pos_7/dbs/pos_iv_pos_7_ta_b2_zoned_seed1238_n6000/pos_iv_pos_7_ta_b2_zoned_seed1238_n6000.db,INSTR_WORD_MOD_SUR,0.004673961928972538,0.2234574815745132,0.03937007874015748,0.0015422125722594244,762
V1,1238,/root/arguzz/a4/runs/iv_pos_7/dbs/pos_iv_pos_7_ta_b2_zoned_seed1238_n6000/pos_iv_pos_7_ta_b2_zoned_seed1238_n6000.db,LOAD_VAL_MOD,-0.012826791488710692,0.18900763310579252,0.004155124653739612,0.0,722
V1,1238,/root/arguzz/a4/runs/iv_pos_7/dbs/pos_iv_pos_7_ta_b2_zoned_seed1238_n6000/pos_iv_pos_7_ta_b2_zoned_seed1238_n6000.db,MEM_VAL_MOD,0.014783522494893755,0.19694189309558813,0.06429548563611491,0.0021053203384034276,731
V1,1238,/root/arguzz/a4/runs/iv_pos_7/dbs/pos_iv_pos_7_ta_b2_zoned_seed1238_n6000/pos_iv_pos_7_ta_b2_zoned_seed1238_n6000.db,PRE_EXEC_REG_MOD,-0.0262642765537253,0.19176583728555519,0.06578947368421052,0.002677709702458914,760
V1,1238,/root/arguzz/a4/runs/iv_pos_7/dbs/pos_iv_pos_7_ta_b2_zoned_seed1238_n6000/pos_iv_pos_7_ta_b2_zoned_seed1238_n6000.db,STORE_OUT_MOD,-0.012195603362244373,0.1875364085666645,0.0040650406504065045,0.00019205195760583382,738
V1,1239,/root/arguzz/a4/runs/iv_pos_7/dbs/pos_iv_pos_7_ta_b2_zoned_seed1239_n6000/pos_iv_pos_7_ta_b2_zoned_seed1239_n6000.db,COMP_OUT_MOD,-0.005496346623443032,0.19538020374166978,0.015789473684210527,9.324627941651669e-05,760
V1,1239,/root/arguzz/a4/runs/iv_pos_7/dbs/pos_iv_pos_7_ta_b2_zoned_seed1239_n6000/pos_iv_pos_7_ta_b2_zoned_seed1239_n6000.db,INSTR_TYPE_MOD,0.13976115940747186,0.17257195213497736,0.23186528497409326,0.0048248451777665995,772
V1,1239,/root/arguzz/a4/runs/iv_pos_7/dbs/pos_iv_pos_7_ta_b2_zoned_seed1239_n6000/pos_iv_pos_7_ta_b2_zoned_seed1239_n6000.db,INSTR_WORD_MOD_FULL,0.004572524333009568,0.2042157615227374,0.042105263157894736,0.001639517305813466,760
V1,1239,/root/arguzz/a4/runs/iv_pos_7/dbs/pos_iv_pos_7_ta_b2_zoned_seed1239_n6000/pos_iv_pos_7_ta_b2_zoned_seed1239_n6000.db,INSTR_WORD_MOD_SUR,0.004987051725398634,0.22287789461710195,0.03804347826086957,0.0013572675033387376,736
V1,1239,/root/arguzz/a4/runs/iv_pos_7/dbs/pos_iv_pos_7_ta_b2_zoned_seed1239_n6000/pos_iv_pos_7_ta_b2_zoned_seed1239_n6000.db,LOAD_VAL_MOD,-0.011981569399958609,0.189034059415935,0.004132231404958678,9.761318506412215e-05,726
V1,1239,/root/arguzz/a4/runs/iv_pos_7/dbs/pos_iv_pos_7_ta_b2_zoned_seed1239_n6000/pos_iv_pos_7_ta_b2_zoned_seed1239_n6000.db,MEM_VAL_MOD,0.010936815360385826,0.19502485249943088,0.059278350515463915,0.0018660223847230665,776
V1,1239,/root/arguzz/a4/runs/iv_pos_7/dbs/pos_iv_pos_7_ta_b2_zoned_seed1239_n6000/pos_iv_pos_7_ta_b2_zoned_seed1239_n6000.db,PRE_EXEC_REG_MOD,-0.016897149428559962,0.19268112601911996,0.0763888888888889,0.0026575189633707254,720
V1,1239,/root/arguzz/a4/runs/iv_pos_7/dbs/pos_iv_pos_7_ta_b2_zoned_seed1239_n6000/pos_iv_pos_7_ta_b2_zoned_seed1239_n6000.db,STORE_OUT_MOD,-0.014524901152625494,0.18646694978607797,0.0026666666666666666,0.0001889791262841405,750
V1,1240,/root/arguzz/a4/runs/iv_pos_7/dbs/pos_iv_pos_7_ta_b2_zoned_seed1240_n6000/pos_iv_pos_7_ta_b2_zoned_seed1240_n6000.db,COMP_OUT_MOD,-0.007153011098079285,0.1949202388443764,0.01303780964797914,0.0,767
V1,1240,/root/arguzz/a4/runs/iv_pos_7/dbs/pos_iv_pos_7_ta_b2_zoned_seed1240_n6000/pos_iv_pos_7_ta_b2_zoned_seed1240_n6000.db,INSTR_TYPE_MOD,0.14348229031763493,0.1706113423652131,0.22963951935914553,0.00454706793927532,749
V1,1240,/root/arguzz/a4/runs/iv_pos_7/dbs/pos_iv_pos_7_ta_b2_zoned_seed1240_n6000/pos_iv_pos_7_ta_b2_zoned_seed1240_n6000.db,INSTR_WORD_MOD_FULL,0.004618773355402443,0.20291314665540788,0.046089385474860335,0.0016211897369297062,716
V1,1240,/root/arguzz/a4/runs/iv_pos_7/dbs/pos_iv_pos_7_ta_b2_zoned_seed1240_n6000/pos_iv_pos_7_ta_b2_zoned_seed1240_n6000.db,INSTR_WORD_MOD_SUR,0.0050145477889866315,0.22148728103450865,0.038461538461538464,0.0015585755703735828,754
V1,1240,/root/arguzz/a4/runs/iv_pos_7/dbs/pos_iv_pos_7_ta_b2_zoned_seed1240_n6000/pos_iv_pos_7_ta_b2_zoned_seed1240_n6000.db,LOAD_VAL_MOD,-0.012276106724551684,0.1878959053303907,0.00390625,9.227496400592797e-05,768
V1,1240,/root/arguzz/a4/runs/iv_pos_7/dbs/pos_iv_pos_7_ta_b2_zoned_seed1240_n6000/pos_iv_pos_7_ta_b2_zoned_seed1240_n6000.db,MEM_VAL_MOD,0.012893930675514573,0.19861126174104274,0.05751633986928104,0.001866594439312217,765
V1,1240,/root/arguzz/a4/runs/iv_pos_7/dbs/pos_iv_pos_7_ta_b2_zoned_seed1240_n6000/pos_iv_pos_7_ta_b2_zoned_seed1240_n6000.db,PRE_EXEC_REG_MOD,-0.019122397043930324,0.19297890692182376,0.06743002544529263,0.0027694576572288546,786
V1,1240,/root/arguzz/a4/runs/iv_pos_7/dbs/pos_iv_pos_7_ta_b2_zoned_seed1240_n6000/pos_iv_pos_7_ta_b2_zoned_seed1240_n6000.db,STORE_OUT_MOD,-0.012911467839407208,0.18682541883088005,0.004316546762589928,0.00020393430893971996,695
V1,1241,/root/arguzz/a4/runs/iv_pos_7/dbs/pos_iv_pos_7_ta_b2_zoned_seed1241_n6000/pos_iv_pos_7_ta_b2_zoned_seed1241_n6000.db,COMP_OUT_MOD,-0.0033872331050348635,0.19626391710849536,0.014588859416445624,9.398829225006987e-05,754
V1,1241,/root/arguzz/a4/runs/iv_pos_7/dbs/pos_iv_pos_7_ta_b2_zoned_seed1241_n6000/pos_iv_pos_7_ta_b2_zoned_seed1241_n6000.db,INSTR_TYPE_MOD,0.14586402823143144,0.16888404827956155,0.2352168199737188,0.004120336209944164,761
V1,1241,/root/arguzz/a4/runs/iv_pos_7/dbs/pos_iv_pos_7_ta_b2_zoned_seed1241_n6000/pos_iv_pos_7_ta_b2_zoned_seed1241_n6000.db,INSTR_WORD_MOD_FULL,0.0106821925855945,0.19823327596907306,0.052980132450331126,0.0022135578629901326,755
V1,1241,/root/arguzz/a4/runs/iv_pos_7/dbs/pos_iv_pos_7_ta_b2_zoned_seed1241_n6000/pos_iv_pos_7_ta_b2_zoned_seed1241_n6000.db,INSTR_WORD_MOD_SUR,0.003669283166496077,0.22206378183438502,0.0388739946380697,0.0015072217589495738,746
V1,1241,/root/arguzz/a4/runs/iv_pos_7/dbs/pos_iv_pos_7_ta_b2_zoned_seed1241_n6000/pos_iv_pos_7_ta_b2_zoned_seed1241_n6000.db,LOAD_VAL_MOD,-0.01278814830653398,0.18833555803101443,0.004189944134078212,9.897649770468252e-05,716
V1,1241,/root/arguzz/a4/runs/iv_pos_7/dbs/pos_iv_pos_7_ta_b2_zoned_seed1241_n6000/pos_iv_pos_7_ta_b2_zoned_seed1241_n6000.db,MEM_VAL_MOD,0.014131925836706211,0.19765777389275868,0.05695364238410596,0.0017783886692679227,755
V1,1241,/root/arguzz/a4/runs/iv_pos_7/dbs/pos_iv_pos_7_ta_b2_zoned_seed1241_n6000/pos_iv_pos_7_ta_b2_zoned_seed1241_n6000.db,PRE_EXEC_REG_MOD,-0.03045048375777031,0.1896731604108461,0.06925207756232687,0.0027908182124619404,722
V1,1241,/root/arguzz/a4/runs/iv_pos_7/dbs/pos_iv_pos_7_ta_b2_zoned_seed1241_n6000/pos_iv_pos_7_ta_b2_zoned_seed1241_n6000.db,STORE_OUT_MOD,-0.013887727521768823,0.1872461028523538,0.0025284450063211127,0.00017918374805702322,791
V1,1242,/root/arguzz/a4/runs/iv_pos_7/dbs/pos_iv_pos_7_ta_b3_zoned_seed1242_n6000/pos_iv_pos_7_ta_b3_zoned_seed1242_n6000.db,COMP_OUT_MOD,-0.006313852176464742,0.1949207479113593,0.013679890560875513,9.694551621963431e-05,731
V1,1242,/root/arguzz/a4/runs/iv_pos_7/dbs/pos_iv_pos_7_ta_b3_zoned_seed1242_n6000/pos_iv_pos_7_ta_b3_zoned_seed1242_n6000.db,INSTR_TYPE_MOD,0.1572038609058876,0.1788515950415628,0.24234354194407456,0.004407311966441887,751
V1,1242,/root/arguzz/a4/runs/iv_pos_7/dbs/pos_iv_pos_7_ta_b3_zoned_seed1242_n6000/pos_iv_pos_7_ta_b3_zoned_seed1242_n6000.db,INSTR_WORD_MOD_FULL,0.009770108073916156,0.201108038100459,0.05333333333333334,0.0019665739526425682,750
V1,1242,/root/arguzz/a4/runs/iv_pos_7/dbs/pos_iv_pos_7_ta_b3_zoned_seed1242_n6000/pos_iv_pos_7_ta_b3_zoned_seed1242_n6000.db,INSTR_WORD_MOD_SUR,0.01023891817099163,0.2227916755728936,0.04644808743169399,0.0014392353276227179,732
V1,1242,/root/arguzz/a4/runs/iv_pos_7/dbs/pos_iv_pos_7_ta_b3_zoned_seed1242_n6000/pos_iv_pos_7_ta_b3_zoned_seed1242_n6000.db,LOAD_VAL_MOD,-0.011801026572704952,0.1878796116456215,0.004987531172069825,8.836305780118789e-05,802
V1,1242,/root/arguzz/a4/runs/iv_pos_7/dbs/pos_iv_pos_7_ta_b3_zoned_seed1242_n6000/pos_iv_pos_7_ta_b3_zoned_seed1242_n6000.db,MEM_VAL_MOD,0.009484161755940435,0.19589193779817995,0.05466666666666667,0.0016740273039289265,750
V1,1242,/root/arguzz/a4/runs/iv_pos_7/dbs/pos_iv_pos_7_ta_b3_zoned_seed1242_n6000/pos_iv_pos_7_ta_b3_zoned_seed1242_n6000.db,PRE_EXEC_REG_MOD,-0.02408641097675843,0.19207378000915531,0.06586021505376344,0.002327287715015202,744
V1,1242,/root/arguzz/a4/runs/iv_pos_7/dbs/pos_iv_pos_7_ta_b3_zoned_seed1242_n6000/pos_iv_pos_7_ta_b3_zoned_seed1242_n6000.db,STORE_OUT_MOD,-0.012538109382908983,0.18751164989660563,0.004054054054054054,0.0001915328982609532,740
V1,1243,/root/arguzz/a4/runs/iv_pos_7/dbs/pos_iv_pos_7_ta_b3_zoned_seed1243_n6000/pos_iv_pos_7_ta_b3_zoned_seed1243_n6000.db,COMP_OUT_MOD,-0.006828821764746209,0.19502897199063446,0.011627906976744186,9.15596542074324e-05,774
V1,1243,/root/arguzz/a4/runs/iv_pos_7/dbs/pos_iv_pos_7_ta_b3_zoned_seed1243_n6000/pos_iv_pos_7_ta_b3_zoned_seed1243_n6000.db,INSTR_TYPE_MOD,0.1674549041883281,0.17381806210011277,0.2581081081081081,0.004418532483588311,740
V1,1243,/root/arguzz/a4/runs/iv_pos_7/dbs/pos_iv_pos_7_ta_b3_zoned_seed1243_n6000/pos_iv_pos_7_ta_b3_zoned_seed1243_n6000.db,INSTR_WORD_MOD_FULL,0.004147015990884998,0.20225248481422273,0.04041720990873533,0.0019966147437007393,767
V1,1243,/root/arguzz/a4/runs/iv_pos_7/dbs/pos_iv_pos_7_ta_b3_zoned_seed1243_n6000/pos_iv_pos_7_ta_b3_zoned_seed1243_n6000.db,INSTR_WORD_MOD_SUR,0.006562788972447395,0.22651722094907267,0.04016620498614958,0.0011169473543752163,722
V1,1243,/root/arguzz/a4/runs/iv_pos_7/dbs/pos_iv_pos_7_ta_b3_zoned_seed1243_n6000/pos_iv_pos_7_ta_b3_zoned_seed1243_n6000.db,LOAD_VAL_MOD,-0.013835110891663683,0.18824652573261852,0.002628120893561104,0.0,761
V1,1243,/root/arguzz/a4/runs/iv_pos_7/dbs/pos_iv_pos_7_ta_b3_zoned_seed1243_n6000/pos_iv_pos_7_ta_b3_zoned_seed1243_n6000.db,MEM_VAL_MOD,0.01885940794586971,0.1999079172846273,0.06002728512960437,0.0018317645911286242,733
V1,1243,/root/arguzz/a4/runs/iv_pos_7/dbs/pos_iv_pos_7_ta_b3_zoned_seed1243_n6000/pos_iv_pos_7_ta_b3_zoned_seed1243_n6000.db,PRE_EXEC_REG_MOD,-0.024070245582266555,0.19386282701379054,0.07008086253369272,0.002769741237655024,742
V1,1243,/root/arguzz/a4/runs/iv_pos_7/dbs/pos_iv_pos_7_ta_b3_zoned_seed1243_n6000/pos_iv_pos_7_ta_b3_zoned_seed1243_n6000.db,STORE_OUT_MOD,-0.013434340691322447,0.1863948699723451,0.003942181340341655,0.00018624749633785198,761
V2,1234,/root/arguzz/a4/runs/iv_pos_7/dbs/2026-06-14_03-00-16_498814/flare/pos_iv_pos_7_ts_b1_kindUCB_zoned_v1_seed1234_n6000.db,COMP_OUT_MOD,0.053002721396542184,0.21645564525209618,0.09183673469387756,0.001446268823603116,98
V2,1234,/root/arguzz/a4/runs/iv_pos_7/dbs/2026-06-14_03-00-16_498814/flare/pos_iv_pos_7_ts_b1_kindUCB_zoned_v1_seed1234_n6000.db,INSTR_TYPE_MOD,0.5412218634345958,0.27859651938277297,0.6833333333333333,0.014621719370257646,60
V2,1234,/root/arguzz/a4/runs/iv_pos_7/dbs/2026-06-14_03-00-16_498814/flare/pos_iv_pos_7_ts_b1_kindUCB_zoned_v1_seed1234_n6000.db,INSTR_WORD_MOD_FULL,0.024746417196555723,0.19769249017270724,0.0856269113149847,0.002621451185762096,327
V2,1234,/root/arguzz/a4/runs/iv_pos_7/dbs/2026-06-14_03-00-16_498814/flare/pos_iv_pos_7_ts_b1_kindUCB_zoned_v1_seed1234_n6000.db,INSTR_WORD_MOD_SUR,0.000503578028208737,0.21785479017206374,0.015133876600698487,0.00042962594324049265,5154
V2,1234,/root/arguzz/a4/runs/iv_pos_7/dbs/2026-06-14_03-00-16_498814/flare/pos_iv_pos_7_ts_b1_kindUCB_zoned_v1_seed1234_n6000.db,LOAD_VAL_MOD,0.005218519541662174,0.20647508241876358,0.021505376344086023,0.0007620126059844375,93
V2,1234,/root/arguzz/a4/runs/iv_pos_7/dbs/2026-06-14_03-00-16_498814/flare/pos_iv_pos_7_ts_b1_kindUCB_zoned_v1_seed1234_n6000.db,MEM_VAL_MOD,0.14137838305987507,0.2306292230935322,0.2358490566037736,0.006685582297787989,106
V2,1234,/root/arguzz/a4/runs/iv_pos_7/dbs/2026-06-14_03-00-16_498814/flare/pos_iv_pos_7_ts_b1_kindUCB_zoned_v1_seed1234_n6000.db,PRE_EXEC_REG_MOD,0.20782941274440608,0.24121005963395323,0.40625,0.012180295248782492,64
V2,1234,/root/arguzz/a4/runs/iv_pos_7/dbs/2026-06-14_03-00-16_498814/flare/pos_iv_pos_7_ts_b1_kindUCB_zoned_v1_seed1234_n6000.db,STORE_OUT_MOD,-0.0030246435174860788,0.2047105069264903,0.02040816326530612,0.001446268823603116,98
V2,1235,/root/arguzz/a4/runs/iv_pos_7/dbs/2026-06-14_08-42-21_698342/flare/pos_iv_pos_7_ts_b2_kindUCB_zoned_v1_seed1235_n6000.db,COMP_OUT_MOD,0.05334230577924579,0.2175338127656307,0.11,0.0,100
V2,1235,/root/arguzz/a4/runs/iv_pos_7/dbs/2026-06-14_08-42-21_698342/flare/pos_iv_pos_7_ts_b2_kindUCB_zoned_v1_seed1235_n6000.db,INSTR_TYPE_MOD,0.5703419952868853,0.277996415491434,0.7213114754098361,0.0221228182748009,61
V2,1235,/root/arguzz/a4/runs/iv_pos_7/dbs/2026-06-14_08-42-21_698342/flare/pos_iv_pos_7_ts_b2_kindUCB_zoned_v1_seed1235_n6000.db,INSTR_WORD_MOD_FULL,0.02898445717543916,0.19622963550792724,0.10384615384615385,0.0035068689042566307,260
V2,1235,/root/arguzz/a4/runs/iv_pos_7/dbs/2026-06-14_08-42-21_698342/flare/pos_iv_pos_7_ts_b2_kindUCB_zoned_v1_seed1235_n6000.db,INSTR_WORD_MOD_SUR,-0.00044726489038076907,0.21729614167954975,0.013745704467353952,0.0003422836782740363,5238
V2,1235,/root/arguzz/a4/runs/iv_pos_7/dbs/2026-06-14_08-42-21_698342/flare/pos_iv_pos_7_ts_b2_kindUCB_zoned_v1_seed1235_n6000.db,LOAD_VAL_MOD,0.0062069729550518,0.20762856625310352,0.031578947368421054,0.001491940470664267,95
V2,1235,/root/arguzz/a4/runs/iv_pos_7/dbs/2026-06-14_08-42-21_698342/flare/pos_iv_pos_7_ts_b2_kindUCB_zoned_v1_seed1235_n6000.db,MEM_VAL_MOD,0.154855772753905,0.23019055674356176,0.2830188679245283,0.006785594551965277,106
V2,1235,/root/arguzz/a4/runs/iv_pos_7/dbs/2026-06-14_08-42-21_698342/flare/pos_iv_pos_7_ts_b2_kindUCB_zoned_v1_seed1235_n6000.db,PRE_EXEC_REG_MOD,0.19243795431889624,0.22104403822305482,0.34,0.01195254604532935,50
V2,1235,/root/arguzz/a4/runs/iv_pos_7/dbs/2026-06-14_08-42-21_698342/flare/pos_iv_pos_7_ts_b2_kindUCB_zoned_v1_seed1235_n6000.db,STORE_OUT_MOD,-0.002405409228807904,0.20355993514196766,0.022222222222222223,0.0015748260523678374,90
V2,1236,/root/arguzz/a4/runs/iv_pos_7/dbs/pos_iv_pos_7_ts_b3_kindUCB_zoned_v1_seed1236_n6000/pos_iv_pos_7_ts_b3_kindUCB_zoned_v1_seed1236_n6000.db,COMP_OUT_MOD,0.06269273591002898,0.2164061750324887,0.1111111111111111,0.0006561775218199323,108
V2,1236,/root/arguzz/a4/runs/iv_pos_7/dbs/pos_iv_pos_7_ts_b3_kindUCB_zoned_v1_seed1236_n6000/pos_iv_pos_7_ts_b3_kindUCB_zoned_v1_seed1236_n6000.db,INSTR_TYPE_MOD,0.5989131934872095,0.2602849347731787,0.6923076923076923,0.019048782794807203,52
V2,1236,/root/arguzz/a4/runs/iv_pos_7/dbs/pos_iv_pos_7_ts_b3_kindUCB_zoned_v1_seed1236_n6000/pos_iv_pos_7_ts_b3_kindUCB_zoned_v1_seed1236_n6000.db,INSTR_WORD_MOD_FULL,0.029864227363249885,0.20359978099251477,0.084070796460177,0.002491790041483195,452
V2,1236,/root/arguzz/a4/runs/iv_pos_7/dbs/pos_iv_pos_7_ts_b3_kindUCB_zoned_v1_seed1236_n6000/pos_iv_pos_7_ts_b3_kindUCB_zoned_v1_seed1236_n6000.db,INSTR_WORD_MOD_SUR,0.0007668190985261797,0.21714940547108555,0.015007898894154818,0.0004713105014985486,5064
V2,1236,/root/arguzz/a4/runs/iv_pos_7/dbs/pos_iv_pos_7_ts_b3_kindUCB_zoned_v1_seed1236_n6000/pos_iv_pos_7_ts_b3_kindUCB_zoned_v1_seed1236_n6000.db,LOAD_VAL_MOD,0.002459275278728598,0.20556119709804194,0.029411764705882353,0.0006947761995740459,102
V2,1236,/root/arguzz/a4/runs/iv_pos_7/dbs/pos_iv_pos_7_ts_b3_kindUCB_zoned_v1_seed1236_n6000/pos_iv_pos_7_ts_b3_kindUCB_zoned_v1_seed1236_n6000.db,MEM_VAL_MOD,0.19266329294064952,0.22796732800903652,0.2876712328767123,0.007491078827139289,73
V2,1236,/root/arguzz/a4/runs/iv_pos_7/dbs/pos_iv_pos_7_ts_b3_kindUCB_zoned_v1_seed1236_n6000/pos_iv_pos_7_ts_b3_kindUCB_zoned_v1_seed1236_n6000.db,PRE_EXEC_REG_MOD,0.07673083873002717,0.22926733592436707,0.2,0.006077222496572911,55
V2,1236,/root/arguzz/a4/runs/iv_pos_7/dbs/pos_iv_pos_7_ts_b3_kindUCB_zoned_v1_seed1236_n6000/pos_iv_pos_7_ts_b3_kindUCB_zoned_v1_seed1236_n6000.db,STORE_OUT_MOD,0.001483140271962723,0.2045430305666398,0.031914893617021274,0.0015078121777989933,94
V2,1237,/root/arguzz/a4/runs/iv_pos_7/dbs/pos_iv_pos_7_ts_b4_kindUCB_zoned_v1_seed1237_n6000/pos_iv_pos_7_ts_b4_kindUCB_zoned_v1_seed1237_n6000.db,COMP_OUT_MOD,0.05305645415753147,0.21666339320679992,0.08333333333333333,0.0,108
V2,1237,/root/arguzz/a4/runs/iv_pos_7/dbs/pos_iv_pos_7_ts_b4_kindUCB_zoned_v1_seed1237_n6000/pos_iv_pos_7_ts_b4_kindUCB_zoned_v1_seed1237_n6000.db,INSTR_TYPE_MOD,0.5195499014394771,0.2645956194544003,0.625,0.0189536406729737,56
V2,1237,/root/arguzz/a4/runs/iv_pos_7/dbs/pos_iv_pos_7_ts_b4_kindUCB_zoned_v1_seed1237_n6000/pos_iv_pos_7_ts_b4_kindUCB_zoned_v1_seed1237_n6000.db,INSTR_WORD_MOD_FULL,0.02316316159521685,0.20020297575757692,0.07591623036649214,0.0024821212946911295,382
V2,1237,/root/arguzz/a4/runs/iv_pos_7/dbs/pos_iv_pos_7_ts_b4_kindUCB_zoned_v1_seed1237_n6000/pos_iv_pos_7_ts_b4_kindUCB_zoned_v1_seed1237_n6000.db,INSTR_WORD_MOD_SUR,-0.0008234574805574853,0.21647685860427357,0.013717421124828532,0.0003834227988551407,5103
V2,1237,/root/arguzz/a4/runs/iv_pos_7/dbs/pos_iv_pos_7_ts_b4_kindUCB_zoned_v1_seed1237_n6000/pos_iv_pos_7_ts_b4_kindUCB_zoned_v1_seed1237_n6000.db,LOAD_VAL_MOD,-0.004026336418915563,0.2056985610897087,0.020202020202020204,0.0007158300238035624,99
V2,1237,/root/arguzz/a4/runs/iv_pos_7/dbs/pos_iv_pos_7_ts_b4_kindUCB_zoned_v1_seed1237_n6000/pos_iv_pos_7_ts_b4_kindUCB_zoned_v1_seed1237_n6000.db,MEM_VAL_MOD,0.19298182423923274,0.2280918975735802,0.25555555555555554,0.007831987712092306,90
V2,1237,/root/arguzz/a4/runs/iv_pos_7/dbs/pos_iv_pos_7_ts_b4_kindUCB_zoned_v1_seed1237_n6000/pos_iv_pos_7_ts_b4_kindUCB_zoned_v1_seed1237_n6000.db,PRE_EXEC_REG_MOD,0.11655779929073247,0.2315711752646525,0.26153846153846155,0.008722113520806485,65
V2,1237,/root/arguzz/a4/runs/iv_pos_7/dbs/pos_iv_pos_7_ts_b4_kindUCB_zoned_v1_seed1237_n6000/pos_iv_pos_7_ts_b4_kindUCB_zoned_v1_seed1237_n6000.db,STORE_OUT_MOD,0.007847130656559651,0.20581937606718667,0.030927835051546393,0.001461178811475313,97
V2,1238,/root/arguzz/a4/runs/iv_pos_7/dbs/pos_iv_pos_7_ts_b5_kindUCB_zoned_v1_seed1238_n6000/pos_iv_pos_7_ts_b5_kindUCB_zoned_v1_seed1238_n6000.db,COMP_OUT_MOD,0.07014928302041443,0.21863965699221202,0.12264150943396226,0.0013371164595575979,106
V2,1238,/root/arguzz/a4/runs/iv_pos_7/dbs/pos_iv_pos_7_ts_b5_kindUCB_zoned_v1_seed1238_n6000/pos_iv_pos_7_ts_b5_kindUCB_zoned_v1_seed1238_n6000.db,INSTR_TYPE_MOD,0.6033613992951495,0.2687149102662387,0.7636363636363637,0.026189958392557472,55
V2,1238,/root/arguzz/a4/runs/iv_pos_7/dbs/pos_iv_pos_7_ts_b5_kindUCB_zoned_v1_seed1238_n6000/pos_iv_pos_7_ts_b5_kindUCB_zoned_v1_seed1238_n6000.db,INSTR_WORD_MOD_FULL,0.022261710234803604,0.20246402788646695,0.08115183246073299,0.0026150494305165204,382
V2,1238,/root/arguzz/a4/runs/iv_pos_7/dbs/pos_iv_pos_7_ts_b5_kindUCB_zoned_v1_seed1238_n6000/pos_iv_pos_7_ts_b5_kindUCB_zoned_v1_seed1238_n6000.db,INSTR_WORD_MOD_SUR,0.0005141706532491382,0.21827207508529767,0.015459882583170255,0.00040032498489463153,5110
V2,1238,/root/arguzz/a4/runs/iv_pos_7/dbs/pos_iv_pos_7_ts_b5_kindUCB_zoned_v1_seed1238_n6000/pos_iv_pos_7_ts_b5_kindUCB_zoned_v1_seed1238_n6000.db,LOAD_VAL_MOD,0.01249302792578877,0.20875042299306895,0.04081632653061224,0.000723134411801558,98
V2,1238,/root/arguzz/a4/runs/iv_pos_7/dbs/pos_iv_pos_7_ts_b5_kindUCB_zoned_v1_seed1238_n6000/pos_iv_pos_7_ts_b5_kindUCB_zoned_v1_seed1238_n6000.db,MEM_VAL_MOD,0.09104669474686919,0.22487085588456496,0.1956521739130435,0.005944008199795305,92
V2,1238,/root/arguzz/a4/runs/iv_pos_7/dbs/pos_iv_pos_7_ts_b5_kindUCB_zoned_v1_seed1238_n6000/pos_iv_pos_7_ts_b5_kindUCB_zoned_v1_seed1238_n6000.db,PRE_EXEC_REG_MOD,0.1570617726843757,0.23349002778637012,0.3230769230769231,0.008722113520806485,65
V2,1238,/root/arguzz/a4/runs/iv_pos_7/dbs/pos_iv_pos_7_ts_b5_kindUCB_zoned_v1_seed1238_n6000/pos_iv_pos_7_ts_b5_kindUCB_zoned_v1_seed1238_n6000.db,STORE_OUT_MOD,0.01120945966702376,0.20614972337936593,0.043478260869565216,0.0015405907034033192,92
V2,1239,/root/arguzz/a4/runs/iv_pos_7/dbs/pos_iv_pos_7_ts_b6_kindUCB_zoned_v1_seed1239_n6000/pos_iv_pos_7_ts_b6_kindUCB_zoned_v1_seed1239_n6000.db,COMP_OUT_MOD,0.046689885209920616,0.21956515804390878,0.09166666666666666,0.000590559769637939,120
V2,1239,/root/arguzz/a4/runs/iv_pos_7/dbs/pos_iv_pos_7_ts_b6_kindUCB_zoned_v1_seed1239_n6000/pos_iv_pos_7_ts_b6_kindUCB_zoned_v1_seed1239_n6000.db,INSTR_TYPE_MOD,0.5530323814540041,0.2706068811204496,0.6666666666666666,0.024990591014126942,54
V2,1239,/root/arguzz/a4/runs/iv_pos_7/dbs/pos_iv_pos_7_ts_b6_kindUCB_zoned_v1_seed1239_n6000/pos_iv_pos_7_ts_b6_kindUCB_zoned_v1_seed1239_n6000.db,INSTR_WORD_MOD_FULL,0.03886195924840096,0.1977630634448398,0.10727969348659004,0.002895239241278187,261
V2,1239,/root/arguzz/a4/runs/iv_pos_7/dbs/pos_iv_pos_7_ts_b6_kindUCB_zoned_v1_seed1239_n6000/pos_iv_pos_7_ts_b6_kindUCB_zoned_v1_seed1239_n6000.db,INSTR_WORD_MOD_SUR,-0.0014988954500167163,0.21784713631619487,0.013238679969301611,0.0003924905358425877,5212
V2,1239,/root/arguzz/a4/runs/iv_pos_7/dbs/pos_iv_pos_7_ts_b6_kindUCB_zoned_v1_seed1239_n6000/pos_iv_pos_7_ts_b6_kindUCB_zoned_v1_seed1239_n6000.db,LOAD_VAL_MOD,0.012076491136121621,0.20784690256085503,0.03333333333333333,0.0007874130261839187,90
V2,1239,/root/arguzz/a4/runs/iv_pos_7/dbs/pos_iv_pos_7_ts_b6_kindUCB_zoned_v1_seed1239_n6000/pos_iv_pos_7_ts_b6_kindUCB_zoned_v1_seed1239_n6000.db,MEM_VAL_MOD,0.18398429470532515,0.23651972046655306,0.29411764705882354,0.007235356027070796,119
V2,1239,/root/arguzz/a4/runs/iv_pos_7/dbs/pos_iv_pos_7_ts_b6_kindUCB_zoned_v1_seed1239_n6000/pos_iv_pos_7_ts_b6_kindUCB_zoned_v1_seed1239_n6000.db,PRE_EXEC_REG_MOD,0.19086506565890873,0.22806029984481946,0.37037037037037035,0.010800614330489918,54
V2,1239,/root/arguzz/a4/runs/iv_pos_7/dbs/pos_iv_pos_7_ts_b6_kindUCB_zoned_v1_seed1239_n6000/pos_iv_pos_7_ts_b6_kindUCB_zoned_v1_seed1239_n6000.db,STORE_OUT_MOD,-0.002322958836006602,0.20335103417129702,0.022222222222222223,0.0015748260523678374,90
V2,1240,/root/arguzz/a4/runs/iv_pos_7/dbs/pos_iv_pos_7_ts_b7_kindUCB_zoned_v1_seed1240_n6000/pos_iv_pos_7_ts_b7_kindUCB_zoned_v1_seed1240_n6000.db,COMP_OUT_MOD,0.03986646320615143,0.2165821304415198,0.07766990291262135,0.0006880307995781814,103
V2,1240,/root/arguzz/a4/runs/iv_pos_7/dbs/pos_iv_pos_7_ts_b7_kindUCB_zoned_v1_seed1240_n6000/pos_iv_pos_7_ts_b7_kindUCB_zoned_v1_seed1240_n6000.db,INSTR_TYPE_MOD,0.6204250826973265,0.2738522586595717,0.7555555555555555,0.02066629725943956,45
V2,1240,/root/arguzz/a4/runs/iv_pos_7/dbs/pos_iv_pos_7_ts_b7_kindUCB_zoned_v1_seed1240_n6000/pos_iv_pos_7_ts_b7_kindUCB_zoned_v1_seed1240_n6000.db,INSTR_WORD_MOD_FULL,0.018638198513558222,0.20605006049745211,0.07342657342657342,0.002464611517791285,572
V2,1240,/root/arguzz/a4/runs/iv_pos_7/dbs/pos_iv_pos_7_ts_b7_kindUCB_zoned_v1_seed1240_n6000/pos_iv_pos_7_ts_b7_kindUCB_zoned_v1_seed1240_n6000.db,INSTR_WORD_MOD_SUR,0.0007122128289710222,0.21758170993433953,0.015412695193672683,0.0004181619281698643,4931
V2,1240,/root/arguzz/a4/runs/iv_pos_7/dbs/pos_iv_pos_7_ts_b7_kindUCB_zoned_v1_seed1240_n6000/pos_iv_pos_7_ts_b7_kindUCB_zoned_v1_seed1240_n6000.db,LOAD_VAL_MOD,-0.003987454963632824,0.2057597356243036,0.01098901098901099,0.0007787601357862932,91
V2,1240,/root/arguzz/a4/runs/iv_pos_7/dbs/pos_iv_pos_7_ts_b7_kindUCB_zoned_v1_seed1240_n6000/pos_iv_pos_7_ts_b7_kindUCB_zoned_v1_seed1240_n6000.db,MEM_VAL_MOD,0.14297453295919263,0.23771317519865523,0.27522935779816515,0.008083449465070442,109
V2,1240,/root/arguzz/a4/runs/iv_pos_7/dbs/pos_iv_pos_7_ts_b7_kindUCB_zoned_v1_seed1240_n6000/pos_iv_pos_7_ts_b7_kindUCB_zoned_v1_seed1240_n6000.db,PRE_EXEC_REG_MOD,0.13358562235525634,0.20926155684742914,0.3508771929824561,0.007459702353321335,57
V2,1240,/root/arguzz/a4/runs/iv_pos_7/dbs/pos_iv_pos_7_ts_b7_kindUCB_zoned_v1_seed1240_n6000/pos_iv_pos_7_ts_b7_kindUCB_zoned_v1_seed1240_n6000.db,STORE_OUT_MOD,0.0038543349267106757,0.20387369172137793,0.03260869565217391,0.0015405907034033192,92
V2,1241,/root/arguzz/a4/runs/iv_pos_7/dbs/pos_iv_pos_7_ta_b3_kindUCB_zoned_v1_seed1241_n6000/pos_iv_pos_7_ta_b3_kindUCB_zoned_v1_seed1241_n6000.db,COMP_OUT_MOD,0.03645204825306191,0.21544354414362557,0.07766990291262135,0.0013760615991563628,103
V2,1241,/root/arguzz/a4/runs/iv_pos_7/dbs/pos_iv_pos_7_ta_b3_kindUCB_zoned_v1_seed1241_n6000/pos_iv_pos_7_ta_b3_kindUCB_zoned_v1_seed1241_n6000.db,INSTR_TYPE_MOD,0.6132721768004915,0.2957285382025511,0.7466666666666667,0.01777594826358428,75
V2,1241,/root/arguzz/a4/runs/iv_pos_7/dbs/pos_iv_pos_7_ta_b3_kindUCB_zoned_v1_seed1241_n6000/pos_iv_pos_7_ta_b3_kindUCB_zoned_v1_seed1241_n6000.db,INSTR_WORD_MOD_FULL,0.016832734407498537,0.2024529108802055,0.06925207756232687,0.0024302026654167835,361
V2,1241,/root/arguzz/a4/runs/iv_pos_7/dbs/pos_iv_pos_7_ta_b3_kindUCB_zoned_v1_seed1241_n6000/pos_iv_pos_7_ta_b3_kindUCB_zoned_v1_seed1241_n6000.db,INSTR_WORD_MOD_SUR,-0.0006007990200435269,0.2165487387939191,0.013111545988258318,0.0003547887536733181,5110
V2,1241,/root/arguzz/a4/runs/iv_pos_7/dbs/pos_iv_pos_7_ta_b3_kindUCB_zoned_v1_seed1241_n6000/pos_iv_pos_7_ta_b3_kindUCB_zoned_v1_seed1241_n6000.db,LOAD_VAL_MOD,0.007923631021014468,0.2069195884351493,0.030927835051546393,0.001461178811475313,97
V2,1241,/root/arguzz/a4/runs/iv_pos_7/dbs/pos_iv_pos_7_ta_b3_kindUCB_zoned_v1_seed1241_n6000/pos_iv_pos_7_ta_b3_kindUCB_zoned_v1_seed1241_n6000.db,MEM_VAL_MOD,0.11806353260041519,0.23359588365182868,0.23529411764705882,0.006252985796166413,102
V2,1241,/root/arguzz/a4/runs/iv_pos_7/dbs/pos_iv_pos_7_ta_b3_kindUCB_zoned_v1_seed1241_n6000/pos_iv_pos_7_ta_b3_kindUCB_zoned_v1_seed1241_n6000.db,PRE_EXEC_REG_MOD,0.17628560849601496,0.22023830772249395,0.3076923076923077,0.007322793569609467,65
V2,1241,/root/arguzz/a4/runs/iv_pos_7/dbs/pos_iv_pos_7_ta_b3_kindUCB_zoned_v1_seed1241_n6000/pos_iv_pos_7_ta_b3_kindUCB_zoned_v1_seed1241_n6000.db,STORE_OUT_MOD,-0.0021758211902805588,0.20326811931131944,0.022988505747126436,0.001629130399001211,87
V2,1242,/root/arguzz/a4/runs/iv_pos_7/dbs/pos_iv_pos_7_ta_b4_kindUCB_zoned_v1_seed1242_n6000/pos_iv_pos_7_ta_b4_kindUCB_zoned_v1_seed1242_n6000.db,COMP_OUT_MOD,0.04876822489786881,0.21553072217093366,0.09900990099009901,0.0,101
V2,1242,/root/arguzz/a4/runs/iv_pos_7/dbs/pos_iv_pos_7_ta_b4_kindUCB_zoned_v1_seed1242_n6000/pos_iv_pos_7_ta_b4_kindUCB_zoned_v1_seed1242_n6000.db,INSTR_TYPE_MOD,0.5564753888881446,0.29089655017589466,0.6666666666666666,0.008938802371034954,63
V2,1242,/root/arguzz/a4/runs/iv_pos_7/dbs/pos_iv_pos_7_ta_b4_kindUCB_zoned_v1_seed1242_n6000/pos_iv_pos_7_ta_b4_kindUCB_zoned_v1_seed1242_n6000.db,INSTR_WORD_MOD_FULL,0.01822483608887393,0.20606245148893224,0.06236559139784946,0.0026282832225156157,465
V2,1242,/root/arguzz/a4/runs/iv_pos_7/dbs/pos_iv_pos_7_ta_b4_kindUCB_zoned_v1_seed1242_n6000/pos_iv_pos_7_ta_b4_kindUCB_zoned_v1_seed1242_n6000.db,INSTR_WORD_MOD_SUR,-0.0007553099546731683,0.21667376749650927,0.013543118900617407,0.0003469634253961567,5021
V2,1242,/root/arguzz/a4/runs/iv_pos_7/dbs/pos_iv_pos_7_ta_b4_kindUCB_zoned_v1_seed1242_n6000/pos_iv_pos_7_ta_b4_kindUCB_zoned_v1_seed1242_n6000.db,LOAD_VAL_MOD,0.00659298986750638,0.20659301205272565,0.020833333333333332,0.0007381997120474238,96
V2,1242,/root/arguzz/a4/runs/iv_pos_7/dbs/pos_iv_pos_7_ta_b4_kindUCB_zoned_v1_seed1242_n6000/pos_iv_pos_7_ta_b4_kindUCB_zoned_v1_seed1242_n6000.db,MEM_VAL_MOD,0.13454001756563339,0.22346968025828912,0.24719101123595505,0.0075111738721687655,89
V2,1242,/root/arguzz/a4/runs/iv_pos_7/dbs/pos_iv_pos_7_ta_b4_kindUCB_zoned_v1_seed1242_n6000/pos_iv_pos_7_ta_b4_kindUCB_zoned_v1_seed1242_n6000.db,PRE_EXEC_REG_MOD,0.16669893717601428,0.22717444450945157,0.3561643835616438,0.011954572802264954,73
V2,1242,/root/arguzz/a4/runs/iv_pos_7/dbs/pos_iv_pos_7_ta_b4_kindUCB_zoned_v1_seed1242_n6000/pos_iv_pos_7_ta_b4_kindUCB_zoned_v1_seed1242_n6000.db,STORE_OUT_MOD,0.0067049219322633,0.20491549077079055,0.03260869565217391,0.0015405907034033192,92
V2,1243,/root/arguzz/a4/runs/iv_pos_7/dbs/pos_iv_pos_7_ta_b5_kindUCB_zoned_v1_seed1243_n6000/pos_iv_pos_7_ta_b5_kindUCB_zoned_v1_seed1243_n6000.db,COMP_OUT_MOD,0.021077709371105924,0.2125408001343099,0.05263157894736842,0.0007459702353321335,95
V2,1243,/root/arguzz/a4/runs/iv_pos_7/dbs/pos_iv_pos_7_ta_b5_kindUCB_zoned_v1_seed1243_n6000/pos_iv_pos_7_ta_b5_kindUCB_zoned_v1_seed1243_n6000.db,INSTR_TYPE_MOD,0.5763585766884289,0.28091643398613636,0.6825396825396826,0.018710010193378892,63
V2,1243,/root/arguzz/a4/runs/iv_pos_7/dbs/pos_iv_pos_7_ta_b5_kindUCB_zoned_v1_seed1243_n6000/pos_iv_pos_7_ta_b5_kindUCB_zoned_v1_seed1243_n6000.db,INSTR_WORD_MOD_FULL,0.033334791149407905,0.20255616464685666,0.08970099667774087,0.0033665880760043944,301
V2,1243,/root/arguzz/a4/runs/iv_pos_7/dbs/pos_iv_pos_7_ta_b5_kindUCB_zoned_v1_seed1243_n6000/pos_iv_pos_7_ta_b5_kindUCB_zoned_v1_seed1243_n6000.db,INSTR_WORD_MOD_SUR,0.00020617031582282797,0.21761240923796227,0.014228033070563353,0.00039922141823218863,5201
V2,1243,/root/arguzz/a4/runs/iv_pos_7/dbs/pos_iv_pos_7_ta_b5_kindUCB_zoned_v1_seed1243_n6000/pos_iv_pos_7_ta_b5_kindUCB_zoned_v1_seed1243_n6000.db,LOAD_VAL_MOD,0.005231752251562075,0.20730524804964667,0.0392156862745098,0.0013895523991480918,102
V2,1243,/root/arguzz/a4/runs/iv_pos_7/dbs/pos_iv_pos_7_ta_b5_kindUCB_zoned_v1_seed1243_n6000/pos_iv_pos_7_ta_b5_kindUCB_zoned_v1_seed1243_n6000.db,MEM_VAL_MOD,0.1455137405773246,0.2265863500568905,0.30120481927710846,0.008054150296662893,83
V2,1243,/root/arguzz/a4/runs/iv_pos_7/dbs/pos_iv_pos_7_ta_b5_kindUCB_zoned_v1_seed1243_n6000/pos_iv_pos_7_ta_b5_kindUCB_zoned_v1_seed1243_n6000.db,PRE_EXEC_REG_MOD,0.11286252003417031,0.2186655002486553,0.31666666666666665,0.008267836774931146,60
V2,1243,/root/arguzz/a4/runs/iv_pos_7/dbs/pos_iv_pos_7_ta_b5_kindUCB_zoned_v1_seed1243_n6000/pos_iv_pos_7_ta_b5_kindUCB_zoned_v1_seed1243_n6000.db,STORE_OUT_MOD,0.010569262129767191,0.20657174874778889,0.042105263157894736,0.001491940470664267,95
V3,1234,/root/arguzz/a4/runs/iv_pos_7/dbs/2026-06-14_03-00-16_498814/octorand/pos_iv_pos_7_ts_b1_kindUCB_zoned_v2_noQ_seed1234_n6000.db,COMP_OUT_MOD,-0.004146449642039615,0.1953162207920407,0.022641509433962263,0.00026742329191151956,265
V3,1234,/root/arguzz/a4/runs/iv_pos_7/dbs/2026-06-14_03-00-16_498814/octorand/pos_iv_pos_7_ts_b1_kindUCB_zoned_v2_noQ_seed1234_n6000.db,INSTR_TYPE_MOD,0.029205085777465816,0.1282263754380444,0.08655126498002663,0.0011117687039937422,3755
V3,1234,/root/arguzz/a4/runs/iv_pos_7/dbs/2026-06-14_03-00-16_498814/octorand/pos_iv_pos_7_ts_b1_kindUCB_zoned_v2_noQ_seed1234_n6000.db,INSTR_WORD_MOD_FULL,0.0022154261748425696,0.2032669833876847,0.055865921787709494,0.002252614496812587,358
V3,1234,/root/arguzz/a4/runs/iv_pos_7/dbs/2026-06-14_03-00-16_498814/octorand/pos_iv_pos_7_ts_b1_kindUCB_zoned_v2_noQ_seed1234_n6000.db,INSTR_WORD_MOD_SUR,-0.001839028479659949,0.22201413580829996,0.05460750853242321,0.0019711217672191608,293
V3,1234,/root/arguzz/a4/runs/iv_pos_7/dbs/2026-06-14_03-00-16_498814/octorand/pos_iv_pos_7_ts_b1_kindUCB_zoned_v2_noQ_seed1234_n6000.db,LOAD_VAL_MOD,-0.009872901173369772,0.19228005949026752,0.009569377990430622,0.00033907737969642433,209
V3,1234,/root/arguzz/a4/runs/iv_pos_7/dbs/2026-06-14_03-00-16_498814/octorand/pos_iv_pos_7_ts_b1_kindUCB_zoned_v2_noQ_seed1234_n6000.db,MEM_VAL_MOD,0.012112971589117214,0.1989136697992727,0.06697819314641744,0.002807428710791064,642
V3,1234,/root/arguzz/a4/runs/iv_pos_7/dbs/2026-06-14_03-00-16_498814/octorand/pos_iv_pos_7_ts_b1_kindUCB_zoned_v2_noQ_seed1234_n6000.db,PRE_EXEC_REG_MOD,-0.0038742559894270044,0.19966528284701765,0.11940298507462686,0.0037020164663870802,268
V3,1234,/root/arguzz/a4/runs/iv_pos_7/dbs/2026-06-14_03-00-16_498814/octorand/pos_iv_pos_7_ts_b1_kindUCB_zoned_v2_noQ_seed1234_n6000.db,STORE_OUT_MOD,-0.009637591625143724,0.19069560636163288,0.009523809523809525,0.0006749254510147874,210
V3,1235,/root/arguzz/a4/runs/iv_pos_7/dbs/2026-06-14_08-42-21_698342/octorand/pos_iv_pos_7_ts_b2_kindUCB_zoned_v2_noQ_seed1235_n6000.db,COMP_OUT_MOD,-0.01356332984087089,0.1924520302473856,0.021621621621621623,0.0,185
V3,1235,/root/arguzz/a4/runs/iv_pos_7/dbs/2026-06-14_08-42-21_698342/octorand/pos_iv_pos_7_ts_b2_kindUCB_zoned_v2_noQ_seed1235_n6000.db,INSTR_TYPE_MOD,0.028617771266481937,0.12952575163255986,0.08282126636387924,0.001137098571946526,3743
V3,1235,/root/arguzz/a4/runs/iv_pos_7/dbs/2026-06-14_08-42-21_698342/octorand/pos_iv_pos_7_ts_b2_kindUCB_zoned_v2_noQ_seed1235_n6000.db,INSTR_WORD_MOD_FULL,-0.003286725737789219,0.20002149703567262,0.06382978723404255,0.0023570980324319176,282
V3,1235,/root/arguzz/a4/runs/iv_pos_7/dbs/2026-06-14_08-42-21_698342/octorand/pos_iv_pos_7_ts_b2_kindUCB_zoned_v2_noQ_seed1235_n6000.db,INSTR_WORD_MOD_SUR,0.0018647014344937523,0.22077337701332794,0.05263157894736842,0.001740490929862918,361
V3,1235,/root/arguzz/a4/runs/iv_pos_7/dbs/2026-06-14_08-42-21_698342/octorand/pos_iv_pos_7_ts_b2_kindUCB_zoned_v2_noQ_seed1235_n6000.db,LOAD_VAL_MOD,-0.006683189246412411,0.192472763085832,0.012345679012345678,0.0002916344541421921,243
V3,1235,/root/arguzz/a4/runs/iv_pos_7/dbs/2026-06-14_08-42-21_698342/octorand/pos_iv_pos_7_ts_b2_kindUCB_zoned_v2_noQ_seed1235_n6000.db,MEM_VAL_MOD,0.01035188829978862,0.19418324130856002,0.06745362563237774,0.0022303453976830158,593
V3,1235,/root/arguzz/a4/runs/iv_pos_7/dbs/2026-06-14_08-42-21_698342/octorand/pos_iv_pos_7_ts_b2_kindUCB_zoned_v2_noQ_seed1235_n6000.db,PRE_EXEC_REG_MOD,0.0026593789828146435,0.19694190755004667,0.11548556430446194,0.004358621752269705,381
V3,1235,/root/arguzz/a4/runs/iv_pos_7/dbs/2026-06-14_08-42-21_698342/octorand/pos_iv_pos_7_ts_b2_kindUCB_zoned_v2_noQ_seed1235_n6000.db,STORE_OUT_MOD,-0.009982200563648845,0.19003387518960413,0.009433962264150943,0.0006685582297787989,212
V3,1236,/root/arguzz/a4/runs/iv_pos_7/dbs/pos_iv_pos_7_ts_b3_kindUCB_zoned_v2_noQ_seed1236_n6000/pos_iv_pos_7_ts_b3_kindUCB_zoned_v2_noQ_seed1236_n6000.db,COMP_OUT_MOD,-0.007238752459315004,0.19490876325477724,0.02145922746781116,0.0003041509543199686,233
V3,1236,/root/arguzz/a4/runs/iv_pos_7/dbs/pos_iv_pos_7_ts_b3_kindUCB_zoned_v2_noQ_seed1236_n6000/pos_iv_pos_7_ts_b3_kindUCB_zoned_v2_noQ_seed1236_n6000.db,INSTR_TYPE_MOD,0.029032054978187418,0.12966197406745103,0.08706070287539937,0.00115940146811739,3756
V3,1236,/root/arguzz/a4/runs/iv_pos_7/dbs/pos_iv_pos_7_ts_b3_kindUCB_zoned_v2_noQ_seed1236_n6000/pos_iv_pos_7_ts_b3_kindUCB_zoned_v2_noQ_seed1236_n6000.db,INSTR_WORD_MOD_FULL,0.004041529250636005,0.20516686318793423,0.060453400503778336,0.0027816090874184605,397
V3,1236,/root/arguzz/a4/runs/iv_pos_7/dbs/pos_iv_pos_7_ts_b3_kindUCB_zoned_v2_noQ_seed1236_n6000/pos_iv_pos_7_ts_b3_kindUCB_zoned_v2_noQ_seed1236_n6000.db,INSTR_WORD_MOD_SUR,0.00265021725254154,0.21921184544540262,0.04878048780487805,0.0020478521462699373,369
V3,1236,/root/arguzz/a4/runs/iv_pos_7/dbs/pos_iv_pos_7_ts_b3_kindUCB_zoned_v2_noQ_seed1236_n6000/pos_iv_pos_7_ts_b3_kindUCB_zoned_v2_noQ_seed1236_n6000.db,LOAD_VAL_MOD,-0.010074797662674353,0.1917013730292969,0.009615384615384616,0.0,208
V3,1236,/root/arguzz/a4/runs/iv_pos_7/dbs/pos_iv_pos_7_ts_b3_kindUCB_zoned_v2_noQ_seed1236_n6000/pos_iv_pos_7_ts_b3_kindUCB_zoned_v2_noQ_seed1236_n6000.db,MEM_VAL_MOD,0.008883809728144863,0.19625541242301353,0.06857142857142857,0.002989864934832289,525
V3,1236,/root/arguzz/a4/runs/iv_pos_7/dbs/pos_iv_pos_7_ts_b3_kindUCB_zoned_v2_noQ_seed1236_n6000/pos_iv_pos_7_ts_b3_kindUCB_zoned_v2_noQ_seed1236_n6000.db,PRE_EXEC_REG_MOD,-0.0026820883328320393,0.19670732339121486,0.10064935064935066,0.0038462769662017606,308
V3,1236,/root/arguzz/a4/runs/iv_pos_7/dbs/pos_iv_pos_7_ts_b3_kindUCB_zoned_v2_noQ_seed1236_n6000/pos_iv_pos_7_ts_b3_kindUCB_zoned_v2_noQ_seed1236_n6000.db,STORE_OUT_MOD,-0.01061252425675402,0.1900495827195948,0.00980392156862745,0.0006947761995740459,204
V3,1237,/root/arguzz/a4/runs/iv_pos_7/dbs/pos_iv_pos_7_ts_b4_kindUCB_zoned_v2_noQ_seed1237_n6000/pos_iv_pos_7_ts_b4_kindUCB_zoned_v2_noQ_seed1237_n6000.db,COMP_OUT_MOD,-0.0032338441901021303,0.19476109427314187,0.0234375,0.0,256
V3,1237,/root/arguzz/a4/runs/iv_pos_7/dbs/pos_iv_pos_7_ts_b4_kindUCB_zoned_v2_noQ_seed1237_n6000/pos_iv_pos_7_ts_b4_kindUCB_zoned_v2_noQ_seed1237_n6000.db,INSTR_TYPE_MOD,0.03058939030891621,0.1287772959670284,0.08776818055168571,0.001210475918235597,3589
V3,1237,/root/arguzz/a4/runs/iv_pos_7/dbs/pos_iv_pos_7_ts_b4_kindUCB_zoned_v2_noQ_seed1237_n6000/pos_iv_pos_7_ts_b4_kindUCB_zoned_v2_noQ_seed1237_n6000.db,INSTR_WORD_MOD_FULL,-0.000576824375317846,0.2000349264185281,0.07291666666666667,0.0031659233163427915,288
V3,1237,/root/arguzz/a4/runs/iv_pos_7/dbs/pos_iv_pos_7_ts_b4_kindUCB_zoned_v2_noQ_seed1237_n6000/pos_iv_pos_7_ts_b4_kindUCB_zoned_v2_noQ_seed1237_n6000.db,INSTR_WORD_MOD_SUR,0.011015167010529937,0.2218429182716113,0.05794392523364486,0.002176756413306334,535
V3,1237,/root/arguzz/a4/runs/iv_pos_7/dbs/pos_iv_pos_7_ts_b4_kindUCB_zoned_v2_noQ_seed1237_n6000/pos_iv_pos_7_ts_b4_kindUCB_zoned_v2_noQ_seed1237_n6000.db,LOAD_VAL_MOD,-0.009733868631068454,0.19213834559568035,0.01015228426395939,0.00035973183937336385,197
V3,1237,/root/arguzz/a4/runs/iv_pos_7/dbs/pos_iv_pos_7_ts_b4_kindUCB_zoned_v2_noQ_seed1237_n6000/pos_iv_pos_7_ts_b4_kindUCB_zoned_v2_noQ_seed1237_n6000.db,MEM_VAL_MOD,0.010329302656215745,0.19754190017973314,0.06666666666666667,0.002580485172560335,540
V3,1237,/root/arguzz/a4/runs/iv_pos_7/dbs/pos_iv_pos_7_ts_b4_kindUCB_zoned_v2_noQ_seed1237_n6000/pos_iv_pos_7_ts_b4_kindUCB_zoned_v2_noQ_seed1237_n6000.db,PRE_EXEC_REG_MOD,0.004966687475798043,0.20472301117411007,0.11597938144329897,0.004200889082991525,388
V3,1237,/root/arguzz/a4/runs/iv_pos_7/dbs/pos_iv_pos_7_ts_b4_kindUCB_zoned_v2_noQ_seed1237_n6000/pos_iv_pos_7_ts_b4_kindUCB_zoned_v2_noQ_seed1237_n6000.db,STORE_OUT_MOD,-0.008478859609316386,0.18982455999585507,0.00966183574879227,0.0006847069792903641,207
V3,1238,/root/arguzz/a4/runs/iv_pos_7/dbs/pos_iv_pos_7_ts_b5_kindUCB_zoned_v2_noQ_seed1238_n6000/pos_iv_pos_7_ts_b5_kindUCB_zoned_v2_noQ_seed1238_n6000.db,COMP_OUT_MOD,-0.0006377970302249125,0.19629194984953863,0.02711864406779661,0.00048045540580713683,295
V3,1238,/root/arguzz/a4/runs/iv_pos_7/dbs/pos_iv_pos_7_ts_b5_kindUCB_zoned_v2_noQ_seed1238_n6000/pos_iv_pos_7_ts_b5_kindUCB_zoned_v2_noQ_seed1238_n6000.db,INSTR_TYPE_MOD,0.030056175204459773,0.1275137533901395,0.08677455357142858,0.0012840635154718956,3584
V3,1238,/root/arguzz/a4/runs/iv_pos_7/dbs/pos_iv_pos_7_ts_b5_kindUCB_zoned_v2_noQ_seed1238_n6000/pos_iv_pos_7_ts_b5_kindUCB_zoned_v2_noQ_seed1238_n6000.db,INSTR_WORD_MOD_FULL,-0.002003931645909399,0.20016718803213068,0.07913669064748201,0.0027181922373151327,278
V3,1238,/root/arguzz/a4/runs/iv_pos_7/dbs/pos_iv_pos_7_ts_b5_kindUCB_zoned_v2_noQ_seed1238_n6000/pos_iv_pos_7_ts_b5_kindUCB_zoned_v2_noQ_seed1238_n6000.db,INSTR_WORD_MOD_SUR,0.00762886561266553,0.22007195864353227,0.04878048780487805,0.0015990569602712674,451
V3,1238,/root/arguzz/a4/runs/iv_pos_7/dbs/pos_iv_pos_7_ts_b5_kindUCB_zoned_v2_noQ_seed1238_n6000/pos_iv_pos_7_ts_b5_kindUCB_zoned_v2_noQ_seed1238_n6000.db,LOAD_VAL_MOD,-0.007775806729076701,0.19316086603366991,0.009216589861751152,0.00032657683113618746,217
V3,1238,/root/arguzz/a4/runs/iv_pos_7/dbs/pos_iv_pos_7_ts_b5_kindUCB_zoned_v2_noQ_seed1238_n6000/pos_iv_pos_7_ts_b5_kindUCB_zoned_v2_noQ_seed1238_n6000.db,MEM_VAL_MOD,0.010457934292666952,0.20061985710333258,0.07142857142857142,0.0027218672378667287,532
V3,1238,/root/arguzz/a4/runs/iv_pos_7/dbs/pos_iv_pos_7_ts_b5_kindUCB_zoned_v2_noQ_seed1238_n6000/pos_iv_pos_7_ts_b5_kindUCB_zoned_v2_noQ_seed1238_n6000.db,PRE_EXEC_REG_MOD,0.005911305364389513,0.2001163973803854,0.11212814645308924,0.0030811814068066384,437
V3,1238,/root/arguzz/a4/runs/iv_pos_7/dbs/pos_iv_pos_7_ts_b5_kindUCB_zoned_v2_noQ_seed1238_n6000/pos_iv_pos_7_ts_b5_kindUCB_zoned_v2_noQ_seed1238_n6000.db,STORE_OUT_MOD,-0.009000343473580922,0.19062249831110534,0.009708737864077669,0.0006880307995781814,206
V3,1239,/root/arguzz/a4/runs/iv_pos_7/dbs/pos_iv_pos_7_ts_b6_kindUCB_zoned_v2_noQ_seed1239_n6000/pos_iv_pos_7_ts_b6_kindUCB_zoned_v2_noQ_seed1239_n6000.db,COMP_OUT_MOD,-0.01005507743033989,0.19394816377296645,0.014634146341463415,0.0,205
V3,1239,/root/arguzz/a4/runs/iv_pos_7/dbs/pos_iv_pos_7_ts_b6_kindUCB_zoned_v2_noQ_seed1239_n6000/pos_iv_pos_7_ts_b6_kindUCB_zoned_v2_noQ_seed1239_n6000.db,INSTR_TYPE_MOD,0.029306047844981944,0.13073757168095748,0.08567567567567567,0.001278144973108901,3700
V3,1239,/root/arguzz/a4/runs/iv_pos_7/dbs/pos_iv_pos_7_ts_b6_kindUCB_zoned_v2_noQ_seed1239_n6000/pos_iv_pos_7_ts_b6_kindUCB_zoned_v2_noQ_seed1239_n6000.db,INSTR_WORD_MOD_FULL,0.007037038626163406,0.2012414780291015,0.06086956521739131,0.0028315352094669018,460
V3,1239,/root/arguzz/a4/runs/iv_pos_7/dbs/pos_iv_pos_7_ts_b6_kindUCB_zoned_v2_noQ_seed1239_n6000/pos_iv_pos_7_ts_b6_kindUCB_zoned_v2_noQ_seed1239_n6000.db,INSTR_WORD_MOD_SUR,-0.001554563746073493,0.2235562514084272,0.061224489795918366,0.00172337246747844,294
V3,1239,/root/arguzz/a4/runs/iv_pos_7/dbs/pos_iv_pos_7_ts_b6_kindUCB_zoned_v2_noQ_seed1239_n6000/pos_iv_pos_7_ts_b6_kindUCB_zoned_v2_noQ_seed1239_n6000.db,LOAD_VAL_MOD,-0.006813740505964406,0.19339051060382942,0.01282051282051282,0.0003028511639168918,234
V3,1239,/root/arguzz/a4/runs/iv_pos_7/dbs/pos_iv_pos_7_ts_b6_kindUCB_zoned_v2_noQ_seed1239_n6000/pos_iv_pos_7_ts_b6_kindUCB_zoned_v2_noQ_seed1239_n6000.db,MEM_VAL_MOD,0.006464776645536947,0.19479132244226063,0.0696629213483146,0.002890360452496047,445
V3,1239,/root/arguzz/a4/runs/iv_pos_7/dbs/pos_iv_pos_7_ts_b6_kindUCB_zoned_v2_noQ_seed1239_n6000/pos_iv_pos_7_ts_b6_kindUCB_zoned_v2_noQ_seed1239_n6000.db,PRE_EXEC_REG_MOD,0.006713375979507742,0.2009691805878931,0.11086474501108648,0.004121601499477614,451
V3,1239,/root/arguzz/a4/runs/iv_pos_7/dbs/pos_iv_pos_7_ts_b6_kindUCB_zoned_v2_noQ_seed1239_n6000/pos_iv_pos_7_ts_b6_kindUCB_zoned_v2_noQ_seed1239_n6000.db,STORE_OUT_MOD,-0.009353523321371305,0.19063999109468152,0.009478672985781991,0.0006717267521948122,211
V3,1240,/root/arguzz/a4/runs/iv_pos_7/dbs/pos_iv_pos_7_ts_b7_kindUCB_zoned_v2_noQ_seed1240_n6000/pos_iv_pos_7_ts_b7_kindUCB_zoned_v2_noQ_seed1240_n6000.db,COMP_OUT_MOD,-0.004501649602282708,0.1948439615113327,0.01845018450184502,0.0002615024810204896,271
V3,1240,/root/arguzz/a4/runs/iv_pos_7/dbs/pos_iv_pos_7_ts_b7_kindUCB_zoned_v2_noQ_seed1240_n6000/pos_iv_pos_7_ts_b7_kindUCB_zoned_v2_noQ_seed1240_n6000.db,INSTR_TYPE_MOD,0.028192650680136468,0.12900494465317286,0.08662696264212236,0.001202310725140238,3694
V3,1240,/root/arguzz/a4/runs/iv_pos_7/dbs/pos_iv_pos_7_ts_b7_kindUCB_zoned_v2_noQ_seed1240_n6000/pos_iv_pos_7_ts_b7_kindUCB_zoned_v2_noQ_seed1240_n6000.db,INSTR_WORD_MOD_FULL,0.003476590397436869,0.20513150280088863,0.04975124378109453,0.0020918376685327648,402
V3,1240,/root/arguzz/a4/runs/iv_pos_7/dbs/pos_iv_pos_7_ts_b7_kindUCB_zoned_v2_noQ_seed1240_n6000/pos_iv_pos_7_ts_b7_kindUCB_zoned_v2_noQ_seed1240_n6000.db,INSTR_WORD_MOD_SUR,-0.0013147039897891122,0.219733006075554,0.05732484076433121,0.0025682674836270897,314
V3,1240,/root/arguzz/a4/runs/iv_pos_7/dbs/pos_iv_pos_7_ts_b7_kindUCB_zoned_v2_noQ_seed1240_n6000/pos_iv_pos_7_ts_b7_kindUCB_zoned_v2_noQ_seed1240_n6000.db,LOAD_VAL_MOD,-0.009843060110613316,0.19211852120141001,0.009216589861751152,0.00032657683113618746,217
V3,1240,/root/arguzz/a4/runs/iv_pos_7/dbs/pos_iv_pos_7_ts_b7_kindUCB_zoned_v2_noQ_seed1240_n6000/pos_iv_pos_7_ts_b7_kindUCB_zoned_v2_noQ_seed1240_n6000.db,MEM_VAL_MOD,0.009886026085816872,0.19931400074946715,0.05602716468590832,0.001856871831515002,589
V3,1240,/root/arguzz/a4/runs/iv_pos_7/dbs/pos_iv_pos_7_ts_b7_kindUCB_zoned_v2_noQ_seed1240_n6000/pos_iv_pos_7_ts_b7_kindUCB_zoned_v2_noQ_seed1240_n6000.db,PRE_EXEC_REG_MOD,-0.0026181526053946644,0.19333626894217248,0.11486486486486487,0.00460395969516397,296
V3,1240,/root/arguzz/a4/runs/iv_pos_7/dbs/pos_iv_pos_7_ts_b7_kindUCB_zoned_v2_noQ_seed1240_n6000/pos_iv_pos_7_ts_b7_kindUCB_zoned_v2_noQ_seed1240_n6000.db,STORE_OUT_MOD,-0.009816803999950004,0.18973693715467166,0.009216589861751152,0.0006531536622723749,217
V3,1241,/root/arguzz/a4/runs/iv_pos_7/dbs/pos_iv_pos_7_ta_b3_kindUCB_zoned_v2_noQ_seed1241_n6000/pos_iv_pos_7_ta_b3_kindUCB_zoned_v2_noQ_seed1241_n6000.db,COMP_OUT_MOD,-0.004280681801367651,0.1958273539993893,0.019455252918287938,0.0002757477523601272,257
V3,1241,/root/arguzz/a4/runs/iv_pos_7/dbs/pos_iv_pos_7_ta_b3_kindUCB_zoned_v2_noQ_seed1241_n6000/pos_iv_pos_7_ta_b3_kindUCB_zoned_v2_noQ_seed1241_n6000.db,INSTR_TYPE_MOD,0.0296928693127551,0.1281670513249958,0.08547008547008547,0.00119075071490212,3744
V3,1241,/root/arguzz/a4/runs/iv_pos_7/dbs/pos_iv_pos_7_ta_b3_kindUCB_zoned_v2_noQ_seed1241_n6000/pos_iv_pos_7_ta_b3_kindUCB_zoned_v2_noQ_seed1241_n6000.db,INSTR_WORD_MOD_FULL,-0.001506545630745645,0.1952990609882522,0.07534246575342465,0.003421057816634626,292
V3,1241,/root/arguzz/a4/runs/iv_pos_7/dbs/pos_iv_pos_7_ta_b3_kindUCB_zoned_v2_noQ_seed1241_n6000/pos_iv_pos_7_ta_b3_kindUCB_zoned_v2_noQ_seed1241_n6000.db,INSTR_WORD_MOD_SUR,0.007743124838259809,0.22465475757196113,0.046610169491525424,0.001450826842409013,472
V3,1241,/root/arguzz/a4/runs/iv_pos_7/dbs/pos_iv_pos_7_ta_b3_kindUCB_zoned_v2_noQ_seed1241_n6000/pos_iv_pos_7_ta_b3_kindUCB_zoned_v2_noQ_seed1241_n6000.db,LOAD_VAL_MOD,-0.009036815985697399,0.19279624120903663,0.009478672985781991,0.0003358633760974061,211
V3,1241,/root/arguzz/a4/runs/iv_pos_7/dbs/pos_iv_pos_7_ta_b3_kindUCB_zoned_v2_noQ_seed1241_n6000/pos_iv_pos_7_ta_b3_kindUCB_zoned_v2_noQ_seed1241_n6000.db,MEM_VAL_MOD,0.0046514347538766385,0.19603780891037373,0.06297229219143577,0.0024484931700767864,397
V3,1241,/root/arguzz/a4/runs/iv_pos_7/dbs/pos_iv_pos_7_ta_b3_kindUCB_zoned_v2_noQ_seed1241_n6000/pos_iv_pos_7_ta_b3_kindUCB_zoned_v2_noQ_seed1241_n6000.db,PRE_EXEC_REG_MOD,0.005325377502707446,0.20089897016275973,0.11401425178147269,0.0042811620720376795,421
V3,1241,/root/arguzz/a4/runs/iv_pos_7/dbs/pos_iv_pos_7_ta_b3_kindUCB_zoned_v2_noQ_seed1241_n6000/pos_iv_pos_7_ta_b3_kindUCB_zoned_v2_noQ_seed1241_n6000.db,STORE_OUT_MOD,-0.009720783799029187,0.19013882149611125,0.009708737864077669,0.0006880307995781814,206
V3,1242,/root/arguzz/a4/runs/iv_pos_7/dbs/pos_iv_pos_7_ta_b4_kindUCB_zoned_v2_noQ_seed1242_n6000/pos_iv_pos_7_ta_b4_kindUCB_zoned_v2_noQ_seed1242_n6000.db,COMP_OUT_MOD,-0.0005314186680080194,0.19570936187831986,0.022508038585209004,0.0,311
V3,1242,/root/arguzz/a4/runs/iv_pos_7/dbs/pos_iv_pos_7_ta_b4_kindUCB_zoned_v2_noQ_seed1242_n6000/pos_iv_pos_7_ta_b4_kindUCB_zoned_v2_noQ_seed1242_n6000.db,INSTR_TYPE_MOD,0.028860212406728442,0.12989978324933138,0.08655775293780453,0.0011325562245583407,3489
V3,1242,/root/arguzz/a4/runs/iv_pos_7/dbs/pos_iv_pos_7_ta_b4_kindUCB_zoned_v2_noQ_seed1242_n6000/pos_iv_pos_7_ta_b4_kindUCB_zoned_v2_noQ_seed1242_n6000.db,INSTR_WORD_MOD_FULL,0.007596962878226092,0.2023112640901089,0.05636743215031315,0.002677280943389398,479
V3,1242,/root/arguzz/a4/runs/iv_pos_7/dbs/pos_iv_pos_7_ta_b4_kindUCB_zoned_v2_noQ_seed1242_n6000/pos_iv_pos_7_ta_b4_kindUCB_zoned_v2_noQ_seed1242_n6000.db,INSTR_WORD_MOD_SUR,0.003259993663400899,0.22197054799842328,0.056,0.0018261073856454778,375
V3,1242,/root/arguzz/a4/runs/iv_pos_7/dbs/pos_iv_pos_7_ta_b4_kindUCB_zoned_v2_noQ_seed1242_n6000/pos_iv_pos_7_ta_b4_kindUCB_zoned_v2_noQ_seed1242_n6000.db,LOAD_VAL_MOD,-0.006069216778415033,0.1931773661731857,0.012345679012345678,0.0005832689082843842,243
V3,1242,/root/arguzz/a4/runs/iv_pos_7/dbs/pos_iv_pos_7_ta_b4_kindUCB_zoned_v2_noQ_seed1242_n6000/pos_iv_pos_7_ta_b4_kindUCB_zoned_v2_noQ_seed1242_n6000.db,MEM_VAL_MOD,0.007210475408188348,0.20043042706699407,0.06183368869936034,0.002331977630623318,469
V3,1242,/root/arguzz/a4/runs/iv_pos_7/dbs/pos_iv_pos_7_ta_b4_kindUCB_zoned_v2_noQ_seed1242_n6000/pos_iv_pos_7_ta_b4_kindUCB_zoned_v2_noQ_seed1242_n6000.db,PRE_EXEC_REG_MOD,0.005389721129265765,0.19606501772376253,0.1182033096926714,0.004020832474130649,423
V3,1242,/root/arguzz/a4/runs/iv_pos_7/dbs/pos_iv_pos_7_ta_b4_kindUCB_zoned_v2_noQ_seed1242_n6000/pos_iv_pos_7_ta_b4_kindUCB_zoned_v2_noQ_seed1242_n6000.db,STORE_OUT_MOD,-0.009564533805317766,0.1906194898838725,0.009478672985781991,0.0006717267521948122,211
V3,1243,/root/arguzz/a4/runs/iv_pos_7/dbs/pos_iv_pos_7_ta_b5_kindUCB_zoned_v2_noQ_seed1243_n6000/pos_iv_pos_7_ta_b5_kindUCB_zoned_v2_noQ_seed1243_n6000.db,COMP_OUT_MOD,-0.005237375783056261,0.19517714012078227,0.023529411764705882,0.00027791047982961834,255
V3,1243,/root/arguzz/a4/runs/iv_pos_7/dbs/pos_iv_pos_7_ta_b5_kindUCB_zoned_v2_noQ_seed1243_n6000/pos_iv_pos_7_ta_b5_kindUCB_zoned_v2_noQ_seed1243_n6000.db,INSTR_TYPE_MOD,0.028806377195129268,0.13100031051432093,0.08414502164502165,0.0011336397708229457,3696
V3,1243,/root/arguzz/a4/runs/iv_pos_7/dbs/pos_iv_pos_7_ta_b5_kindUCB_zoned_v2_noQ_seed1243_n6000/pos_iv_pos_7_ta_b5_kindUCB_zoned_v2_noQ_seed1243_n6000.db,INSTR_WORD_MOD_FULL,0.00825874214111129,0.20094020720925984,0.052941176470588235,0.0020657259996467244,510
V3,1243,/root/arguzz/a4/runs/iv_pos_7/dbs/pos_iv_pos_7_ta_b5_kindUCB_zoned_v2_noQ_seed1243_n6000/pos_iv_pos_7_ta_b5_kindUCB_zoned_v2_noQ_seed1243_n6000.db,INSTR_WORD_MOD_SUR,-0.0006865379244465719,0.22034768594258086,0.050955414012738856,0.0014518883998514713,314
V3,1243,/root/arguzz/a4/runs/iv_pos_7/dbs/pos_iv_pos_7_ta_b5_kindUCB_zoned_v2_noQ_seed1243_n6000/pos_iv_pos_7_ta_b5_kindUCB_zoned_v2_noQ_seed1243_n6000.db,LOAD_VAL_MOD,-0.01110543475110733,0.19234893990820023,0.009950248756218905,0.00035257299679876955,201
V3,1243,/root/arguzz/a4/runs/iv_pos_7/dbs/pos_iv_pos_7_ta_b5_kindUCB_zoned_v2_noQ_seed1243_n6000/pos_iv_pos_7_ta_b5_kindUCB_zoned_v2_noQ_seed1243_n6000.db,MEM_VAL_MOD,0.005353887938662023,0.19861781823804175,0.06976744186046512,0.0029911869799087,430
V3,1243,/root/arguzz/a4/runs/iv_pos_7/dbs/pos_iv_pos_7_ta_b5_kindUCB_zoned_v2_noQ_seed1243_n6000/pos_iv_pos_7_ta_b5_kindUCB_zoned_v2_noQ_seed1243_n6000.db,PRE_EXEC_REG_MOD,0.003050683752461474,0.20002849711870602,0.12041884816753927,0.004532727905684058,382
V3,1243,/root/arguzz/a4/runs/iv_pos_7/dbs/pos_iv_pos_7_ta_b5_kindUCB_zoned_v2_noQ_seed1243_n6000/pos_iv_pos_7_ta_b5_kindUCB_zoned_v2_noQ_seed1243_n6000.db,STORE_OUT_MOD,-0.009702180361682158,0.1901464890984968,0.009433962264150943,0.0006685582297787989,212
V4,1234,/root/arguzz/a4/runs/iv_pos_7/dbs/2026-06-14_03-00-16_498814/opulous/pos_iv_pos_7_ts_b1_kindTS_zoned_v2_seed1234_n6000.db,COMP_OUT_MOD,0.008095120563118693,0.19901766274024307,0.04216867469879518,0.0008538213536934058,166
V4,1234,/root/arguzz/a4/runs/iv_pos_7/dbs/2026-06-14_03-00-16_498814/opulous/pos_iv_pos_7_ts_b1_kindTS_zoned_v2_seed1234_n6000.db,INSTR_TYPE_MOD,0.025493707417889575,0.12782357460134672,0.08401369502238609,0.0012147478227950046,3797
V4,1234,/root/arguzz/a4/runs/iv_pos_7/dbs/2026-06-14_03-00-16_498814/opulous/pos_iv_pos_7_ts_b1_kindTS_zoned_v2_seed1234_n6000.db,INSTR_WORD_MOD_FULL,0.01740794537441626,0.20796164590787594,0.06267806267806268,0.002354770980997605,351
V4,1234,/root/arguzz/a4/runs/iv_pos_7/dbs/2026-06-14_03-00-16_498814/opulous/pos_iv_pos_7_ts_b1_kindTS_zoned_v2_seed1234_n6000.db,INSTR_WORD_MOD_SUR,0.011687550314155566,0.22546069714017963,0.055762081784386616,0.0016200904575543072,269
V4,1234,/root/arguzz/a4/runs/iv_pos_7/dbs/2026-06-14_03-00-16_498814/opulous/pos_iv_pos_7_ts_b1_kindTS_zoned_v2_seed1234_n6000.db,LOAD_VAL_MOD,0.005735659362219153,0.20015025921840865,0.034482758620689655,0.0012218477992509084,116
V4,1234,/root/arguzz/a4/runs/iv_pos_7/dbs/2026-06-14_03-00-16_498814/opulous/pos_iv_pos_7_ts_b1_kindTS_zoned_v2_seed1234_n6000.db,MEM_VAL_MOD,0.012116779366059342,0.1970997181190898,0.06920415224913495,0.0027504631751872058,578
V4,1234,/root/arguzz/a4/runs/iv_pos_7/dbs/2026-06-14_03-00-16_498814/opulous/pos_iv_pos_7_ts_b1_kindTS_zoned_v2_seed1234_n6000.db,PRE_EXEC_REG_MOD,-0.02746179272398311,0.19039334760588342,0.06951026856240126,0.0025432169663972483,633
V4,1234,/root/arguzz/a4/runs/iv_pos_7/dbs/2026-06-14_03-00-16_498814/opulous/pos_iv_pos_7_ts_b1_kindTS_zoned_v2_seed1234_n6000.db,STORE_OUT_MOD,-0.002405409228807904,0.19821545525914822,0.022222222222222223,0.0015748260523678374,90
V4,1235,/root/arguzz/a4/runs/iv_pos_7/dbs/2026-06-14_08-42-21_698342/opulous/pos_iv_pos_7_ts_b2_kindTS_zoned_v2_seed1235_n6000.db,COMP_OUT_MOD,0.0026358545160262937,0.1980546369792585,0.038461538461538464,0.0010902641901008106,130
V4,1235,/root/arguzz/a4/runs/iv_pos_7/dbs/2026-06-14_08-42-21_698342/opulous/pos_iv_pos_7_ts_b2_kindTS_zoned_v2_seed1235_n6000.db,INSTR_TYPE_MOD,0.027186272088314416,0.12924967340777635,0.08324382384532761,0.0011665945409633615,3724
V4,1235,/root/arguzz/a4/runs/iv_pos_7/dbs/2026-06-14_08-42-21_698342/opulous/pos_iv_pos_7_ts_b2_kindTS_zoned_v2_seed1235_n6000.db,INSTR_WORD_MOD_FULL,0.004034628979868814,0.19724223689412906,0.064343163538874,0.002868139557141725,373
V4,1235,/root/arguzz/a4/runs/iv_pos_7/dbs/2026-06-14_08-42-21_698342/opulous/pos_iv_pos_7_ts_b2_kindTS_zoned_v2_seed1235_n6000.db,INSTR_WORD_MOD_SUR,0.005142159285997669,0.21966076984533298,0.05994550408719346,0.0021973732693703167,367
V4,1235,/root/arguzz/a4/runs/iv_pos_7/dbs/2026-06-14_08-42-21_698342/opulous/pos_iv_pos_7_ts_b2_kindTS_zoned_v2_seed1235_n6000.db,LOAD_VAL_MOD,0.0032296591493995584,0.19696086538368737,0.02857142857142857,0.0006749254510147874,105
V4,1235,/root/arguzz/a4/runs/iv_pos_7/dbs/2026-06-14_08-42-21_698342/opulous/pos_iv_pos_7_ts_b2_kindTS_zoned_v2_seed1235_n6000.db,MEM_VAL_MOD,0.01257625670406326,0.19698236436615818,0.06826568265682657,0.002242330680819535,542
V4,1235,/root/arguzz/a4/runs/iv_pos_7/dbs/2026-06-14_08-42-21_698342/opulous/pos_iv_pos_7_ts_b2_kindTS_zoned_v2_seed1235_n6000.db,PRE_EXEC_REG_MOD,-0.023736354938699744,0.1926198172100945,0.06870229007633588,0.0026435145953760462,655
V4,1235,/root/arguzz/a4/runs/iv_pos_7/dbs/2026-06-14_08-42-21_698342/opulous/pos_iv_pos_7_ts_b2_kindTS_zoned_v2_seed1235_n6000.db,STORE_OUT_MOD,0.004671439072679437,0.1971929081348144,0.028846153846153848,0.001362830237626013,104
V4,1236,/root/arguzz/a4/runs/iv_pos_7/dbs/pos_iv_pos_7_ts_b3_kindTS_zoned_v2_seed1236_n6000/pos_iv_pos_7_ts_b3_kindTS_zoned_v2_seed1236_n6000.db,COMP_OUT_MOD,0.0002472780171792384,0.19743523228923082,0.031496062992125984,0.0,127
V4,1236,/root/arguzz/a4/runs/iv_pos_7/dbs/pos_iv_pos_7_ts_b3_kindTS_zoned_v2_seed1236_n6000/pos_iv_pos_7_ts_b3_kindTS_zoned_v2_seed1236_n6000.db,INSTR_TYPE_MOD,0.025531163207566855,0.1293025946985432,0.08293838862559241,0.001122990711180534,3798
V4,1236,/root/arguzz/a4/runs/iv_pos_7/dbs/pos_iv_pos_7_ts_b3_kindTS_zoned_v2_seed1236_n6000/pos_iv_pos_7_ts_b3_kindTS_zoned_v2_seed1236_n6000.db,INSTR_WORD_MOD_FULL,0.013899600677558986,0.20310386019900628,0.060759493670886074,0.0021845798323935363,395
V4,1236,/root/arguzz/a4/runs/iv_pos_7/dbs/pos_iv_pos_7_ts_b3_kindTS_zoned_v2_seed1236_n6000/pos_iv_pos_7_ts_b3_kindTS_zoned_v2_seed1236_n6000.db,INSTR_WORD_MOD_SUR,0.004890710347079508,0.2204352803287949,0.059800664451827246,0.001804172507986541,301
V4,1236,/root/arguzz/a4/runs/iv_pos_7/dbs/pos_iv_pos_7_ts_b3_kindTS_zoned_v2_seed1236_n6000/pos_iv_pos_7_ts_b3_kindTS_zoned_v2_seed1236_n6000.db,LOAD_VAL_MOD,-0.0019866165453126445,0.19827056130680779,0.024390243902439025,0.0008642338092262523,82
V4,1236,/root/arguzz/a4/runs/iv_pos_7/dbs/pos_iv_pos_7_ts_b3_kindTS_zoned_v2_seed1236_n6000/pos_iv_pos_7_ts_b3_kindTS_zoned_v2_seed1236_n6000.db,MEM_VAL_MOD,0.009799080563447879,0.19621040075908935,0.0630841121495327,0.0020250043534408087,428
V4,1236,/root/arguzz/a4/runs/iv_pos_7/dbs/pos_iv_pos_7_ts_b3_kindTS_zoned_v2_seed1236_n6000/pos_iv_pos_7_ts_b3_kindTS_zoned_v2_seed1236_n6000.db,PRE_EXEC_REG_MOD,-0.013536286383778353,0.19525986097107162,0.07335907335907337,0.002848363112029816,777
V4,1236,/root/arguzz/a4/runs/iv_pos_7/dbs/pos_iv_pos_7_ts_b3_kindTS_zoned_v2_seed1236_n6000/pos_iv_pos_7_ts_b3_kindTS_zoned_v2_seed1236_n6000.db,STORE_OUT_MOD,-0.0028727814857976266,0.19497334669077007,0.021739130434782608,0.0015405907034033192,92
V4,1237,/root/arguzz/a4/runs/iv_pos_7/dbs/pos_iv_pos_7_ts_b4_kindTS_zoned_v2_seed1237_n6000/pos_iv_pos_7_ts_b4_kindTS_zoned_v2_seed1237_n6000.db,COMP_OUT_MOD,0.002593255755020029,0.19894698484128986,0.04054054054054054,0.0,148
V4,1237,/root/arguzz/a4/runs/iv_pos_7/dbs/pos_iv_pos_7_ts_b4_kindTS_zoned_v2_seed1237_n6000/pos_iv_pos_7_ts_b4_kindTS_zoned_v2_seed1237_n6000.db,INSTR_TYPE_MOD,0.030015147815145343,0.12786247241285487,0.08158995815899582,0.0011964427429877803,3824
V4,1237,/root/arguzz/a4/runs/iv_pos_7/dbs/pos_iv_pos_7_ts_b4_kindTS_zoned_v2_seed1237_n6000/pos_iv_pos_7_ts_b4_kindTS_zoned_v2_seed1237_n6000.db,INSTR_WORD_MOD_FULL,-0.0028845947106417493,0.20086813875109633,0.06030150753768844,0.0027384539680530575,398
V4,1237,/root/arguzz/a4/runs/iv_pos_7/dbs/pos_iv_pos_7_ts_b4_kindTS_zoned_v2_seed1237_n6000/pos_iv_pos_7_ts_b4_kindTS_zoned_v2_seed1237_n6000.db,INSTR_WORD_MOD_SUR,0.007881296130183197,0.22551359988723862,0.05830903790087463,0.0022616503394893885,343
V4,1237,/root/arguzz/a4/runs/iv_pos_7/dbs/pos_iv_pos_7_ts_b4_kindTS_zoned_v2_seed1237_n6000/pos_iv_pos_7_ts_b4_kindTS_zoned_v2_seed1237_n6000.db,LOAD_VAL_MOD,-0.002094967978435729,0.1993406248126616,0.01282051282051282,0.0009085534917506754,78
V4,1237,/root/arguzz/a4/runs/iv_pos_7/dbs/pos_iv_pos_7_ts_b4_kindTS_zoned_v2_seed1237_n6000/pos_iv_pos_7_ts_b4_kindTS_zoned_v2_seed1237_n6000.db,MEM_VAL_MOD,0.0150369809183582,0.2030767451547869,0.06772009029345373,0.0024688431349036933,443
V4,1237,/root/arguzz/a4/runs/iv_pos_7/dbs/pos_iv_pos_7_ts_b4_kindTS_zoned_v2_seed1237_n6000/pos_iv_pos_7_ts_b4_kindTS_zoned_v2_seed1237_n6000.db,PRE_EXEC_REG_MOD,-0.02858454008494046,0.18972031762643457,0.06994047619047619,0.002947154756705738,672
V4,1237,/root/arguzz/a4/runs/iv_pos_7/dbs/pos_iv_pos_7_ts_b4_kindTS_zoned_v2_seed1237_n6000/pos_iv_pos_7_ts_b4_kindTS_zoned_v2_seed1237_n6000.db,STORE_OUT_MOD,-0.0026887306380544147,0.19494782572648495,0.02127659574468085,0.0015078121777989933,94
V4,1238,/root/arguzz/a4/runs/iv_pos_7/dbs/pos_iv_pos_7_ts_b5_kindTS_zoned_v2_seed1238_n6000/pos_iv_pos_7_ts_b5_kindTS_zoned_v2_seed1238_n6000.db,COMP_OUT_MOD,0.004805700713436205,0.19895833535031138,0.03821656050955414,0.000902766526835066,157
V4,1238,/root/arguzz/a4/runs/iv_pos_7/dbs/pos_iv_pos_7_ts_b5_kindTS_zoned_v2_seed1238_n6000/pos_iv_pos_7_ts_b5_kindTS_zoned_v2_seed1238_n6000.db,INSTR_TYPE_MOD,0.025702029238562234,0.12904751652589783,0.08176267586939209,0.0011219923492919897,3767
V4,1238,/root/arguzz/a4/runs/iv_pos_7/dbs/pos_iv_pos_7_ts_b5_kindTS_zoned_v2_seed1238_n6000/pos_iv_pos_7_ts_b5_kindTS_zoned_v2_seed1238_n6000.db,INSTR_WORD_MOD_FULL,0.007290137729028634,0.2056885283541519,0.0625,0.0026273831398118384,448
V4,1238,/root/arguzz/a4/runs/iv_pos_7/dbs/pos_iv_pos_7_ts_b5_kindTS_zoned_v2_seed1238_n6000/pos_iv_pos_7_ts_b5_kindTS_zoned_v2_seed1238_n6000.db,INSTR_WORD_MOD_SUR,0.015637066781102864,0.22408091288399676,0.05604719764011799,0.0019127016228665684,339
V4,1238,/root/arguzz/a4/runs/iv_pos_7/dbs/pos_iv_pos_7_ts_b5_kindTS_zoned_v2_seed1238_n6000/pos_iv_pos_7_ts_b5_kindTS_zoned_v2_seed1238_n6000.db,LOAD_VAL_MOD,0.0070050477374992695,0.2002229677955068,0.02127659574468085,0.0007539060888994966,94
V4,1238,/root/arguzz/a4/runs/iv_pos_7/dbs/pos_iv_pos_7_ts_b5_kindTS_zoned_v2_seed1238_n6000/pos_iv_pos_7_ts_b5_kindTS_zoned_v2_seed1238_n6000.db,MEM_VAL_MOD,0.014930499695293926,0.1957889159037975,0.06605922551252848,0.0028970757925756924,439
V4,1238,/root/arguzz/a4/runs/iv_pos_7/dbs/pos_iv_pos_7_ts_b5_kindTS_zoned_v2_seed1238_n6000/pos_iv_pos_7_ts_b5_kindTS_zoned_v2_seed1238_n6000.db,PRE_EXEC_REG_MOD,-0.026833104192918757,0.1900870656016299,0.06787330316742081,0.0023978396911888463,663
V4,1238,/root/arguzz/a4/runs/iv_pos_7/dbs/pos_iv_pos_7_ts_b5_kindTS_zoned_v2_seed1238_n6000/pos_iv_pos_7_ts_b5_kindTS_zoned_v2_seed1238_n6000.db,STORE_OUT_MOD,-0.0026999758385282922,0.1958560518660634,0.021505376344086023,0.001524025211968875,93
V4,1239,/root/arguzz/a4/runs/iv_pos_7/dbs/pos_iv_pos_7_ts_b6_kindTS_zoned_v2_seed1239_n6000/pos_iv_pos_7_ts_b6_kindTS_zoned_v2_seed1239_n6000.db,COMP_OUT_MOD,-0.002762099222823434,0.19754284711442163,0.027777777777777776,0.0006561775218199323,108
V4,1239,/root/arguzz/a4/runs/iv_pos_7/dbs/pos_iv_pos_7_ts_b6_kindTS_zoned_v2_seed1239_n6000/pos_iv_pos_7_ts_b6_kindTS_zoned_v2_seed1239_n6000.db,INSTR_TYPE_MOD,0.02724319817522951,0.12706309154630743,0.07872564507635597,0.001043780697272854,3798
V4,1239,/root/arguzz/a4/runs/iv_pos_7/dbs/pos_iv_pos_7_ts_b6_kindTS_zoned_v2_seed1239_n6000/pos_iv_pos_7_ts_b6_kindTS_zoned_v2_seed1239_n6000.db,INSTR_WORD_MOD_FULL,0.0032719131212729175,0.20474385285876398,0.056372549019607844,0.0024577002743493385,408
V4,1239,/root/arguzz/a4/runs/iv_pos_7/dbs/pos_iv_pos_7_ts_b6_kindTS_zoned_v2_seed1239_n6000/pos_iv_pos_7_ts_b6_kindTS_zoned_v2_seed1239_n6000.db,INSTR_WORD_MOD_SUR,0.009829638713173832,0.22363938828600127,0.054838709677419356,0.0011955859896025723,310
V4,1239,/root/arguzz/a4/runs/iv_pos_7/dbs/pos_iv_pos_7_ts_b6_kindTS_zoned_v2_seed1239_n6000/pos_iv_pos_7_ts_b6_kindTS_zoned_v2_seed1239_n6000.db,LOAD_VAL_MOD,-0.00027750422244410917,0.19937873574304912,0.013888888888888888,0.0009842662827298984,72
V4,1239,/root/arguzz/a4/runs/iv_pos_7/dbs/pos_iv_pos_7_ts_b6_kindTS_zoned_v2_seed1239_n6000/pos_iv_pos_7_ts_b6_kindTS_zoned_v2_seed1239_n6000.db,MEM_VAL_MOD,0.007054490251837969,0.19451053805450944,0.06521739130434782,0.002658474440231112,598
V4,1239,/root/arguzz/a4/runs/iv_pos_7/dbs/pos_iv_pos_7_ts_b6_kindTS_zoned_v2_seed1239_n6000/pos_iv_pos_7_ts_b6_kindTS_zoned_v2_seed1239_n6000.db,PRE_EXEC_REG_MOD,-0.007995146755188596,0.19574160212656763,0.06568144499178982,0.0021779764372795527,609
V4,1239,/root/arguzz/a4/runs/iv_pos_7/dbs/pos_iv_pos_7_ts_b6_kindTS_zoned_v2_seed1239_n6000/pos_iv_pos_7_ts_b6_kindTS_zoned_v2_seed1239_n6000.db,STORE_OUT_MOD,-0.0033448894755476336,0.19509132758396913,0.020618556701030927,0.001461178811475313,97
V4,1240,/root/arguzz/a4/runs/iv_pos_7/dbs/pos_iv_pos_7_ts_b7_kindTS_zoned_v2_seed1240_n6000/pos_iv_pos_7_ts_b7_kindTS_zoned_v2_seed1240_n6000.db,COMP_OUT_MOD,0.0024294244906338538,0.20102470342551232,0.03305785123966942,0.0011713582207694658,121
V4,1240,/root/arguzz/a4/runs/iv_pos_7/dbs/pos_iv_pos_7_ts_b7_kindTS_zoned_v2_seed1240_n6000/pos_iv_pos_7_ts_b7_kindTS_zoned_v2_seed1240_n6000.db,INSTR_TYPE_MOD,0.028843342127141833,0.12813484061484448,0.08394736842105263,0.0011593395952984777,3800
V4,1240,/root/arguzz/a4/runs/iv_pos_7/dbs/pos_iv_pos_7_ts_b7_kindTS_zoned_v2_seed1240_n6000/pos_iv_pos_7_ts_b7_kindTS_zoned_v2_seed1240_n6000.db,INSTR_WORD_MOD_FULL,-0.003959492918786238,0.20704152354222827,0.05865102639296188,0.002109305051344045,341
V4,1240,/root/arguzz/a4/runs/iv_pos_7/dbs/pos_iv_pos_7_ts_b7_kindTS_zoned_v2_seed1240_n6000/pos_iv_pos_7_ts_b7_kindTS_zoned_v2_seed1240_n6000.db,INSTR_WORD_MOD_SUR,0.022415577324341348,0.22419075619753034,0.0654627539503386,0.0018657440504066805,443
V4,1240,/root/arguzz/a4/runs/iv_pos_7/dbs/pos_iv_pos_7_ts_b7_kindTS_zoned_v2_seed1240_n6000/pos_iv_pos_7_ts_b7_kindTS_zoned_v2_seed1240_n6000.db,LOAD_VAL_MOD,-0.0009010632141232579,0.20057805046893204,0.014925373134328358,0.0,67
V4,1240,/root/arguzz/a4/runs/iv_pos_7/dbs/pos_iv_pos_7_ts_b7_kindTS_zoned_v2_seed1240_n6000/pos_iv_pos_7_ts_b7_kindTS_zoned_v2_seed1240_n6000.db,MEM_VAL_MOD,0.021870676094976532,0.20269428668822184,0.06720977596741344,0.0023718221611382664,491
V4,1240,/root/arguzz/a4/runs/iv_pos_7/dbs/pos_iv_pos_7_ts_b7_kindTS_zoned_v2_seed1240_n6000/pos_iv_pos_7_ts_b7_kindTS_zoned_v2_seed1240_n6000.db,PRE_EXEC_REG_MOD,-0.024575719198913125,0.19097830255707576,0.07017543859649122,0.0028425528035990583,627
V4,1240,/root/arguzz/a4/runs/iv_pos_7/dbs/pos_iv_pos_7_ts_b7_kindTS_zoned_v2_seed1240_n6000/pos_iv_pos_7_ts_b7_kindTS_zoned_v2_seed1240_n6000.db,STORE_OUT_MOD,0.006677803007256922,0.1983126217589009,0.02727272727272727,0.0012884940428464125,110
V4,1241,/root/arguzz/a4/runs/iv_pos_7/dbs/pos_iv_pos_7_ta_b4_kindTS_zoned_v2_seed1241_n6000/pos_iv_pos_7_ta_b4_kindTS_zoned_v2_seed1241_n6000.db,COMP_OUT_MOD,0.007667448329938324,0.19993911030696185,0.0390625,0.0005536497840355678,128
V4,1241,/root/arguzz/a4/runs/iv_pos_7/dbs/pos_iv_pos_7_ta_b4_kindTS_zoned_v2_seed1241_n6000/pos_iv_pos_7_ta_b4_kindTS_zoned_v2_seed1241_n6000.db,INSTR_TYPE_MOD,0.03068090287553686,0.12628010901291548,0.08633824276282377,0.0012960508740473295,3938
V4,1241,/root/arguzz/a4/runs/iv_pos_7/dbs/pos_iv_pos_7_ta_b4_kindTS_zoned_v2_seed1241_n6000/pos_iv_pos_7_ta_b4_kindTS_zoned_v2_seed1241_n6000.db,INSTR_WORD_MOD_FULL,0.005894915175392937,0.20960556168257433,0.06116207951070336,0.0019214594057508055,327
V4,1241,/root/arguzz/a4/runs/iv_pos_7/dbs/pos_iv_pos_7_ta_b4_kindTS_zoned_v2_seed1241_n6000/pos_iv_pos_7_ta_b4_kindTS_zoned_v2_seed1241_n6000.db,INSTR_WORD_MOD_SUR,0.0061412225877448615,0.22449767998755674,0.0621301775147929,0.002009159093389978,338
V4,1241,/root/arguzz/a4/runs/iv_pos_7/dbs/pos_iv_pos_7_ta_b4_kindTS_zoned_v2_seed1241_n6000/pos_iv_pos_7_ta_b4_kindTS_zoned_v2_seed1241_n6000.db,LOAD_VAL_MOD,0.006971125397933813,0.20026862663869527,0.022988505747126436,0.0008145651995006055,87
V4,1241,/root/arguzz/a4/runs/iv_pos_7/dbs/pos_iv_pos_7_ta_b4_kindTS_zoned_v2_seed1241_n6000/pos_iv_pos_7_ta_b4_kindTS_zoned_v2_seed1241_n6000.db,MEM_VAL_MOD,0.009356439583142164,0.19509828891750447,0.06735751295336788,0.002885456303713963,386
V4,1241,/root/arguzz/a4/runs/iv_pos_7/dbs/pos_iv_pos_7_ta_b4_kindTS_zoned_v2_seed1241_n6000/pos_iv_pos_7_ta_b4_kindTS_zoned_v2_seed1241_n6000.db,PRE_EXEC_REG_MOD,-0.017826998221840706,0.19415441661357516,0.07375886524822695,0.002757593726299246,705
V4,1241,/root/arguzz/a4/runs/iv_pos_7/dbs/pos_iv_pos_7_ta_b4_kindTS_zoned_v2_seed1241_n6000/pos_iv_pos_7_ta_b4_kindTS_zoned_v2_seed1241_n6000.db,STORE_OUT_MOD,-0.0029678407148518134,0.19605462898814294,0.02197802197802198,0.0015575202715725864,91
V4,1242,/root/arguzz/a4/runs/iv_pos_7/dbs/pos_iv_pos_7_ta_b5_kindTS_zoned_v2_seed1242_n6000/pos_iv_pos_7_ta_b5_kindTS_zoned_v2_seed1242_n6000.db,COMP_OUT_MOD,-0.002508462715855172,0.19948292944390328,0.03333333333333333,0.000590559769637939,120
V4,1242,/root/arguzz/a4/runs/iv_pos_7/dbs/pos_iv_pos_7_ta_b5_kindTS_zoned_v2_seed1242_n6000/pos_iv_pos_7_ta_b5_kindTS_zoned_v2_seed1242_n6000.db,INSTR_TYPE_MOD,0.030382491137690353,0.12904982482084273,0.08622475401346452,0.0012446404812672797,3862
V4,1242,/root/arguzz/a4/runs/iv_pos_7/dbs/pos_iv_pos_7_ta_b5_kindTS_zoned_v2_seed1242_n6000/pos_iv_pos_7_ta_b5_kindTS_zoned_v2_seed1242_n6000.db,INSTR_WORD_MOD_FULL,0.004571994750683603,0.2020933058541161,0.062162162162162166,0.0026455682648271824,370
V4,1242,/root/arguzz/a4/runs/iv_pos_7/dbs/pos_iv_pos_7_ta_b5_kindTS_zoned_v2_seed1242_n6000/pos_iv_pos_7_ta_b5_kindTS_zoned_v2_seed1242_n6000.db,INSTR_WORD_MOD_SUR,0.0020109470463539774,0.22723372081043322,0.059800664451827246,0.002914628445898534,301
V4,1242,/root/arguzz/a4/runs/iv_pos_7/dbs/pos_iv_pos_7_ta_b5_kindTS_zoned_v2_seed1242_n6000/pos_iv_pos_7_ta_b5_kindTS_zoned_v2_seed1242_n6000.db,LOAD_VAL_MOD,-0.0006167401950407741,0.19822697643968712,0.02247191011235955,0.0015925207271135435,89
V4,1242,/root/arguzz/a4/runs/iv_pos_7/dbs/pos_iv_pos_7_ta_b5_kindTS_zoned_v2_seed1242_n6000/pos_iv_pos_7_ta_b5_kindTS_zoned_v2_seed1242_n6000.db,MEM_VAL_MOD,0.011529391312218126,0.1977921645117103,0.0682261208576998,0.0024082492270476445,513
V4,1242,/root/arguzz/a4/runs/iv_pos_7/dbs/pos_iv_pos_7_ta_b5_kindTS_zoned_v2_seed1242_n6000/pos_iv_pos_7_ta_b5_kindTS_zoned_v2_seed1242_n6000.db,PRE_EXEC_REG_MOD,-0.018678315940842297,0.19414910230120255,0.07413010590015129,0.0029411551846308145,661
V4,1242,/root/arguzz/a4/runs/iv_pos_7/dbs/pos_iv_pos_7_ta_b5_kindTS_zoned_v2_seed1242_n6000/pos_iv_pos_7_ta_b5_kindTS_zoned_v2_seed1242_n6000.db,STORE_OUT_MOD,-0.00139979576670718,0.19656384308654395,0.023809523809523808,0.0016873136275369685,84
V4,1243,/root/arguzz/a4/runs/iv_pos_7/dbs/pos_iv_pos_7_ta_b6_kindTS_zoned_v2_seed1243_n6000/pos_iv_pos_7_ta_b6_kindTS_zoned_v2_seed1243_n6000.db,COMP_OUT_MOD,-0.002270907103084138,0.19898530302428594,0.03759398496240601,0.0,133
V4,1243,/root/arguzz/a4/runs/iv_pos_7/dbs/pos_iv_pos_7_ta_b6_kindTS_zoned_v2_seed1243_n6000/pos_iv_pos_7_ta_b6_kindTS_zoned_v2_seed1243_n6000.db,INSTR_TYPE_MOD,0.02628506789027034,0.12641646453466696,0.08355367530407191,0.00113980482174225,3782
V4,1243,/root/arguzz/a4/runs/iv_pos_7/dbs/pos_iv_pos_7_ta_b6_kindTS_zoned_v2_seed1243_n6000/pos_iv_pos_7_ta_b6_kindTS_zoned_v2_seed1243_n6000.db,INSTR_WORD_MOD_FULL,0.007100485639308717,0.20014762591325214,0.060109289617486336,0.002729368531304128,366
V4,1243,/root/arguzz/a4/runs/iv_pos_7/dbs/pos_iv_pos_7_ta_b6_kindTS_zoned_v2_seed1243_n6000/pos_iv_pos_7_ta_b6_kindTS_zoned_v2_seed1243_n6000.db,INSTR_WORD_MOD_SUR,0.02137041073898374,0.22551073558874904,0.06060606060606061,0.0017309014481556844,363
V4,1243,/root/arguzz/a4/runs/iv_pos_7/dbs/pos_iv_pos_7_ta_b6_kindTS_zoned_v2_seed1243_n6000/pos_iv_pos_7_ta_b6_kindTS_zoned_v2_seed1243_n6000.db,LOAD_VAL_MOD,0.00569238389237585,0.20162790047037393,0.022727272727272728,0.0008053087767790078,88
V4,1243,/root/arguzz/a4/runs/iv_pos_7/dbs/pos_iv_pos_7_ta_b6_kindTS_zoned_v2_seed1243_n6000/pos_iv_pos_7_ta_b6_kindTS_zoned_v2_seed1243_n6000.db,MEM_VAL_MOD,0.018321398505210088,0.19818849784903753,0.06776180698151951,0.0022457854389370353,487
V4,1243,/root/arguzz/a4/runs/iv_pos_7/dbs/pos_iv_pos_7_ta_b6_kindTS_zoned_v2_seed1243_n6000/pos_iv_pos_7_ta_b6_kindTS_zoned_v2_seed1243_n6000.db,PRE_EXEC_REG_MOD,-0.016989362740490295,0.19651949669370553,0.06942392909896603,0.00297632311580136,677
V4,1243,/root/arguzz/a4/runs/iv_pos_7/dbs/pos_iv_pos_7_ta_b6_kindTS_zoned_v2_seed1243_n6000/pos_iv_pos_7_ta_b6_kindTS_zoned_v2_seed1243_n6000.db,STORE_OUT_MOD,-0.0008152795599482828,0.19366447776782253,0.028846153846153848,0.001362830237626013,104
V5,1234,/root/arguzz/a4/runs/iv_pos_7/dbs/2026-06-14_03-00-16_498814/polynize/pos_iv_pos_7_ts_b1_cTS_semantic_v2_seed1234_n6000.db,COMP_OUT_MOD,-0.005646038797129497,0.1955611369793822,0.010395010395010396,0.00029466599732454337,481
V5,1234,/root/arguzz/a4/runs/iv_pos_7/dbs/2026-06-14_03-00-16_498814/polynize/pos_iv_pos_7_ts_b1_cTS_semantic_v2_seed1234_n6000.db,INSTR_TYPE_MOD,0.11470424469515267,0.1405044581243987,0.1827217125382263,0.0032524990763705274,1308
V5,1234,/root/arguzz/a4/runs/iv_pos_7/dbs/2026-06-14_03-00-16_498814/polynize/pos_iv_pos_7_ts_b1_cTS_semantic_v2_seed1234_n6000.db,INSTR_WORD_MOD_FULL,0.0006511931991627628,0.19626536354512042,0.036904761904761905,0.0019782724536060586,840
V5,1234,/root/arguzz/a4/runs/iv_pos_7/dbs/2026-06-14_03-00-16_498814/polynize/pos_iv_pos_7_ts_b1_cTS_semantic_v2_seed1234_n6000.db,INSTR_WORD_MOD_SUR,-0.0026460010636906077,0.21961083438087634,0.02976190476190476,0.0015438234527423015,840
V5,1234,/root/arguzz/a4/runs/iv_pos_7/dbs/2026-06-14_03-00-16_498814/polynize/pos_iv_pos_7_ts_b1_cTS_semantic_v2_seed1234_n6000.db,LOAD_VAL_MOD,-0.008890328508488454,0.18439888843331206,0.008333333333333333,0.000590559769637939,240
V5,1234,/root/arguzz/a4/runs/iv_pos_7/dbs/2026-06-14_03-00-16_498814/polynize/pos_iv_pos_7_ts_b1_cTS_semantic_v2_seed1234_n6000.db,MEM_VAL_MOD,0.004914202389093382,0.19758138574891018,0.06077348066298342,0.0020141758909066965,1086
V5,1234,/root/arguzz/a4/runs/iv_pos_7/dbs/2026-06-14_03-00-16_498814/polynize/pos_iv_pos_7_ts_b1_cTS_semantic_v2_seed1234_n6000.db,PRE_EXEC_REG_MOD,-0.033455254623942186,0.18786100280633566,0.054922279792746116,0.0023499994978338715,965
V5,1234,/root/arguzz/a4/runs/iv_pos_7/dbs/2026-06-14_03-00-16_498814/polynize/pos_iv_pos_7_ts_b1_cTS_semantic_v2_seed1234_n6000.db,STORE_OUT_MOD,-0.01067890576808094,0.1897903081909517,0.008333333333333333,0.000590559769637939,240
V5,1235,/root/arguzz/a4/runs/iv_pos_7/dbs/2026-06-14_08-42-21_698342/polynize/pos_iv_pos_7_ts_b2_cTS_semantic_v2_seed1235_n6000.db,COMP_OUT_MOD,-0.0028934911375142927,0.1960942112113236,0.012474012474012475,0.00029466599732454337,481
V5,1235,/root/arguzz/a4/runs/iv_pos_7/dbs/2026-06-14_08-42-21_698342/polynize/pos_iv_pos_7_ts_b2_cTS_semantic_v2_seed1235_n6000.db,INSTR_TYPE_MOD,0.10022052221192779,0.13697344264550268,0.17642585551330797,0.0032118123433227752,1315
V5,1235,/root/arguzz/a4/runs/iv_pos_7/dbs/2026-06-14_08-42-21_698342/polynize/pos_iv_pos_7_ts_b2_cTS_semantic_v2_seed1235_n6000.db,INSTR_WORD_MOD_FULL,-7.150001790606075e-05,0.19838293185782052,0.04285714285714286,0.001888065340215459,840
V5,1235,/root/arguzz/a4/runs/iv_pos_7/dbs/2026-06-14_08-42-21_698342/polynize/pos_iv_pos_7_ts_b2_cTS_semantic_v2_seed1235_n6000.db,INSTR_WORD_MOD_SUR,0.004715362369978637,0.22307209100390787,0.03333333333333333,0.0016236738609319843,840
V5,1235,/root/arguzz/a4/runs/iv_pos_7/dbs/2026-06-14_08-42-21_698342/polynize/pos_iv_pos_7_ts_b2_cTS_semantic_v2_seed1235_n6000.db,LOAD_VAL_MOD,-0.007952313414393819,0.18865158516853145,0.0125,0.000590559769637939,240
V5,1235,/root/arguzz/a4/runs/iv_pos_7/dbs/2026-06-14_08-42-21_698342/polynize/pos_iv_pos_7_ts_b2_cTS_semantic_v2_seed1235_n6000.db,MEM_VAL_MOD,0.00556026225015376,0.19857659151088886,0.054528650646950096,0.0020944046282328306,1082
V5,1235,/root/arguzz/a4/runs/iv_pos_7/dbs/2026-06-14_08-42-21_698342/polynize/pos_iv_pos_7_ts_b2_cTS_semantic_v2_seed1235_n6000.db,PRE_EXEC_REG_MOD,-0.03059579998905737,0.1914930658324024,0.05405405405405406,0.002515681038529713,962
V5,1235,/root/arguzz/a4/runs/iv_pos_7/dbs/2026-06-14_08-42-21_698342/polynize/pos_iv_pos_7_ts_b2_cTS_semantic_v2_seed1235_n6000.db,STORE_OUT_MOD,-0.01410300756660039,0.19012444401164819,0.008333333333333333,0.000590559769637939,240
V5,1236,/root/arguzz/a4/runs/iv_pos_7/dbs/pos_iv_pos_7_ts_b3_cTS_semantic_v2_seed1236_n6000/pos_iv_pos_7_ts_b3_cTS_semantic_v2_seed1236_n6000.db,COMP_OUT_MOD,-0.000482911121501277,0.19683197814872522,0.016632016632016633,0.00029466599732454337,481
V5,1236,/root/arguzz/a4/runs/iv_pos_7/dbs/pos_iv_pos_7_ts_b3_cTS_semantic_v2_seed1236_n6000/pos_iv_pos_7_ts_b3_cTS_semantic_v2_seed1236_n6000.db,INSTR_TYPE_MOD,0.10810361737204206,0.13757943809185946,0.17868098159509202,0.0031939195289244268,1304
V5,1236,/root/arguzz/a4/runs/iv_pos_7/dbs/pos_iv_pos_7_ts_b3_cTS_semantic_v2_seed1236_n6000/pos_iv_pos_7_ts_b3_cTS_semantic_v2_seed1236_n6000.db,INSTR_WORD_MOD_FULL,0.0040642642036630445,0.1974054308448423,0.04047619047619048,0.0018163202528181255,840
V5,1236,/root/arguzz/a4/runs/iv_pos_7/dbs/pos_iv_pos_7_ts_b3_cTS_semantic_v2_seed1236_n6000/pos_iv_pos_7_ts_b3_cTS_semantic_v2_seed1236_n6000.db,INSTR_WORD_MOD_SUR,-0.00048165864239324476,0.22144348127580651,0.02619047619047619,0.0013944918459338836,840
V5,1236,/root/arguzz/a4/runs/iv_pos_7/dbs/pos_iv_pos_7_ts_b3_cTS_semantic_v2_seed1236_n6000/pos_iv_pos_7_ts_b3_cTS_semantic_v2_seed1236_n6000.db,LOAD_VAL_MOD,-0.006976533893857096,0.18819362955949823,0.008333333333333333,0.000590559769637939,240
V5,1236,/root/arguzz/a4/runs/iv_pos_7/dbs/pos_iv_pos_7_ts_b3_cTS_semantic_v2_seed1236_n6000/pos_iv_pos_7_ts_b3_cTS_semantic_v2_seed1236_n6000.db,MEM_VAL_MOD,0.005299622622171831,0.1946541794736756,0.06433823529411764,0.0023044559985442746,1088
V5,1236,/root/arguzz/a4/runs/iv_pos_7/dbs/pos_iv_pos_7_ts_b3_cTS_semantic_v2_seed1236_n6000/pos_iv_pos_7_ts_b3_cTS_semantic_v2_seed1236_n6000.db,PRE_EXEC_REG_MOD,-0.02702128692142919,0.19093195564183038,0.055842812823164424,0.002670018746897562,967
V5,1236,/root/arguzz/a4/runs/iv_pos_7/dbs/pos_iv_pos_7_ts_b3_cTS_semantic_v2_seed1236_n6000/pos_iv_pos_7_ts_b3_cTS_semantic_v2_seed1236_n6000.db,STORE_OUT_MOD,-0.010802581357282893,0.1895832499426662,0.008333333333333333,0.000590559769637939,240
V5,1237,/root/arguzz/a4/runs/iv_pos_7/dbs/pos_iv_pos_7_ts_b4_cTS_semantic_v2_seed1237_n6000/pos_iv_pos_7_ts_b4_cTS_semantic_v2_seed1237_n6000.db,COMP_OUT_MOD,-0.0014096107888618063,0.19707617835764554,0.014553014553014554,0.00029466599732454337,481
V5,1237,/root/arguzz/a4/runs/iv_pos_7/dbs/pos_iv_pos_7_ts_b4_cTS_semantic_v2_seed1237_n6000/pos_iv_pos_7_ts_b4_cTS_semantic_v2_seed1237_n6000.db,INSTR_TYPE_MOD,0.11392710149183546,0.14021472628689377,0.18479087452471482,0.00327235412410945,1315
V5,1237,/root/arguzz/a4/runs/iv_pos_7/dbs/pos_iv_pos_7_ts_b4_cTS_semantic_v2_seed1237_n6000/pos_iv_pos_7_ts_b4_cTS_semantic_v2_seed1237_n6000.db,INSTR_WORD_MOD_FULL,0.0021835397120510457,0.20205731161886495,0.041666666666666664,0.002050017541003392,840
V5,1237,/root/arguzz/a4/runs/iv_pos_7/dbs/pos_iv_pos_7_ts_b4_cTS_semantic_v2_seed1237_n6000/pos_iv_pos_7_ts_b4_cTS_semantic_v2_seed1237_n6000.db,INSTR_WORD_MOD_SUR,0.003191319619354487,0.22238495485640714,0.03214285714285714,0.0011892248600682272,840
V5,1237,/root/arguzz/a4/runs/iv_pos_7/dbs/pos_iv_pos_7_ts_b4_cTS_semantic_v2_seed1237_n6000/pos_iv_pos_7_ts_b4_cTS_semantic_v2_seed1237_n6000.db,LOAD_VAL_MOD,-0.011592847494016687,0.19002974653957821,0.0125,0.000590559769637939,240
V5,1237,/root/arguzz/a4/runs/iv_pos_7/dbs/pos_iv_pos_7_ts_b4_cTS_semantic_v2_seed1237_n6000/pos_iv_pos_7_ts_b4_cTS_semantic_v2_seed1237_n6000.db,MEM_VAL_MOD,0.0041525066043488785,0.19691641983282102,0.05817174515235457,0.002333644275981001,1083
V5,1237,/root/arguzz/a4/runs/iv_pos_7/dbs/pos_iv_pos_7_ts_b4_cTS_semantic_v2_seed1237_n6000/pos_iv_pos_7_ts_b4_cTS_semantic_v2_seed1237_n6000.db,PRE_EXEC_REG_MOD,-0.028412884072144883,0.1910390782167296,0.05202913631633715,0.002412620253168559,961
V5,1237,/root/arguzz/a4/runs/iv_pos_7/dbs/pos_iv_pos_7_ts_b4_cTS_semantic_v2_seed1237_n6000/pos_iv_pos_7_ts_b4_cTS_semantic_v2_seed1237_n6000.db,STORE_OUT_MOD,-0.010864419151883868,0.19021077698153774,0.008333333333333333,0.000590559769637939,240
V5,1238,/root/arguzz/a4/runs/iv_pos_7/dbs/pos_iv_pos_7_ts_b5_cTS_semantic_v2_seed1238_n6000/pos_iv_pos_7_ts_b5_cTS_semantic_v2_seed1238_n6000.db,COMP_OUT_MOD,0.00017469300537285165,0.19730028492537008,0.018711018711018712,0.00029466599732454337,481
V5,1238,/root/arguzz/a4/runs/iv_pos_7/dbs/pos_iv_pos_7_ts_b5_cTS_semantic_v2_seed1238_n6000/pos_iv_pos_7_ts_b5_cTS_semantic_v2_seed1238_n6000.db,INSTR_TYPE_MOD,0.10232438839847731,0.13835592473551697,0.17490494296577946,0.0033117518878184003,1315
V5,1238,/root/arguzz/a4/runs/iv_pos_7/dbs/pos_iv_pos_7_ts_b5_cTS_semantic_v2_seed1238_n6000/pos_iv_pos_7_ts_b5_cTS_semantic_v2_seed1238_n6000.db,INSTR_WORD_MOD_FULL,0.002904744153775723,0.19931389052944123,0.039239001189060645,0.002084072125870268,841
V5,1238,/root/arguzz/a4/runs/iv_pos_7/dbs/pos_iv_pos_7_ts_b5_cTS_semantic_v2_seed1238_n6000/pos_iv_pos_7_ts_b5_cTS_semantic_v2_seed1238_n6000.db,INSTR_WORD_MOD_SUR,0.003559568808785078,0.2232514778388094,0.03571428571428571,0.0015632232086875803,840
V5,1238,/root/arguzz/a4/runs/iv_pos_7/dbs/pos_iv_pos_7_ts_b5_cTS_semantic_v2_seed1238_n6000/pos_iv_pos_7_ts_b5_cTS_semantic_v2_seed1238_n6000.db,LOAD_VAL_MOD,-0.008045070106295283,0.18756262508952262,0.0125,0.000590559769637939,240
V5,1238,/root/arguzz/a4/runs/iv_pos_7/dbs/pos_iv_pos_7_ts_b5_cTS_semantic_v2_seed1238_n6000/pos_iv_pos_7_ts_b5_cTS_semantic_v2_seed1238_n6000.db,MEM_VAL_MOD,-0.002859928234094417,0.19748925758855645,0.04713493530499076,0.0019109528316606677,1082
V5,1238,/root/arguzz/a4/runs/iv_pos_7/dbs/pos_iv_pos_7_ts_b5_cTS_semantic_v2_seed1238_n6000/pos_iv_pos_7_ts_b5_cTS_semantic_v2_seed1238_n6000.db,PRE_EXEC_REG_MOD,-0.031403174875255624,0.19062951007633255,0.055150884495317375,0.0022122946625354636,961
V5,1238,/root/arguzz/a4/runs/iv_pos_7/dbs/pos_iv_pos_7_ts_b5_cTS_semantic_v2_seed1238_n6000/pos_iv_pos_7_ts_b5_cTS_semantic_v2_seed1238_n6000.db,STORE_OUT_MOD,-0.014628628820708688,0.18755941013133312,0.008333333333333333,0.000590559769637939,240
V5,1239,/root/arguzz/a4/runs/iv_pos_7/dbs/pos_iv_pos_7_ts_b6_cTS_semantic_v2_seed1239_n6000/pos_iv_pos_7_ts_b6_cTS_semantic_v2_seed1239_n6000.db,COMP_OUT_MOD,-0.003755835202792512,0.19666411932266448,0.014553014553014554,0.00029466599732454337,481
V5,1239,/root/arguzz/a4/runs/iv_pos_7/dbs/pos_iv_pos_7_ts_b6_cTS_semantic_v2_seed1239_n6000/pos_iv_pos_7_ts_b6_cTS_semantic_v2_seed1239_n6000.db,INSTR_TYPE_MOD,0.10967373220794548,0.13507837202226508,0.17517136329017516,0.0034235567452716624,1313
V5,1239,/root/arguzz/a4/runs/iv_pos_7/dbs/pos_iv_pos_7_ts_b6_cTS_semantic_v2_seed1239_n6000/pos_iv_pos_7_ts_b6_cTS_semantic_v2_seed1239_n6000.db,INSTR_WORD_MOD_FULL,0.001260930026095564,0.19836944567080836,0.041666666666666664,0.001948515992459863,840
V5,1239,/root/arguzz/a4/runs/iv_pos_7/dbs/pos_iv_pos_7_ts_b6_cTS_semantic_v2_seed1239_n6000/pos_iv_pos_7_ts_b6_cTS_semantic_v2_seed1239_n6000.db,INSTR_WORD_MOD_SUR,0.001474899647520252,0.22330784148133986,0.030952380952380953,0.001435542742233009,840
V5,1239,/root/arguzz/a4/runs/iv_pos_7/dbs/pos_iv_pos_7_ts_b6_cTS_semantic_v2_seed1239_n6000/pos_iv_pos_7_ts_b6_cTS_semantic_v2_seed1239_n6000.db,LOAD_VAL_MOD,-0.007828637825191866,0.18949421501642574,0.008333333333333333,0.000590559769637939,240
V5,1239,/root/arguzz/a4/runs/iv_pos_7/dbs/pos_iv_pos_7_ts_b6_cTS_semantic_v2_seed1239_n6000/pos_iv_pos_7_ts_b6_cTS_semantic_v2_seed1239_n6000.db,MEM_VAL_MOD,0.0053723155797439125,0.19601070793985806,0.060829493087557605,0.0022975612884757225,1085
V5,1239,/root/arguzz/a4/runs/iv_pos_7/dbs/pos_iv_pos_7_ts_b6_cTS_semantic_v2_seed1239_n6000/pos_iv_pos_7_ts_b6_cTS_semantic_v2_seed1239_n6000.db,PRE_EXEC_REG_MOD,-0.02911275344330536,0.1920479031070032,0.053069719042663895,0.002650806842204659,961
V5,1239,/root/arguzz/a4/runs/iv_pos_7/dbs/pos_iv_pos_7_ts_b6_cTS_semantic_v2_seed1239_n6000/pos_iv_pos_7_ts_b6_cTS_semantic_v2_seed1239_n6000.db,STORE_OUT_MOD,-0.014195764258501855,0.18905025758381963,0.008333333333333333,0.000590559769637939,240
V5,1240,/root/arguzz/a4/runs/iv_pos_7/dbs/pos_iv_pos_7_ts_b7_cTS_semantic_v2_seed1240_n6000/pos_iv_pos_7_ts_b7_cTS_semantic_v2_seed1240_n6000.db,COMP_OUT_MOD,0.001259850685864391,0.19760215043563328,0.018711018711018712,0.00029466599732454337,481
V5,1240,/root/arguzz/a4/runs/iv_pos_7/dbs/pos_iv_pos_7_ts_b7_cTS_semantic_v2_seed1240_n6000/pos_iv_pos_7_ts_b7_cTS_semantic_v2_seed1240_n6000.db,INSTR_TYPE_MOD,0.10652006903636016,0.1343670458989578,0.1760670731707317,0.0033605504478599313,1312
V5,1240,/root/arguzz/a4/runs/iv_pos_7/dbs/pos_iv_pos_7_ts_b7_cTS_semantic_v2_seed1240_n6000/pos_iv_pos_7_ts_b7_cTS_semantic_v2_seed1240_n6000.db,INSTR_WORD_MOD_FULL,0.0010594213949986283,0.19625624117317295,0.039285714285714285,0.0019679157484051414,840
V5,1240,/root/arguzz/a4/runs/iv_pos_7/dbs/pos_iv_pos_7_ts_b7_cTS_semantic_v2_seed1240_n6000/pos_iv_pos_7_ts_b7_cTS_semantic_v2_seed1240_n6000.db,INSTR_WORD_MOD_SUR,0.0038081084903904858,0.22199317129360097,0.03333333333333333,0.0014549424981782873,840
V5,1240,/root/arguzz/a4/runs/iv_pos_7/dbs/pos_iv_pos_7_ts_b7_cTS_semantic_v2_seed1240_n6000/pos_iv_pos_7_ts_b7_cTS_semantic_v2_seed1240_n6000.db,LOAD_VAL_MOD,-0.011438253007514247,0.1894496352571329,0.0125,0.000590559769637939,240
V5,1240,/root/arguzz/a4/runs/iv_pos_7/dbs/pos_iv_pos_7_ts_b7_cTS_semantic_v2_seed1240_n6000/pos_iv_pos_7_ts_b7_cTS_semantic_v2_seed1240_n6000.db,MEM_VAL_MOD,0.0013218501322802125,0.19558671794968102,0.05904059040590406,0.0023129595262141793,1084
V5,1240,/root/arguzz/a4/runs/iv_pos_7/dbs/pos_iv_pos_7_ts_b7_cTS_semantic_v2_seed1240_n6000/pos_iv_pos_7_ts_b7_cTS_semantic_v2_seed1240_n6000.db,PRE_EXEC_REG_MOD,-0.026630349696735386,0.19411030041700156,0.04880581516095535,0.0022604296143114017,963
V5,1240,/root/arguzz/a4/runs/iv_pos_7/dbs/pos_iv_pos_7_ts_b7_cTS_semantic_v2_seed1240_n6000/pos_iv_pos_7_ts_b7_cTS_semantic_v2_seed1240_n6000.db,STORE_OUT_MOD,-0.014474034334206248,0.18953851609647565,0.008333333333333333,0.000590559769637939,240
V5,1241,/root/arguzz/a4/runs/iv_pos_7/dbs/pos_iv_pos_7_ta_b4_cTS_semantic_v2_seed1241_n6000/pos_iv_pos_7_ta_b4_cTS_semantic_v2_seed1241_n6000.db,COMP_OUT_MOD,-0.0027083634364219737,0.19675553051032166,0.012474012474012475,0.00029466599732454337,481
V5,1241,/root/arguzz/a4/runs/iv_pos_7/dbs/pos_iv_pos_7_ta_b4_cTS_semantic_v2_seed1241_n6000/pos_iv_pos_7_ta_b4_cTS_semantic_v2_seed1241_n6000.db,INSTR_TYPE_MOD,0.11881099687626119,0.14288621784786162,0.19221967963386727,0.0030640421836015414,1311
V5,1241,/root/arguzz/a4/runs/iv_pos_7/dbs/pos_iv_pos_7_ta_b4_cTS_semantic_v2_seed1241_n6000/pos_iv_pos_7_ta_b4_cTS_semantic_v2_seed1241_n6000.db,INSTR_WORD_MOD_FULL,0.004750656309153207,0.20152117621587848,0.04047619047619048,0.0022097183573827573,840
V5,1241,/root/arguzz/a4/runs/iv_pos_7/dbs/pos_iv_pos_7_ta_b4_cTS_semantic_v2_seed1241_n6000/pos_iv_pos_7_ta_b4_cTS_semantic_v2_seed1241_n6000.db,INSTR_WORD_MOD_SUR,0.0035310427623560384,0.22289691648718038,0.02738095238095238,0.001251939401091229,840
V5,1241,/root/arguzz/a4/runs/iv_pos_7/dbs/pos_iv_pos_7_ta_b4_cTS_semantic_v2_seed1241_n6000/pos_iv_pos_7_ta_b4_cTS_semantic_v2_seed1241_n6000.db,LOAD_VAL_MOD,-0.007828637825191867,0.19008325934532497,0.0125,0.000590559769637939,240
V5,1241,/root/arguzz/a4/runs/iv_pos_7/dbs/pos_iv_pos_7_ta_b4_cTS_semantic_v2_seed1241_n6000/pos_iv_pos_7_ta_b4_cTS_semantic_v2_seed1241_n6000.db,MEM_VAL_MOD,0.007861630497214837,0.19701696319677378,0.06549815498154982,0.002344770183862948,1084
V5,1241,/root/arguzz/a4/runs/iv_pos_7/dbs/pos_iv_pos_7_ta_b4_cTS_semantic_v2_seed1241_n6000/pos_iv_pos_7_ta_b4_cTS_semantic_v2_seed1241_n6000.db,PRE_EXEC_REG_MOD,-0.027340871738798078,0.19360823546365744,0.054979253112033194,0.002751841598139518,964
V5,1241,/root/arguzz/a4/runs/iv_pos_7/dbs/pos_iv_pos_7_ta_b4_cTS_semantic_v2_seed1241_n6000/pos_iv_pos_7_ta_b4_cTS_semantic_v2_seed1241_n6000.db,STORE_OUT_MOD,-0.011592847494016687,0.19144903789987547,0.0125,0.000590559769637939,240
V5,1242,/root/arguzz/a4/runs/iv_pos_7/dbs/pos_iv_pos_7_ta_b5_cTS_semantic_v2_seed1242_n6000/pos_iv_pos_7_ta_b5_cTS_semantic_v2_seed1242_n6000.db,COMP_OUT_MOD,-0.0023336640878374648,0.1979270091807922,0.014553014553014554,0.00029466599732454337,481
V5,1242,/root/arguzz/a4/runs/iv_pos_7/dbs/pos_iv_pos_7_ta_b5_cTS_semantic_v2_seed1242_n6000/pos_iv_pos_7_ta_b5_cTS_semantic_v2_seed1242_n6000.db,INSTR_TYPE_MOD,0.10954459243714075,0.1399550748598436,0.1805026656511805,0.003347649713384837,1313
V5,1242,/root/arguzz/a4/runs/iv_pos_7/dbs/pos_iv_pos_7_ta_b5_cTS_semantic_v2_seed1242_n6000/pos_iv_pos_7_ta_b5_cTS_semantic_v2_seed1242_n6000.db,INSTR_WORD_MOD_FULL,0.0041389764466722295,0.19913552586966993,0.04523809523809524,0.0023157351791134526,840
V5,1242,/root/arguzz/a4/runs/iv_pos_7/dbs/pos_iv_pos_7_ta_b5_cTS_semantic_v2_seed1242_n6000/pos_iv_pos_7_ta_b5_cTS_semantic_v2_seed1242_n6000.db,INSTR_WORD_MOD_SUR,0.0013253923717410523,0.22330622485775245,0.02738095238095238,0.0011287742078238232,840
V5,1242,/root/arguzz/a4/runs/iv_pos_7/dbs/pos_iv_pos_7_ta_b5_cTS_semantic_v2_seed1242_n6000/pos_iv_pos_7_ta_b5_cTS_semantic_v2_seed1242_n6000.db,LOAD_VAL_MOD,-0.007983232311694307,0.18711651583748015,0.0125,0.000590559769637939,240
V5,1242,/root/arguzz/a4/runs/iv_pos_7/dbs/pos_iv_pos_7_ta_b5_cTS_semantic_v2_seed1242_n6000/pos_iv_pos_7_ta_b5_cTS_semantic_v2_seed1242_n6000.db,MEM_VAL_MOD,0.006148478546732225,0.1979257091781069,0.06088560885608856,0.002501326075976469,1084
V5,1242,/root/arguzz/a4/runs/iv_pos_7/dbs/pos_iv_pos_7_ta_b5_cTS_semantic_v2_seed1242_n6000/pos_iv_pos_7_ta_b5_cTS_semantic_v2_seed1242_n6000.db,PRE_EXEC_REG_MOD,-0.033310713120653784,0.18951606660160267,0.0498960498960499,0.0021154463345829256,962
V5,1242,/root/arguzz/a4/runs/iv_pos_7/dbs/pos_iv_pos_7_ta_b5_cTS_semantic_v2_seed1242_n6000/pos_iv_pos_7_ta_b5_cTS_semantic_v2_seed1242_n6000.db,STORE_OUT_MOD,-0.01067890576808094,0.1893746431533512,0.008333333333333333,0.000590559769637939,240
V5,1243,/root/arguzz/a4/runs/iv_pos_7/dbs/pos_iv_pos_7_ta_b6_cTS_semantic_v2_seed1243_n6000/pos_iv_pos_7_ta_b6_cTS_semantic_v2_seed1243_n6000.db,COMP_OUT_MOD,-0.0005017540785617778,0.19720790212663747,0.016632016632016633,0.00029466599732454337,481
V5,1243,/root/arguzz/a4/runs/iv_pos_7/dbs/pos_iv_pos_7_ta_b6_cTS_semantic_v2_seed1243_n6000/pos_iv_pos_7_ta_b6_cTS_semantic_v2_seed1243_n6000.db,INSTR_TYPE_MOD,0.12073389086034282,0.1387316635092687,0.19148936170212766,0.0031832037352487372,1316
V5,1243,/root/arguzz/a4/runs/iv_pos_7/dbs/pos_iv_pos_7_ta_b6_cTS_semantic_v2_seed1243_n6000/pos_iv_pos_7_ta_b6_cTS_semantic_v2_seed1243_n6000.db,INSTR_WORD_MOD_FULL,0.0030362824469939557,0.20163647003999127,0.036904761904761905,0.0015266875855756209,840
V5,1243,/root/arguzz/a4/runs/iv_pos_7/dbs/pos_iv_pos_7_ta_b6_cTS_semantic_v2_seed1243_n6000/pos_iv_pos_7_ta_b6_cTS_semantic_v2_seed1243_n6000.db,INSTR_WORD_MOD_SUR,0.002621492648910419,0.22267583834684593,0.034523809523809526,0.0012907264086117563,840
V5,1243,/root/arguzz/a4/runs/iv_pos_7/dbs/pos_iv_pos_7_ta_b6_cTS_semantic_v2_seed1243_n6000/pos_iv_pos_7_ta_b6_cTS_semantic_v2_seed1243_n6000.db,LOAD_VAL_MOD,-0.007100209483059048,0.1884526085755412,0.008333333333333333,0.000590559769637939,240
V5,1243,/root/arguzz/a4/runs/iv_pos_7/dbs/pos_iv_pos_7_ta_b6_cTS_semantic_v2_seed1243_n6000/pos_iv_pos_7_ta_b6_cTS_semantic_v2_seed1243_n6000.db,MEM_VAL_MOD,-0.0004674377825062425,0.19568734963003026,0.059149722735674676,0.00227030460123001,1082
V5,1243,/root/arguzz/a4/runs/iv_pos_7/dbs/pos_iv_pos_7_ta_b6_cTS_semantic_v2_seed1243_n6000/pos_iv_pos_7_ta_b6_cTS_semantic_v2_seed1243_n6000.db,PRE_EXEC_REG_MOD,-0.028160871561399313,0.1932807721650827,0.054110301768990635,0.0024654595329659567,961
V5,1243,/root/arguzz/a4/runs/iv_pos_7/dbs/pos_iv_pos_7_ta_b6_cTS_semantic_v2_seed1243_n6000/pos_iv_pos_7_ta_b6_cTS_semantic_v2_seed1243_n6000.db,STORE_OUT_MOD,-0.006729182715453192,0.19043342823723367,0.008333333333333333,0.000590559769637939,240
