seed,arm_id,pulls,discounted_pulls,mean_reward,posterior_alpha,posterior_beta,ts_extra_json,db_path
1234,COMP_OUT_MOD|core_arithmetic,121,,0.01652892561983471,3.0,120.0,,/root/arguzz/a4/runs/iv_pos_7/dbs/2026-06-14_03-00-16_498814/polynize/pos_iv_pos_7_ts_b1_cTS_semantic_v2_seed1234_n6000.db
1234,COMP_OUT_MOD|core_mul,120,,0.008333333333333333,2.0,120.0,,/root/arguzz/a4/runs/iv_pos_7/dbs/2026-06-14_03-00-16_498814/polynize/pos_iv_pos_7_ts_b1_cTS_semantic_v2_seed1234_n6000.db
1234,COMP_OUT_MOD|core_shr,120,,0.008333333333333333,2.0,120.0,,/root/arguzz/a4/runs/iv_pos_7/dbs/2026-06-14_03-00-16_498814/polynize/pos_iv_pos_7_ts_b1_cTS_semantic_v2_seed1234_n6000.db
1234,COMP_OUT_MOD|post_ecall,120,,0.008333333333333333,2.0,120.0,,/root/arguzz/a4/runs/iv_pos_7/dbs/2026-06-14_03-00-16_498814/polynize/pos_iv_pos_7_ts_b1_cTS_semantic_v2_seed1234_n6000.db
1234,INSTR_TYPE_MOD|core_arithmetic,137,,0.19708029197080293,28.0,111.0,,/root/arguzz/a4/runs/iv_pos_7/dbs/2026-06-14_03-00-16_498814/polynize/pos_iv_pos_7_ts_b1_cTS_semantic_v2_seed1234_n6000.db
1234,INSTR_TYPE_MOD|core_memory_load,126,,0.16666666666666666,22.0,106.0,,/root/arguzz/a4/runs/iv_pos_7/dbs/2026-06-14_03-00-16_498814/polynize/pos_iv_pos_7_ts_b1_cTS_semantic_v2_seed1234_n6000.db
1234,INSTR_TYPE_MOD|core_memory_store,120,,0.14166666666666666,18.0,104.0,,/root/arguzz/a4/runs/iv_pos_7/dbs/2026-06-14_03-00-16_498814/polynize/pos_iv_pos_7_ts_b1_cTS_semantic_v2_seed1234_n6000.db
1234,INSTR_TYPE_MOD|core_mul,133,,0.18796992481203006,26.0,109.0,,/root/arguzz/a4/runs/iv_pos_7/dbs/2026-06-14_03-00-16_498814/polynize/pos_iv_pos_7_ts_b1_cTS_semantic_v2_seed1234_n6000.db
1234,INSTR_TYPE_MOD|core_shr,136,,0.16176470588235295,23.0,115.0,,/root/arguzz/a4/runs/iv_pos_7/dbs/2026-06-14_03-00-16_498814/polynize/pos_iv_pos_7_ts_b1_cTS_semantic_v2_seed1234_n6000.db
1234,INSTR_TYPE_MOD|kernel_other,130,,0.18461538461538463,25.0,107.0,,/root/arguzz/a4/runs/iv_pos_7/dbs/2026-06-14_03-00-16_498814/polynize/pos_iv_pos_7_ts_b1_cTS_semantic_v2_seed1234_n6000.db
1234,INSTR_TYPE_MOD|post_ecall,121,,0.12396694214876033,16.0,107.0,,/root/arguzz/a4/runs/iv_pos_7/dbs/2026-06-14_03-00-16_498814/polynize/pos_iv_pos_7_ts_b1_cTS_semantic_v2_seed1234_n6000.db
1234,INSTR_TYPE_MOD|pre_ecall,125,,0.144,19.0,108.0,,/root/arguzz/a4/runs/iv_pos_7/dbs/2026-06-14_03-00-16_498814/polynize/pos_iv_pos_7_ts_b1_cTS_semantic_v2_seed1234_n6000.db
1234,INSTR_TYPE_MOD|step0,280,,0.25,71.0,211.0,,/root/arguzz/a4/runs/iv_pos_7/dbs/2026-06-14_03-00-16_498814/polynize/pos_iv_pos_7_ts_b1_cTS_semantic_v2_seed1234_n6000.db
1234,INSTR_WORD_MOD_FULL|core_arithmetic,120,,0.075,10.0,112.0,,/root/arguzz/a4/runs/iv_pos_7/dbs/2026-06-14_03-00-16_498814/polynize/pos_iv_pos_7_ts_b1_cTS_semantic_v2_seed1234_n6000.db
1234,INSTR_WORD_MOD_FULL|core_memory_load,120,,0.016666666666666666,3.0,119.0,,/root/arguzz/a4/runs/iv_pos_7/dbs/2026-06-14_03-00-16_498814/polynize/pos_iv_pos_7_ts_b1_cTS_semantic_v2_seed1234_n6000.db
1234,INSTR_WORD_MOD_FULL|core_memory_store,120,,0.041666666666666664,6.0,116.0,,/root/arguzz/a4/runs/iv_pos_7/dbs/2026-06-14_03-00-16_498814/polynize/pos_iv_pos_7_ts_b1_cTS_semantic_v2_seed1234_n6000.db
1234,INSTR_WORD_MOD_FULL|core_mul,120,,0.025,4.0,118.0,,/root/arguzz/a4/runs/iv_pos_7/dbs/2026-06-14_03-00-16_498814/polynize/pos_iv_pos_7_ts_b1_cTS_semantic_v2_seed1234_n6000.db
1234,INSTR_WORD_MOD_FULL|core_shr,120,,0.025,4.0,118.0,,/root/arguzz/a4/runs/iv_pos_7/dbs/2026-06-14_03-00-16_498814/polynize/pos_iv_pos_7_ts_b1_cTS_semantic_v2_seed1234_n6000.db
1234,INSTR_WORD_MOD_FULL|kernel_other,120,,0.05,7.0,115.0,,/root/arguzz/a4/runs/iv_pos_7/dbs/2026-06-14_03-00-16_498814/polynize/pos_iv_pos_7_ts_b1_cTS_semantic_v2_seed1234_n6000.db
1234,INSTR_WORD_MOD_FULL|post_ecall,120,,0.025,4.0,118.0,,/root/arguzz/a4/runs/iv_pos_7/dbs/2026-06-14_03-00-16_498814/polynize/pos_iv_pos_7_ts_b1_cTS_semantic_v2_seed1234_n6000.db
1234,INSTR_WORD_MOD_SUR|core_arithmetic,120,,0.041666666666666664,6.0,116.0,,/root/arguzz/a4/runs/iv_pos_7/dbs/2026-06-14_03-00-16_498814/polynize/pos_iv_pos_7_ts_b1_cTS_semantic_v2_seed1234_n6000.db
1234,INSTR_WORD_MOD_SUR|core_memory_load,120,,0.008333333333333333,2.0,120.0,,/root/arguzz/a4/runs/iv_pos_7/dbs/2026-06-14_03-00-16_498814/polynize/pos_iv_pos_7_ts_b1_cTS_semantic_v2_seed1234_n6000.db
1234,INSTR_WORD_MOD_SUR|core_memory_store,120,,0.041666666666666664,6.0,116.0,,/root/arguzz/a4/runs/iv_pos_7/dbs/2026-06-14_03-00-16_498814/polynize/pos_iv_pos_7_ts_b1_cTS_semantic_v2_seed1234_n6000.db
1234,INSTR_WORD_MOD_SUR|core_mul,120,,0.016666666666666666,3.0,119.0,,/root/arguzz/a4/runs/iv_pos_7/dbs/2026-06-14_03-00-16_498814/polynize/pos_iv_pos_7_ts_b1_cTS_semantic_v2_seed1234_n6000.db
1234,INSTR_WORD_MOD_SUR|core_shr,120,,0.016666666666666666,3.0,119.0,,/root/arguzz/a4/runs/iv_pos_7/dbs/2026-06-14_03-00-16_498814/polynize/pos_iv_pos_7_ts_b1_cTS_semantic_v2_seed1234_n6000.db
1234,INSTR_WORD_MOD_SUR|kernel_other,120,,0.05,7.0,115.0,,/root/arguzz/a4/runs/iv_pos_7/dbs/2026-06-14_03-00-16_498814/polynize/pos_iv_pos_7_ts_b1_cTS_semantic_v2_seed1234_n6000.db
1234,INSTR_WORD_MOD_SUR|post_ecall,120,,0.03333333333333333,5.0,117.0,,/root/arguzz/a4/runs/iv_pos_7/dbs/2026-06-14_03-00-16_498814/polynize/pos_iv_pos_7_ts_b1_cTS_semantic_v2_seed1234_n6000.db
1234,LOAD_VAL_MOD|core_memory_load,120,,0.008333333333333333,2.0,120.0,,/root/arguzz/a4/runs/iv_pos_7/dbs/2026-06-14_03-00-16_498814/polynize/pos_iv_pos_7_ts_b1_cTS_semantic_v2_seed1234_n6000.db
1234,LOAD_VAL_MOD|post_ecall,120,,0.008333333333333333,2.0,120.0,,/root/arguzz/a4/runs/iv_pos_7/dbs/2026-06-14_03-00-16_498814/polynize/pos_iv_pos_7_ts_b1_cTS_semantic_v2_seed1234_n6000.db
1234,MEM_VAL_MOD|core_arithmetic,120,,0.075,10.0,112.0,,/root/arguzz/a4/runs/iv_pos_7/dbs/2026-06-14_03-00-16_498814/polynize/pos_iv_pos_7_ts_b1_cTS_semantic_v2_seed1234_n6000.db
1234,MEM_VAL_MOD|core_branch,124,,0.14516129032258066,19.0,107.0,,/root/arguzz/a4/runs/iv_pos_7/dbs/2026-06-14_03-00-16_498814/polynize/pos_iv_pos_7_ts_b1_cTS_semantic_v2_seed1234_n6000.db
1234,MEM_VAL_MOD|core_memory_load,120,,0.016666666666666666,3.0,119.0,,/root/arguzz/a4/runs/iv_pos_7/dbs/2026-06-14_03-00-16_498814/polynize/pos_iv_pos_7_ts_b1_cTS_semantic_v2_seed1234_n6000.db
1234,MEM_VAL_MOD|core_memory_store,120,,0.016666666666666666,3.0,119.0,,/root/arguzz/a4/runs/iv_pos_7/dbs/2026-06-14_03-00-16_498814/polynize/pos_iv_pos_7_ts_b1_cTS_semantic_v2_seed1234_n6000.db
1234,MEM_VAL_MOD|kernel_other,120,,0.075,10.0,112.0,,/root/arguzz/a4/runs/iv_pos_7/dbs/2026-06-14_03-00-16_498814/polynize/pos_iv_pos_7_ts_b1_cTS_semantic_v2_seed1234_n6000.db
1234,MEM_VAL_MOD|last_step,121,,0.024793388429752067,4.0,119.0,,/root/arguzz/a4/runs/iv_pos_7/dbs/2026-06-14_03-00-16_498814/polynize/pos_iv_pos_7_ts_b1_cTS_semantic_v2_seed1234_n6000.db
1234,MEM_VAL_MOD|post_ecall,120,,0.041666666666666664,6.0,116.0,,/root/arguzz/a4/runs/iv_pos_7/dbs/2026-06-14_03-00-16_498814/polynize/pos_iv_pos_7_ts_b1_cTS_semantic_v2_seed1234_n6000.db
1234,MEM_VAL_MOD|pre_ecall,120,,0.11666666666666667,15.0,107.0,,/root/arguzz/a4/runs/iv_pos_7/dbs/2026-06-14_03-00-16_498814/polynize/pos_iv_pos_7_ts_b1_cTS_semantic_v2_seed1234_n6000.db
1234,MEM_VAL_MOD|step0,121,,0.03305785123966942,5.0,118.0,,/root/arguzz/a4/runs/iv_pos_7/dbs/2026-06-14_03-00-16_498814/polynize/pos_iv_pos_7_ts_b1_cTS_semantic_v2_seed1234_n6000.db
1234,PRE_EXEC_REG_MOD|core_arithmetic,122,,0.08196721311475409,11.0,113.0,,/root/arguzz/a4/runs/iv_pos_7/dbs/2026-06-14_03-00-16_498814/polynize/pos_iv_pos_7_ts_b1_cTS_semantic_v2_seed1234_n6000.db
1234,PRE_EXEC_REG_MOD|core_memory_load,122,,0.1557377049180328,20.0,104.0,,/root/arguzz/a4/runs/iv_pos_7/dbs/2026-06-14_03-00-16_498814/polynize/pos_iv_pos_7_ts_b1_cTS_semantic_v2_seed1234_n6000.db
1234,PRE_EXEC_REG_MOD|core_memory_store,120,,0.06666666666666667,9.0,113.0,,/root/arguzz/a4/runs/iv_pos_7/dbs/2026-06-14_03-00-16_498814/polynize/pos_iv_pos_7_ts_b1_cTS_semantic_v2_seed1234_n6000.db
1234,PRE_EXEC_REG_MOD|core_mul,120,,0.025,4.0,118.0,,/root/arguzz/a4/runs/iv_pos_7/dbs/2026-06-14_03-00-16_498814/polynize/pos_iv_pos_7_ts_b1_cTS_semantic_v2_seed1234_n6000.db
1234,PRE_EXEC_REG_MOD|core_shr,120,,0.008333333333333333,2.0,120.0,,/root/arguzz/a4/runs/iv_pos_7/dbs/2026-06-14_03-00-16_498814/polynize/pos_iv_pos_7_ts_b1_cTS_semantic_v2_seed1234_n6000.db
1234,PRE_EXEC_REG_MOD|kernel_other,120,,0.008333333333333333,2.0,120.0,,/root/arguzz/a4/runs/iv_pos_7/dbs/2026-06-14_03-00-16_498814/polynize/pos_iv_pos_7_ts_b1_cTS_semantic_v2_seed1234_n6000.db
1234,PRE_EXEC_REG_MOD|post_ecall,120,,0.08333333333333333,11.0,111.0,,/root/arguzz/a4/runs/iv_pos_7/dbs/2026-06-14_03-00-16_498814/polynize/pos_iv_pos_7_ts_b1_cTS_semantic_v2_seed1234_n6000.db
1234,PRE_EXEC_REG_MOD|step0,121,,0.008264462809917356,2.0,121.0,,/root/arguzz/a4/runs/iv_pos_7/dbs/2026-06-14_03-00-16_498814/polynize/pos_iv_pos_7_ts_b1_cTS_semantic_v2_seed1234_n6000.db
1234,STORE_OUT_MOD|core_memory_store,120,,0.008333333333333333,2.0,120.0,,/root/arguzz/a4/runs/iv_pos_7/dbs/2026-06-14_03-00-16_498814/polynize/pos_iv_pos_7_ts_b1_cTS_semantic_v2_seed1234_n6000.db
1234,STORE_OUT_MOD|kernel_other,120,,0.008333333333333333,2.0,120.0,,/root/arguzz/a4/runs/iv_pos_7/dbs/2026-06-14_03-00-16_498814/polynize/pos_iv_pos_7_ts_b1_cTS_semantic_v2_seed1234_n6000.db
1235,COMP_OUT_MOD|core_arithmetic,121,,0.01652892561983471,3.0,120.0,,/root/arguzz/a4/runs/iv_pos_7/dbs/2026-06-14_08-42-21_698342/polynize/pos_iv_pos_7_ts_b2_cTS_semantic_v2_seed1235_n6000.db
1235,COMP_OUT_MOD|core_mul,120,,0.016666666666666666,3.0,119.0,,/root/arguzz/a4/runs/iv_pos_7/dbs/2026-06-14_08-42-21_698342/polynize/pos_iv_pos_7_ts_b2_cTS_semantic_v2_seed1235_n6000.db
1235,COMP_OUT_MOD|core_shr,120,,0.008333333333333333,2.0,120.0,,/root/arguzz/a4/runs/iv_pos_7/dbs/2026-06-14_08-42-21_698342/polynize/pos_iv_pos_7_ts_b2_cTS_semantic_v2_seed1235_n6000.db
1235,COMP_OUT_MOD|post_ecall,120,,0.008333333333333333,2.0,120.0,,/root/arguzz/a4/runs/iv_pos_7/dbs/2026-06-14_08-42-21_698342/polynize/pos_iv_pos_7_ts_b2_cTS_semantic_v2_seed1235_n6000.db
1235,INSTR_TYPE_MOD|core_arithmetic,140,,0.17142857142857143,25.0,117.0,,/root/arguzz/a4/runs/iv_pos_7/dbs/2026-06-14_08-42-21_698342/polynize/pos_iv_pos_7_ts_b2_cTS_semantic_v2_seed1235_n6000.db
1235,INSTR_TYPE_MOD|core_memory_load,134,,0.1791044776119403,25.0,111.0,,/root/arguzz/a4/runs/iv_pos_7/dbs/2026-06-14_08-42-21_698342/polynize/pos_iv_pos_7_ts_b2_cTS_semantic_v2_seed1235_n6000.db
1235,INSTR_TYPE_MOD|core_memory_store,139,,0.17266187050359713,25.0,116.0,,/root/arguzz/a4/runs/iv_pos_7/dbs/2026-06-14_08-42-21_698342/polynize/pos_iv_pos_7_ts_b2_cTS_semantic_v2_seed1235_n6000.db
1235,INSTR_TYPE_MOD|core_mul,127,,0.15748031496062992,21.0,108.0,,/root/arguzz/a4/runs/iv_pos_7/dbs/2026-06-14_08-42-21_698342/polynize/pos_iv_pos_7_ts_b2_cTS_semantic_v2_seed1235_n6000.db
1235,INSTR_TYPE_MOD|core_shr,128,,0.1640625,22.0,108.0,,/root/arguzz/a4/runs/iv_pos_7/dbs/2026-06-14_08-42-21_698342/polynize/pos_iv_pos_7_ts_b2_cTS_semantic_v2_seed1235_n6000.db
1235,INSTR_TYPE_MOD|kernel_other,126,,0.15873015873015872,21.0,107.0,,/root/arguzz/a4/runs/iv_pos_7/dbs/2026-06-14_08-42-21_698342/polynize/pos_iv_pos_7_ts_b2_cTS_semantic_v2_seed1235_n6000.db
1235,INSTR_TYPE_MOD|post_ecall,123,,0.13008130081300814,17.0,108.0,,/root/arguzz/a4/runs/iv_pos_7/dbs/2026-06-14_08-42-21_698342/polynize/pos_iv_pos_7_ts_b2_cTS_semantic_v2_seed1235_n6000.db
1235,INSTR_TYPE_MOD|pre_ecall,132,,0.17424242424242425,24.0,110.0,,/root/arguzz/a4/runs/iv_pos_7/dbs/2026-06-14_08-42-21_698342/polynize/pos_iv_pos_7_ts_b2_cTS_semantic_v2_seed1235_n6000.db
1235,INSTR_TYPE_MOD|step0,266,,0.22556390977443608,61.0,207.0,,/root/arguzz/a4/runs/iv_pos_7/dbs/2026-06-14_08-42-21_698342/polynize/pos_iv_pos_7_ts_b2_cTS_semantic_v2_seed1235_n6000.db
1235,INSTR_WORD_MOD_FULL|core_arithmetic,120,,0.058333333333333334,8.0,114.0,,/root/arguzz/a4/runs/iv_pos_7/dbs/2026-06-14_08-42-21_698342/polynize/pos_iv_pos_7_ts_b2_cTS_semantic_v2_seed1235_n6000.db
1235,INSTR_WORD_MOD_FULL|core_memory_load,120,,0.016666666666666666,3.0,119.0,,/root/arguzz/a4/runs/iv_pos_7/dbs/2026-06-14_08-42-21_698342/polynize/pos_iv_pos_7_ts_b2_cTS_semantic_v2_seed1235_n6000.db
1235,INSTR_WORD_MOD_FULL|core_memory_store,120,,0.041666666666666664,6.0,116.0,,/root/arguzz/a4/runs/iv_pos_7/dbs/2026-06-14_08-42-21_698342/polynize/pos_iv_pos_7_ts_b2_cTS_semantic_v2_seed1235_n6000.db
1235,INSTR_WORD_MOD_FULL|core_mul,120,,0.016666666666666666,3.0,119.0,,/root/arguzz/a4/runs/iv_pos_7/dbs/2026-06-14_08-42-21_698342/polynize/pos_iv_pos_7_ts_b2_cTS_semantic_v2_seed1235_n6000.db
1235,INSTR_WORD_MOD_FULL|core_shr,120,,0.03333333333333333,5.0,117.0,,/root/arguzz/a4/runs/iv_pos_7/dbs/2026-06-14_08-42-21_698342/polynize/pos_iv_pos_7_ts_b2_cTS_semantic_v2_seed1235_n6000.db
1235,INSTR_WORD_MOD_FULL|kernel_other,120,,0.075,10.0,112.0,,/root/arguzz/a4/runs/iv_pos_7/dbs/2026-06-14_08-42-21_698342/polynize/pos_iv_pos_7_ts_b2_cTS_semantic_v2_seed1235_n6000.db
1235,INSTR_WORD_MOD_FULL|post_ecall,120,,0.058333333333333334,8.0,114.0,,/root/arguzz/a4/runs/iv_pos_7/dbs/2026-06-14_08-42-21_698342/polynize/pos_iv_pos_7_ts_b2_cTS_semantic_v2_seed1235_n6000.db
1235,INSTR_WORD_MOD_SUR|core_arithmetic,120,,0.05,7.0,115.0,,/root/arguzz/a4/runs/iv_pos_7/dbs/2026-06-14_08-42-21_698342/polynize/pos_iv_pos_7_ts_b2_cTS_semantic_v2_seed1235_n6000.db
1235,INSTR_WORD_MOD_SUR|core_memory_load,120,,0.016666666666666666,3.0,119.0,,/root/arguzz/a4/runs/iv_pos_7/dbs/2026-06-14_08-42-21_698342/polynize/pos_iv_pos_7_ts_b2_cTS_semantic_v2_seed1235_n6000.db
1235,INSTR_WORD_MOD_SUR|core_memory_store,120,,0.025,4.0,118.0,,/root/arguzz/a4/runs/iv_pos_7/dbs/2026-06-14_08-42-21_698342/polynize/pos_iv_pos_7_ts_b2_cTS_semantic_v2_seed1235_n6000.db
1235,INSTR_WORD_MOD_SUR|core_mul,120,,0.016666666666666666,3.0,119.0,,/root/arguzz/a4/runs/iv_pos_7/dbs/2026-06-14_08-42-21_698342/polynize/pos_iv_pos_7_ts_b2_cTS_semantic_v2_seed1235_n6000.db
1235,INSTR_WORD_MOD_SUR|core_shr,120,,0.016666666666666666,3.0,119.0,,/root/arguzz/a4/runs/iv_pos_7/dbs/2026-06-14_08-42-21_698342/polynize/pos_iv_pos_7_ts_b2_cTS_semantic_v2_seed1235_n6000.db
1235,INSTR_WORD_MOD_SUR|kernel_other,120,,0.075,10.0,112.0,,/root/arguzz/a4/runs/iv_pos_7/dbs/2026-06-14_08-42-21_698342/polynize/pos_iv_pos_7_ts_b2_cTS_semantic_v2_seed1235_n6000.db
1235,INSTR_WORD_MOD_SUR|post_ecall,120,,0.03333333333333333,5.0,117.0,,/root/arguzz/a4/runs/iv_pos_7/dbs/2026-06-14_08-42-21_698342/polynize/pos_iv_pos_7_ts_b2_cTS_semantic_v2_seed1235_n6000.db
1235,LOAD_VAL_MOD|core_memory_load,120,,0.016666666666666666,3.0,119.0,,/root/arguzz/a4/runs/iv_pos_7/dbs/2026-06-14_08-42-21_698342/polynize/pos_iv_pos_7_ts_b2_cTS_semantic_v2_seed1235_n6000.db
1235,LOAD_VAL_MOD|post_ecall,120,,0.008333333333333333,2.0,120.0,,/root/arguzz/a4/runs/iv_pos_7/dbs/2026-06-14_08-42-21_698342/polynize/pos_iv_pos_7_ts_b2_cTS_semantic_v2_seed1235_n6000.db
1235,MEM_VAL_MOD|core_arithmetic,120,,0.09166666666666666,12.0,110.0,,/root/arguzz/a4/runs/iv_pos_7/dbs/2026-06-14_08-42-21_698342/polynize/pos_iv_pos_7_ts_b2_cTS_semantic_v2_seed1235_n6000.db
1235,MEM_VAL_MOD|core_branch,120,,0.09166666666666666,12.0,110.0,,/root/arguzz/a4/runs/iv_pos_7/dbs/2026-06-14_08-42-21_698342/polynize/pos_iv_pos_7_ts_b2_cTS_semantic_v2_seed1235_n6000.db
1235,MEM_VAL_MOD|core_memory_load,120,,0.008333333333333333,2.0,120.0,,/root/arguzz/a4/runs/iv_pos_7/dbs/2026-06-14_08-42-21_698342/polynize/pos_iv_pos_7_ts_b2_cTS_semantic_v2_seed1235_n6000.db
1235,MEM_VAL_MOD|core_memory_store,120,,0.008333333333333333,2.0,120.0,,/root/arguzz/a4/runs/iv_pos_7/dbs/2026-06-14_08-42-21_698342/polynize/pos_iv_pos_7_ts_b2_cTS_semantic_v2_seed1235_n6000.db
1235,MEM_VAL_MOD|kernel_other,120,,0.09166666666666666,12.0,110.0,,/root/arguzz/a4/runs/iv_pos_7/dbs/2026-06-14_08-42-21_698342/polynize/pos_iv_pos_7_ts_b2_cTS_semantic_v2_seed1235_n6000.db
1235,MEM_VAL_MOD|last_step,121,,0.024793388429752067,4.0,119.0,,/root/arguzz/a4/runs/iv_pos_7/dbs/2026-06-14_08-42-21_698342/polynize/pos_iv_pos_7_ts_b2_cTS_semantic_v2_seed1235_n6000.db
1235,MEM_VAL_MOD|post_ecall,120,,0.03333333333333333,5.0,117.0,,/root/arguzz/a4/runs/iv_pos_7/dbs/2026-06-14_08-42-21_698342/polynize/pos_iv_pos_7_ts_b2_cTS_semantic_v2_seed1235_n6000.db
1235,MEM_VAL_MOD|pre_ecall,120,,0.125,16.0,106.0,,/root/arguzz/a4/runs/iv_pos_7/dbs/2026-06-14_08-42-21_698342/polynize/pos_iv_pos_7_ts_b2_cTS_semantic_v2_seed1235_n6000.db
1235,MEM_VAL_MOD|step0,121,,0.01652892561983471,3.0,120.0,,/root/arguzz/a4/runs/iv_pos_7/dbs/2026-06-14_08-42-21_698342/polynize/pos_iv_pos_7_ts_b2_cTS_semantic_v2_seed1235_n6000.db
1235,PRE_EXEC_REG_MOD|core_arithmetic,120,,0.08333333333333333,11.0,111.0,,/root/arguzz/a4/runs/iv_pos_7/dbs/2026-06-14_08-42-21_698342/polynize/pos_iv_pos_7_ts_b2_cTS_semantic_v2_seed1235_n6000.db
1235,PRE_EXEC_REG_MOD|core_memory_load,121,,0.11570247933884298,15.0,108.0,,/root/arguzz/a4/runs/iv_pos_7/dbs/2026-06-14_08-42-21_698342/polynize/pos_iv_pos_7_ts_b2_cTS_semantic_v2_seed1235_n6000.db
1235,PRE_EXEC_REG_MOD|core_memory_store,120,,0.09166666666666666,12.0,110.0,,/root/arguzz/a4/runs/iv_pos_7/dbs/2026-06-14_08-42-21_698342/polynize/pos_iv_pos_7_ts_b2_cTS_semantic_v2_seed1235_n6000.db
1235,PRE_EXEC_REG_MOD|core_mul,120,,0.03333333333333333,5.0,117.0,,/root/arguzz/a4/runs/iv_pos_7/dbs/2026-06-14_08-42-21_698342/polynize/pos_iv_pos_7_ts_b2_cTS_semantic_v2_seed1235_n6000.db
1235,PRE_EXEC_REG_MOD|core_shr,120,,0.008333333333333333,2.0,120.0,,/root/arguzz/a4/runs/iv_pos_7/dbs/2026-06-14_08-42-21_698342/polynize/pos_iv_pos_7_ts_b2_cTS_semantic_v2_seed1235_n6000.db
1235,PRE_EXEC_REG_MOD|kernel_other,120,,0.008333333333333333,2.0,120.0,,/root/arguzz/a4/runs/iv_pos_7/dbs/2026-06-14_08-42-21_698342/polynize/pos_iv_pos_7_ts_b2_cTS_semantic_v2_seed1235_n6000.db
1235,PRE_EXEC_REG_MOD|post_ecall,120,,0.08333333333333333,11.0,111.0,,/root/arguzz/a4/runs/iv_pos_7/dbs/2026-06-14_08-42-21_698342/polynize/pos_iv_pos_7_ts_b2_cTS_semantic_v2_seed1235_n6000.db
1235,PRE_EXEC_REG_MOD|step0,121,,0.008264462809917356,2.0,121.0,,/root/arguzz/a4/runs/iv_pos_7/dbs/2026-06-14_08-42-21_698342/polynize/pos_iv_pos_7_ts_b2_cTS_semantic_v2_seed1235_n6000.db
1235,STORE_OUT_MOD|core_memory_store,120,,0.008333333333333333,2.0,120.0,,/root/arguzz/a4/runs/iv_pos_7/dbs/2026-06-14_08-42-21_698342/polynize/pos_iv_pos_7_ts_b2_cTS_semantic_v2_seed1235_n6000.db
1235,STORE_OUT_MOD|kernel_other,120,,0.008333333333333333,2.0,120.0,,/root/arguzz/a4/runs/iv_pos_7/dbs/2026-06-14_08-42-21_698342/polynize/pos_iv_pos_7_ts_b2_cTS_semantic_v2_seed1235_n6000.db
1236,COMP_OUT_MOD|core_arithmetic,121,,0.03305785123966942,5.0,118.0,,/root/arguzz/a4/runs/iv_pos_7/dbs/pos_iv_pos_7_ts_b3_cTS_semantic_v2_seed1236_n6000/pos_iv_pos_7_ts_b3_cTS_semantic_v2_seed1236_n6000.db
1236,COMP_OUT_MOD|core_mul,120,,0.016666666666666666,3.0,119.0,,/root/arguzz/a4/runs/iv_pos_7/dbs/pos_iv_pos_7_ts_b3_cTS_semantic_v2_seed1236_n6000/pos_iv_pos_7_ts_b3_cTS_semantic_v2_seed1236_n6000.db
1236,COMP_OUT_MOD|core_shr,120,,0.008333333333333333,2.0,120.0,,/root/arguzz/a4/runs/iv_pos_7/dbs/pos_iv_pos_7_ts_b3_cTS_semantic_v2_seed1236_n6000/pos_iv_pos_7_ts_b3_cTS_semantic_v2_seed1236_n6000.db
1236,COMP_OUT_MOD|post_ecall,120,,0.008333333333333333,2.0,120.0,,/root/arguzz/a4/runs/iv_pos_7/dbs/pos_iv_pos_7_ts_b3_cTS_semantic_v2_seed1236_n6000/pos_iv_pos_7_ts_b3_cTS_semantic_v2_seed1236_n6000.db
1236,INSTR_TYPE_MOD|core_arithmetic,125,,0.184,24.0,103.0,,/root/arguzz/a4/runs/iv_pos_7/dbs/pos_iv_pos_7_ts_b3_cTS_semantic_v2_seed1236_n6000/pos_iv_pos_7_ts_b3_cTS_semantic_v2_seed1236_n6000.db
1236,INSTR_TYPE_MOD|core_memory_load,133,,0.16541353383458646,23.0,112.0,,/root/arguzz/a4/runs/iv_pos_7/dbs/pos_iv_pos_7_ts_b3_cTS_semantic_v2_seed1236_n6000/pos_iv_pos_7_ts_b3_cTS_semantic_v2_seed1236_n6000.db
1236,INSTR_TYPE_MOD|core_memory_store,140,,0.18571428571428572,27.0,115.0,,/root/arguzz/a4/runs/iv_pos_7/dbs/pos_iv_pos_7_ts_b3_cTS_semantic_v2_seed1236_n6000/pos_iv_pos_7_ts_b3_cTS_semantic_v2_seed1236_n6000.db
1236,INSTR_TYPE_MOD|core_mul,131,,0.16793893129770993,23.0,110.0,,/root/arguzz/a4/runs/iv_pos_7/dbs/pos_iv_pos_7_ts_b3_cTS_semantic_v2_seed1236_n6000/pos_iv_pos_7_ts_b3_cTS_semantic_v2_seed1236_n6000.db
1236,INSTR_TYPE_MOD|core_shr,125,,0.152,20.0,107.0,,/root/arguzz/a4/runs/iv_pos_7/dbs/pos_iv_pos_7_ts_b3_cTS_semantic_v2_seed1236_n6000/pos_iv_pos_7_ts_b3_cTS_semantic_v2_seed1236_n6000.db
1236,INSTR_TYPE_MOD|kernel_other,130,,0.17692307692307693,24.0,108.0,,/root/arguzz/a4/runs/iv_pos_7/dbs/pos_iv_pos_7_ts_b3_cTS_semantic_v2_seed1236_n6000/pos_iv_pos_7_ts_b3_cTS_semantic_v2_seed1236_n6000.db
1236,INSTR_TYPE_MOD|post_ecall,123,,0.13821138211382114,18.0,107.0,,/root/arguzz/a4/runs/iv_pos_7/dbs/pos_iv_pos_7_ts_b3_cTS_semantic_v2_seed1236_n6000/pos_iv_pos_7_ts_b3_cTS_semantic_v2_seed1236_n6000.db
1236,INSTR_TYPE_MOD|pre_ecall,125,,0.136,18.0,109.0,,/root/arguzz/a4/runs/iv_pos_7/dbs/pos_iv_pos_7_ts_b3_cTS_semantic_v2_seed1236_n6000/pos_iv_pos_7_ts_b3_cTS_semantic_v2_seed1236_n6000.db
1236,INSTR_TYPE_MOD|step0,272,,0.23529411764705882,65.0,209.0,,/root/arguzz/a4/runs/iv_pos_7/dbs/pos_iv_pos_7_ts_b3_cTS_semantic_v2_seed1236_n6000/pos_iv_pos_7_ts_b3_cTS_semantic_v2_seed1236_n6000.db
1236,INSTR_WORD_MOD_FULL|core_arithmetic,120,,0.05,7.0,115.0,,/root/arguzz/a4/runs/iv_pos_7/dbs/pos_iv_pos_7_ts_b3_cTS_semantic_v2_seed1236_n6000/pos_iv_pos_7_ts_b3_cTS_semantic_v2_seed1236_n6000.db
1236,INSTR_WORD_MOD_FULL|core_memory_load,120,,0.025,4.0,118.0,,/root/arguzz/a4/runs/iv_pos_7/dbs/pos_iv_pos_7_ts_b3_cTS_semantic_v2_seed1236_n6000/pos_iv_pos_7_ts_b3_cTS_semantic_v2_seed1236_n6000.db
1236,INSTR_WORD_MOD_FULL|core_memory_store,120,,0.025,4.0,118.0,,/root/arguzz/a4/runs/iv_pos_7/dbs/pos_iv_pos_7_ts_b3_cTS_semantic_v2_seed1236_n6000/pos_iv_pos_7_ts_b3_cTS_semantic_v2_seed1236_n6000.db
1236,INSTR_WORD_MOD_FULL|core_mul,120,,0.03333333333333333,5.0,117.0,,/root/arguzz/a4/runs/iv_pos_7/dbs/pos_iv_pos_7_ts_b3_cTS_semantic_v2_seed1236_n6000/pos_iv_pos_7_ts_b3_cTS_semantic_v2_seed1236_n6000.db
1236,INSTR_WORD_MOD_FULL|core_shr,120,,0.03333333333333333,5.0,117.0,,/root/arguzz/a4/runs/iv_pos_7/dbs/pos_iv_pos_7_ts_b3_cTS_semantic_v2_seed1236_n6000/pos_iv_pos_7_ts_b3_cTS_semantic_v2_seed1236_n6000.db
1236,INSTR_WORD_MOD_FULL|kernel_other,120,,0.075,10.0,112.0,,/root/arguzz/a4/runs/iv_pos_7/dbs/pos_iv_pos_7_ts_b3_cTS_semantic_v2_seed1236_n6000/pos_iv_pos_7_ts_b3_cTS_semantic_v2_seed1236_n6000.db
1236,INSTR_WORD_MOD_FULL|post_ecall,120,,0.041666666666666664,6.0,116.0,,/root/arguzz/a4/runs/iv_pos_7/dbs/pos_iv_pos_7_ts_b3_cTS_semantic_v2_seed1236_n6000/pos_iv_pos_7_ts_b3_cTS_semantic_v2_seed1236_n6000.db
1236,INSTR_WORD_MOD_SUR|core_arithmetic,120,,0.041666666666666664,6.0,116.0,,/root/arguzz/a4/runs/iv_pos_7/dbs/pos_iv_pos_7_ts_b3_cTS_semantic_v2_seed1236_n6000/pos_iv_pos_7_ts_b3_cTS_semantic_v2_seed1236_n6000.db
1236,INSTR_WORD_MOD_SUR|core_memory_load,120,,0.016666666666666666,3.0,119.0,,/root/arguzz/a4/runs/iv_pos_7/dbs/pos_iv_pos_7_ts_b3_cTS_semantic_v2_seed1236_n6000/pos_iv_pos_7_ts_b3_cTS_semantic_v2_seed1236_n6000.db
1236,INSTR_WORD_MOD_SUR|core_memory_store,120,,0.008333333333333333,2.0,120.0,,/root/arguzz/a4/runs/iv_pos_7/dbs/pos_iv_pos_7_ts_b3_cTS_semantic_v2_seed1236_n6000/pos_iv_pos_7_ts_b3_cTS_semantic_v2_seed1236_n6000.db
1236,INSTR_WORD_MOD_SUR|core_mul,120,,0.008333333333333333,2.0,120.0,,/root/arguzz/a4/runs/iv_pos_7/dbs/pos_iv_pos_7_ts_b3_cTS_semantic_v2_seed1236_n6000/pos_iv_pos_7_ts_b3_cTS_semantic_v2_seed1236_n6000.db
1236,INSTR_WORD_MOD_SUR|core_shr,120,,0.025,4.0,118.0,,/root/arguzz/a4/runs/iv_pos_7/dbs/pos_iv_pos_7_ts_b3_cTS_semantic_v2_seed1236_n6000/pos_iv_pos_7_ts_b3_cTS_semantic_v2_seed1236_n6000.db
1236,INSTR_WORD_MOD_SUR|kernel_other,120,,0.05,7.0,115.0,,/root/arguzz/a4/runs/iv_pos_7/dbs/pos_iv_pos_7_ts_b3_cTS_semantic_v2_seed1236_n6000/pos_iv_pos_7_ts_b3_cTS_semantic_v2_seed1236_n6000.db
1236,INSTR_WORD_MOD_SUR|post_ecall,120,,0.03333333333333333,5.0,117.0,,/root/arguzz/a4/runs/iv_pos_7/dbs/pos_iv_pos_7_ts_b3_cTS_semantic_v2_seed1236_n6000/pos_iv_pos_7_ts_b3_cTS_semantic_v2_seed1236_n6000.db
1236,LOAD_VAL_MOD|core_memory_load,120,,0.008333333333333333,2.0,120.0,,/root/arguzz/a4/runs/iv_pos_7/dbs/pos_iv_pos_7_ts_b3_cTS_semantic_v2_seed1236_n6000/pos_iv_pos_7_ts_b3_cTS_semantic_v2_seed1236_n6000.db
1236,LOAD_VAL_MOD|post_ecall,120,,0.008333333333333333,2.0,120.0,,/root/arguzz/a4/runs/iv_pos_7/dbs/pos_iv_pos_7_ts_b3_cTS_semantic_v2_seed1236_n6000/pos_iv_pos_7_ts_b3_cTS_semantic_v2_seed1236_n6000.db
1236,MEM_VAL_MOD|core_arithmetic,120,,0.09166666666666666,12.0,110.0,,/root/arguzz/a4/runs/iv_pos_7/dbs/pos_iv_pos_7_ts_b3_cTS_semantic_v2_seed1236_n6000/pos_iv_pos_7_ts_b3_cTS_semantic_v2_seed1236_n6000.db
1236,MEM_VAL_MOD|core_branch,120,,0.09166666666666666,12.0,110.0,,/root/arguzz/a4/runs/iv_pos_7/dbs/pos_iv_pos_7_ts_b3_cTS_semantic_v2_seed1236_n6000/pos_iv_pos_7_ts_b3_cTS_semantic_v2_seed1236_n6000.db
1236,MEM_VAL_MOD|core_memory_load,120,,0.025,4.0,118.0,,/root/arguzz/a4/runs/iv_pos_7/dbs/pos_iv_pos_7_ts_b3_cTS_semantic_v2_seed1236_n6000/pos_iv_pos_7_ts_b3_cTS_semantic_v2_seed1236_n6000.db
1236,MEM_VAL_MOD|core_memory_store,120,,0.016666666666666666,3.0,119.0,,/root/arguzz/a4/runs/iv_pos_7/dbs/pos_iv_pos_7_ts_b3_cTS_semantic_v2_seed1236_n6000/pos_iv_pos_7_ts_b3_cTS_semantic_v2_seed1236_n6000.db
1236,MEM_VAL_MOD|kernel_other,120,,0.09166666666666666,12.0,110.0,,/root/arguzz/a4/runs/iv_pos_7/dbs/pos_iv_pos_7_ts_b3_cTS_semantic_v2_seed1236_n6000/pos_iv_pos_7_ts_b3_cTS_semantic_v2_seed1236_n6000.db
1236,MEM_VAL_MOD|last_step,121,,0.024793388429752067,4.0,119.0,,/root/arguzz/a4/runs/iv_pos_7/dbs/pos_iv_pos_7_ts_b3_cTS_semantic_v2_seed1236_n6000/pos_iv_pos_7_ts_b3_cTS_semantic_v2_seed1236_n6000.db
1236,MEM_VAL_MOD|post_ecall,120,,0.041666666666666664,6.0,116.0,,/root/arguzz/a4/runs/iv_pos_7/dbs/pos_iv_pos_7_ts_b3_cTS_semantic_v2_seed1236_n6000/pos_iv_pos_7_ts_b3_cTS_semantic_v2_seed1236_n6000.db
1236,MEM_VAL_MOD|pre_ecall,126,,0.1746031746031746,23.0,105.0,,/root/arguzz/a4/runs/iv_pos_7/dbs/pos_iv_pos_7_ts_b3_cTS_semantic_v2_seed1236_n6000/pos_iv_pos_7_ts_b3_cTS_semantic_v2_seed1236_n6000.db
1236,MEM_VAL_MOD|step0,121,,0.01652892561983471,3.0,120.0,,/root/arguzz/a4/runs/iv_pos_7/dbs/pos_iv_pos_7_ts_b3_cTS_semantic_v2_seed1236_n6000/pos_iv_pos_7_ts_b3_cTS_semantic_v2_seed1236_n6000.db
1236,PRE_EXEC_REG_MOD|core_arithmetic,120,,0.1,13.0,109.0,,/root/arguzz/a4/runs/iv_pos_7/dbs/pos_iv_pos_7_ts_b3_cTS_semantic_v2_seed1236_n6000/pos_iv_pos_7_ts_b3_cTS_semantic_v2_seed1236_n6000.db
1236,PRE_EXEC_REG_MOD|core_memory_load,126,,0.15873015873015872,21.0,107.0,,/root/arguzz/a4/runs/iv_pos_7/dbs/pos_iv_pos_7_ts_b3_cTS_semantic_v2_seed1236_n6000/pos_iv_pos_7_ts_b3_cTS_semantic_v2_seed1236_n6000.db
1236,PRE_EXEC_REG_MOD|core_memory_store,120,,0.05,7.0,115.0,,/root/arguzz/a4/runs/iv_pos_7/dbs/pos_iv_pos_7_ts_b3_cTS_semantic_v2_seed1236_n6000/pos_iv_pos_7_ts_b3_cTS_semantic_v2_seed1236_n6000.db
1236,PRE_EXEC_REG_MOD|core_mul,120,,0.016666666666666666,3.0,119.0,,/root/arguzz/a4/runs/iv_pos_7/dbs/pos_iv_pos_7_ts_b3_cTS_semantic_v2_seed1236_n6000/pos_iv_pos_7_ts_b3_cTS_semantic_v2_seed1236_n6000.db
1236,PRE_EXEC_REG_MOD|core_shr,120,,0.008333333333333333,2.0,120.0,,/root/arguzz/a4/runs/iv_pos_7/dbs/pos_iv_pos_7_ts_b3_cTS_semantic_v2_seed1236_n6000/pos_iv_pos_7_ts_b3_cTS_semantic_v2_seed1236_n6000.db
1236,PRE_EXEC_REG_MOD|kernel_other,120,,0.008333333333333333,2.0,120.0,,/root/arguzz/a4/runs/iv_pos_7/dbs/pos_iv_pos_7_ts_b3_cTS_semantic_v2_seed1236_n6000/pos_iv_pos_7_ts_b3_cTS_semantic_v2_seed1236_n6000.db
1236,PRE_EXEC_REG_MOD|post_ecall,120,,0.09166666666666666,12.0,110.0,,/root/arguzz/a4/runs/iv_pos_7/dbs/pos_iv_pos_7_ts_b3_cTS_semantic_v2_seed1236_n6000/pos_iv_pos_7_ts_b3_cTS_semantic_v2_seed1236_n6000.db
1236,PRE_EXEC_REG_MOD|step0,121,,0.008264462809917356,2.0,121.0,,/root/arguzz/a4/runs/iv_pos_7/dbs/pos_iv_pos_7_ts_b3_cTS_semantic_v2_seed1236_n6000/pos_iv_pos_7_ts_b3_cTS_semantic_v2_seed1236_n6000.db
1236,STORE_OUT_MOD|core_memory_store,120,,0.008333333333333333,2.0,120.0,,/root/arguzz/a4/runs/iv_pos_7/dbs/pos_iv_pos_7_ts_b3_cTS_semantic_v2_seed1236_n6000/pos_iv_pos_7_ts_b3_cTS_semantic_v2_seed1236_n6000.db
1236,STORE_OUT_MOD|kernel_other,120,,0.008333333333333333,2.0,120.0,,/root/arguzz/a4/runs/iv_pos_7/dbs/pos_iv_pos_7_ts_b3_cTS_semantic_v2_seed1236_n6000/pos_iv_pos_7_ts_b3_cTS_semantic_v2_seed1236_n6000.db
1237,COMP_OUT_MOD|core_arithmetic,121,,0.024793388429752067,4.0,119.0,,/root/arguzz/a4/runs/iv_pos_7/dbs/pos_iv_pos_7_ts_b4_cTS_semantic_v2_seed1237_n6000/pos_iv_pos_7_ts_b4_cTS_semantic_v2_seed1237_n6000.db
1237,COMP_OUT_MOD|core_mul,120,,0.008333333333333333,2.0,120.0,,/root/arguzz/a4/runs/iv_pos_7/dbs/pos_iv_pos_7_ts_b4_cTS_semantic_v2_seed1237_n6000/pos_iv_pos_7_ts_b4_cTS_semantic_v2_seed1237_n6000.db
1237,COMP_OUT_MOD|core_shr,120,,0.008333333333333333,2.0,120.0,,/root/arguzz/a4/runs/iv_pos_7/dbs/pos_iv_pos_7_ts_b4_cTS_semantic_v2_seed1237_n6000/pos_iv_pos_7_ts_b4_cTS_semantic_v2_seed1237_n6000.db
1237,COMP_OUT_MOD|post_ecall,120,,0.016666666666666666,3.0,119.0,,/root/arguzz/a4/runs/iv_pos_7/dbs/pos_iv_pos_7_ts_b4_cTS_semantic_v2_seed1237_n6000/pos_iv_pos_7_ts_b4_cTS_semantic_v2_seed1237_n6000.db
1237,INSTR_TYPE_MOD|core_arithmetic,132,,0.1893939393939394,26.0,108.0,,/root/arguzz/a4/runs/iv_pos_7/dbs/pos_iv_pos_7_ts_b4_cTS_semantic_v2_seed1237_n6000/pos_iv_pos_7_ts_b4_cTS_semantic_v2_seed1237_n6000.db
1237,INSTR_TYPE_MOD|core_memory_load,128,,0.15625,21.0,109.0,,/root/arguzz/a4/runs/iv_pos_7/dbs/pos_iv_pos_7_ts_b4_cTS_semantic_v2_seed1237_n6000/pos_iv_pos_7_ts_b4_cTS_semantic_v2_seed1237_n6000.db
1237,INSTR_TYPE_MOD|core_memory_store,131,,0.16030534351145037,22.0,111.0,,/root/arguzz/a4/runs/iv_pos_7/dbs/pos_iv_pos_7_ts_b4_cTS_semantic_v2_seed1237_n6000/pos_iv_pos_7_ts_b4_cTS_semantic_v2_seed1237_n6000.db
1237,INSTR_TYPE_MOD|core_mul,138,,0.18115942028985507,26.0,114.0,,/root/arguzz/a4/runs/iv_pos_7/dbs/pos_iv_pos_7_ts_b4_cTS_semantic_v2_seed1237_n6000/pos_iv_pos_7_ts_b4_cTS_semantic_v2_seed1237_n6000.db
1237,INSTR_TYPE_MOD|core_shr,135,,0.17777777777777778,25.0,112.0,,/root/arguzz/a4/runs/iv_pos_7/dbs/pos_iv_pos_7_ts_b4_cTS_semantic_v2_seed1237_n6000/pos_iv_pos_7_ts_b4_cTS_semantic_v2_seed1237_n6000.db
1237,INSTR_TYPE_MOD|kernel_other,139,,0.20863309352517986,30.0,111.0,,/root/arguzz/a4/runs/iv_pos_7/dbs/pos_iv_pos_7_ts_b4_cTS_semantic_v2_seed1237_n6000/pos_iv_pos_7_ts_b4_cTS_semantic_v2_seed1237_n6000.db
1237,INSTR_TYPE_MOD|post_ecall,121,,0.11570247933884298,15.0,108.0,,/root/arguzz/a4/runs/iv_pos_7/dbs/pos_iv_pos_7_ts_b4_cTS_semantic_v2_seed1237_n6000/pos_iv_pos_7_ts_b4_cTS_semantic_v2_seed1237_n6000.db
1237,INSTR_TYPE_MOD|pre_ecall,121,,0.1652892561983471,21.0,102.0,,/root/arguzz/a4/runs/iv_pos_7/dbs/pos_iv_pos_7_ts_b4_cTS_semantic_v2_seed1237_n6000/pos_iv_pos_7_ts_b4_cTS_semantic_v2_seed1237_n6000.db
1237,INSTR_TYPE_MOD|step0,270,,0.24074074074074073,66.0,206.0,,/root/arguzz/a4/runs/iv_pos_7/dbs/pos_iv_pos_7_ts_b4_cTS_semantic_v2_seed1237_n6000/pos_iv_pos_7_ts_b4_cTS_semantic_v2_seed1237_n6000.db
1237,INSTR_WORD_MOD_FULL|core_arithmetic,120,,0.03333333333333333,5.0,117.0,,/root/arguzz/a4/runs/iv_pos_7/dbs/pos_iv_pos_7_ts_b4_cTS_semantic_v2_seed1237_n6000/pos_iv_pos_7_ts_b4_cTS_semantic_v2_seed1237_n6000.db
1237,INSTR_WORD_MOD_FULL|core_memory_load,120,,0.03333333333333333,5.0,117.0,,/root/arguzz/a4/runs/iv_pos_7/dbs/pos_iv_pos_7_ts_b4_cTS_semantic_v2_seed1237_n6000/pos_iv_pos_7_ts_b4_cTS_semantic_v2_seed1237_n6000.db
1237,INSTR_WORD_MOD_FULL|core_memory_store,120,,0.03333333333333333,5.0,117.0,,/root/arguzz/a4/runs/iv_pos_7/dbs/pos_iv_pos_7_ts_b4_cTS_semantic_v2_seed1237_n6000/pos_iv_pos_7_ts_b4_cTS_semantic_v2_seed1237_n6000.db
1237,INSTR_WORD_MOD_FULL|core_mul,120,,0.025,4.0,118.0,,/root/arguzz/a4/runs/iv_pos_7/dbs/pos_iv_pos_7_ts_b4_cTS_semantic_v2_seed1237_n6000/pos_iv_pos_7_ts_b4_cTS_semantic_v2_seed1237_n6000.db
1237,INSTR_WORD_MOD_FULL|core_shr,120,,0.03333333333333333,5.0,117.0,,/root/arguzz/a4/runs/iv_pos_7/dbs/pos_iv_pos_7_ts_b4_cTS_semantic_v2_seed1237_n6000/pos_iv_pos_7_ts_b4_cTS_semantic_v2_seed1237_n6000.db
1237,INSTR_WORD_MOD_FULL|kernel_other,120,,0.1,13.0,109.0,,/root/arguzz/a4/runs/iv_pos_7/dbs/pos_iv_pos_7_ts_b4_cTS_semantic_v2_seed1237_n6000/pos_iv_pos_7_ts_b4_cTS_semantic_v2_seed1237_n6000.db
1237,INSTR_WORD_MOD_FULL|post_ecall,120,,0.03333333333333333,5.0,117.0,,/root/arguzz/a4/runs/iv_pos_7/dbs/pos_iv_pos_7_ts_b4_cTS_semantic_v2_seed1237_n6000/pos_iv_pos_7_ts_b4_cTS_semantic_v2_seed1237_n6000.db
1237,INSTR_WORD_MOD_SUR|core_arithmetic,120,,0.05,7.0,115.0,,/root/arguzz/a4/runs/iv_pos_7/dbs/pos_iv_pos_7_ts_b4_cTS_semantic_v2_seed1237_n6000/pos_iv_pos_7_ts_b4_cTS_semantic_v2_seed1237_n6000.db
1237,INSTR_WORD_MOD_SUR|core_memory_load,120,,0.016666666666666666,3.0,119.0,,/root/arguzz/a4/runs/iv_pos_7/dbs/pos_iv_pos_7_ts_b4_cTS_semantic_v2_seed1237_n6000/pos_iv_pos_7_ts_b4_cTS_semantic_v2_seed1237_n6000.db
1237,INSTR_WORD_MOD_SUR|core_memory_store,120,,0.016666666666666666,3.0,119.0,,/root/arguzz/a4/runs/iv_pos_7/dbs/pos_iv_pos_7_ts_b4_cTS_semantic_v2_seed1237_n6000/pos_iv_pos_7_ts_b4_cTS_semantic_v2_seed1237_n6000.db
1237,INSTR_WORD_MOD_SUR|core_mul,120,,0.025,4.0,118.0,,/root/arguzz/a4/runs/iv_pos_7/dbs/pos_iv_pos_7_ts_b4_cTS_semantic_v2_seed1237_n6000/pos_iv_pos_7_ts_b4_cTS_semantic_v2_seed1237_n6000.db
1237,INSTR_WORD_MOD_SUR|core_shr,120,,0.025,4.0,118.0,,/root/arguzz/a4/runs/iv_pos_7/dbs/pos_iv_pos_7_ts_b4_cTS_semantic_v2_seed1237_n6000/pos_iv_pos_7_ts_b4_cTS_semantic_v2_seed1237_n6000.db
1237,INSTR_WORD_MOD_SUR|kernel_other,120,,0.041666666666666664,6.0,116.0,,/root/arguzz/a4/runs/iv_pos_7/dbs/pos_iv_pos_7_ts_b4_cTS_semantic_v2_seed1237_n6000/pos_iv_pos_7_ts_b4_cTS_semantic_v2_seed1237_n6000.db
1237,INSTR_WORD_MOD_SUR|post_ecall,120,,0.05,7.0,115.0,,/root/arguzz/a4/runs/iv_pos_7/dbs/pos_iv_pos_7_ts_b4_cTS_semantic_v2_seed1237_n6000/pos_iv_pos_7_ts_b4_cTS_semantic_v2_seed1237_n6000.db
1237,LOAD_VAL_MOD|core_memory_load,120,,0.016666666666666666,3.0,119.0,,/root/arguzz/a4/runs/iv_pos_7/dbs/pos_iv_pos_7_ts_b4_cTS_semantic_v2_seed1237_n6000/pos_iv_pos_7_ts_b4_cTS_semantic_v2_seed1237_n6000.db
1237,LOAD_VAL_MOD|post_ecall,120,,0.008333333333333333,2.0,120.0,,/root/arguzz/a4/runs/iv_pos_7/dbs/pos_iv_pos_7_ts_b4_cTS_semantic_v2_seed1237_n6000/pos_iv_pos_7_ts_b4_cTS_semantic_v2_seed1237_n6000.db
1237,MEM_VAL_MOD|core_arithmetic,120,,0.08333333333333333,11.0,111.0,,/root/arguzz/a4/runs/iv_pos_7/dbs/pos_iv_pos_7_ts_b4_cTS_semantic_v2_seed1237_n6000/pos_iv_pos_7_ts_b4_cTS_semantic_v2_seed1237_n6000.db
1237,MEM_VAL_MOD|core_branch,120,,0.1,13.0,109.0,,/root/arguzz/a4/runs/iv_pos_7/dbs/pos_iv_pos_7_ts_b4_cTS_semantic_v2_seed1237_n6000/pos_iv_pos_7_ts_b4_cTS_semantic_v2_seed1237_n6000.db
1237,MEM_VAL_MOD|core_memory_load,120,,0.008333333333333333,2.0,120.0,,/root/arguzz/a4/runs/iv_pos_7/dbs/pos_iv_pos_7_ts_b4_cTS_semantic_v2_seed1237_n6000/pos_iv_pos_7_ts_b4_cTS_semantic_v2_seed1237_n6000.db
1237,MEM_VAL_MOD|core_memory_store,120,,0.008333333333333333,2.0,120.0,,/root/arguzz/a4/runs/iv_pos_7/dbs/pos_iv_pos_7_ts_b4_cTS_semantic_v2_seed1237_n6000/pos_iv_pos_7_ts_b4_cTS_semantic_v2_seed1237_n6000.db
1237,MEM_VAL_MOD|kernel_other,120,,0.1,13.0,109.0,,/root/arguzz/a4/runs/iv_pos_7/dbs/pos_iv_pos_7_ts_b4_cTS_semantic_v2_seed1237_n6000/pos_iv_pos_7_ts_b4_cTS_semantic_v2_seed1237_n6000.db
1237,MEM_VAL_MOD|last_step,121,,0.01652892561983471,3.0,120.0,,/root/arguzz/a4/runs/iv_pos_7/dbs/pos_iv_pos_7_ts_b4_cTS_semantic_v2_seed1237_n6000/pos_iv_pos_7_ts_b4_cTS_semantic_v2_seed1237_n6000.db
1237,MEM_VAL_MOD|post_ecall,120,,0.025,4.0,118.0,,/root/arguzz/a4/runs/iv_pos_7/dbs/pos_iv_pos_7_ts_b4_cTS_semantic_v2_seed1237_n6000/pos_iv_pos_7_ts_b4_cTS_semantic_v2_seed1237_n6000.db
1237,MEM_VAL_MOD|pre_ecall,121,,0.1487603305785124,19.0,104.0,,/root/arguzz/a4/runs/iv_pos_7/dbs/pos_iv_pos_7_ts_b4_cTS_semantic_v2_seed1237_n6000/pos_iv_pos_7_ts_b4_cTS_semantic_v2_seed1237_n6000.db
1237,MEM_VAL_MOD|step0,121,,0.03305785123966942,5.0,118.0,,/root/arguzz/a4/runs/iv_pos_7/dbs/pos_iv_pos_7_ts_b4_cTS_semantic_v2_seed1237_n6000/pos_iv_pos_7_ts_b4_cTS_semantic_v2_seed1237_n6000.db
1237,PRE_EXEC_REG_MOD|core_arithmetic,120,,0.075,10.0,112.0,,/root/arguzz/a4/runs/iv_pos_7/dbs/pos_iv_pos_7_ts_b4_cTS_semantic_v2_seed1237_n6000/pos_iv_pos_7_ts_b4_cTS_semantic_v2_seed1237_n6000.db
1237,PRE_EXEC_REG_MOD|core_memory_load,120,,0.13333333333333333,17.0,105.0,,/root/arguzz/a4/runs/iv_pos_7/dbs/pos_iv_pos_7_ts_b4_cTS_semantic_v2_seed1237_n6000/pos_iv_pos_7_ts_b4_cTS_semantic_v2_seed1237_n6000.db
1237,PRE_EXEC_REG_MOD|core_memory_store,120,,0.06666666666666667,9.0,113.0,,/root/arguzz/a4/runs/iv_pos_7/dbs/pos_iv_pos_7_ts_b4_cTS_semantic_v2_seed1237_n6000/pos_iv_pos_7_ts_b4_cTS_semantic_v2_seed1237_n6000.db
1237,PRE_EXEC_REG_MOD|core_mul,120,,0.016666666666666666,3.0,119.0,,/root/arguzz/a4/runs/iv_pos_7/dbs/pos_iv_pos_7_ts_b4_cTS_semantic_v2_seed1237_n6000/pos_iv_pos_7_ts_b4_cTS_semantic_v2_seed1237_n6000.db
1237,PRE_EXEC_REG_MOD|core_shr,120,,0.008333333333333333,2.0,120.0,,/root/arguzz/a4/runs/iv_pos_7/dbs/pos_iv_pos_7_ts_b4_cTS_semantic_v2_seed1237_n6000/pos_iv_pos_7_ts_b4_cTS_semantic_v2_seed1237_n6000.db
1237,PRE_EXEC_REG_MOD|kernel_other,120,,0.008333333333333333,2.0,120.0,,/root/arguzz/a4/runs/iv_pos_7/dbs/pos_iv_pos_7_ts_b4_cTS_semantic_v2_seed1237_n6000/pos_iv_pos_7_ts_b4_cTS_semantic_v2_seed1237_n6000.db
1237,PRE_EXEC_REG_MOD|post_ecall,120,,0.1,13.0,109.0,,/root/arguzz/a4/runs/iv_pos_7/dbs/pos_iv_pos_7_ts_b4_cTS_semantic_v2_seed1237_n6000/pos_iv_pos_7_ts_b4_cTS_semantic_v2_seed1237_n6000.db
1237,PRE_EXEC_REG_MOD|step0,121,,0.008264462809917356,2.0,121.0,,/root/arguzz/a4/runs/iv_pos_7/dbs/pos_iv_pos_7_ts_b4_cTS_semantic_v2_seed1237_n6000/pos_iv_pos_7_ts_b4_cTS_semantic_v2_seed1237_n6000.db
1237,STORE_OUT_MOD|core_memory_store,120,,0.008333333333333333,2.0,120.0,,/root/arguzz/a4/runs/iv_pos_7/dbs/pos_iv_pos_7_ts_b4_cTS_semantic_v2_seed1237_n6000/pos_iv_pos_7_ts_b4_cTS_semantic_v2_seed1237_n6000.db
1237,STORE_OUT_MOD|kernel_other,120,,0.008333333333333333,2.0,120.0,,/root/arguzz/a4/runs/iv_pos_7/dbs/pos_iv_pos_7_ts_b4_cTS_semantic_v2_seed1237_n6000/pos_iv_pos_7_ts_b4_cTS_semantic_v2_seed1237_n6000.db
1238,COMP_OUT_MOD|core_arithmetic,121,,0.03305785123966942,5.0,118.0,,/root/arguzz/a4/runs/iv_pos_7/dbs/pos_iv_pos_7_ts_b5_cTS_semantic_v2_seed1238_n6000/pos_iv_pos_7_ts_b5_cTS_semantic_v2_seed1238_n6000.db
1238,COMP_OUT_MOD|core_mul,120,,0.008333333333333333,2.0,120.0,,/root/arguzz/a4/runs/iv_pos_7/dbs/pos_iv_pos_7_ts_b5_cTS_semantic_v2_seed1238_n6000/pos_iv_pos_7_ts_b5_cTS_semantic_v2_seed1238_n6000.db
1238,COMP_OUT_MOD|core_shr,120,,0.008333333333333333,2.0,120.0,,/root/arguzz/a4/runs/iv_pos_7/dbs/pos_iv_pos_7_ts_b5_cTS_semantic_v2_seed1238_n6000/pos_iv_pos_7_ts_b5_cTS_semantic_v2_seed1238_n6000.db
1238,COMP_OUT_MOD|post_ecall,120,,0.025,4.0,118.0,,/root/arguzz/a4/runs/iv_pos_7/dbs/pos_iv_pos_7_ts_b5_cTS_semantic_v2_seed1238_n6000/pos_iv_pos_7_ts_b5_cTS_semantic_v2_seed1238_n6000.db
1238,INSTR_TYPE_MOD|core_arithmetic,127,,0.14960629921259844,20.0,109.0,,/root/arguzz/a4/runs/iv_pos_7/dbs/pos_iv_pos_7_ts_b5_cTS_semantic_v2_seed1238_n6000/pos_iv_pos_7_ts_b5_cTS_semantic_v2_seed1238_n6000.db
1238,INSTR_TYPE_MOD|core_memory_load,138,,0.18115942028985507,26.0,114.0,,/root/arguzz/a4/runs/iv_pos_7/dbs/pos_iv_pos_7_ts_b5_cTS_semantic_v2_seed1238_n6000/pos_iv_pos_7_ts_b5_cTS_semantic_v2_seed1238_n6000.db
1238,INSTR_TYPE_MOD|core_memory_store,134,,0.15671641791044777,22.0,114.0,,/root/arguzz/a4/runs/iv_pos_7/dbs/pos_iv_pos_7_ts_b5_cTS_semantic_v2_seed1238_n6000/pos_iv_pos_7_ts_b5_cTS_semantic_v2_seed1238_n6000.db
1238,INSTR_TYPE_MOD|core_mul,122,,0.1557377049180328,20.0,104.0,,/root/arguzz/a4/runs/iv_pos_7/dbs/pos_iv_pos_7_ts_b5_cTS_semantic_v2_seed1238_n6000/pos_iv_pos_7_ts_b5_cTS_semantic_v2_seed1238_n6000.db
1238,INSTR_TYPE_MOD|core_shr,139,,0.17266187050359713,25.0,116.0,,/root/arguzz/a4/runs/iv_pos_7/dbs/pos_iv_pos_7_ts_b5_cTS_semantic_v2_seed1238_n6000/pos_iv_pos_7_ts_b5_cTS_semantic_v2_seed1238_n6000.db
1238,INSTR_TYPE_MOD|kernel_other,131,,0.16793893129770993,23.0,110.0,,/root/arguzz/a4/runs/iv_pos_7/dbs/pos_iv_pos_7_ts_b5_cTS_semantic_v2_seed1238_n6000/pos_iv_pos_7_ts_b5_cTS_semantic_v2_seed1238_n6000.db
1238,INSTR_TYPE_MOD|post_ecall,128,,0.1328125,18.0,112.0,,/root/arguzz/a4/runs/iv_pos_7/dbs/pos_iv_pos_7_ts_b5_cTS_semantic_v2_seed1238_n6000/pos_iv_pos_7_ts_b5_cTS_semantic_v2_seed1238_n6000.db
1238,INSTR_TYPE_MOD|pre_ecall,128,,0.171875,23.0,107.0,,/root/arguzz/a4/runs/iv_pos_7/dbs/pos_iv_pos_7_ts_b5_cTS_semantic_v2_seed1238_n6000/pos_iv_pos_7_ts_b5_cTS_semantic_v2_seed1238_n6000.db
1238,INSTR_TYPE_MOD|step0,268,,0.22761194029850745,62.0,208.0,,/root/arguzz/a4/runs/iv_pos_7/dbs/pos_iv_pos_7_ts_b5_cTS_semantic_v2_seed1238_n6000/pos_iv_pos_7_ts_b5_cTS_semantic_v2_seed1238_n6000.db
1238,INSTR_WORD_MOD_FULL|core_arithmetic,120,,0.058333333333333334,8.0,114.0,,/root/arguzz/a4/runs/iv_pos_7/dbs/pos_iv_pos_7_ts_b5_cTS_semantic_v2_seed1238_n6000/pos_iv_pos_7_ts_b5_cTS_semantic_v2_seed1238_n6000.db
1238,INSTR_WORD_MOD_FULL|core_memory_load,120,,0.008333333333333333,2.0,120.0,,/root/arguzz/a4/runs/iv_pos_7/dbs/pos_iv_pos_7_ts_b5_cTS_semantic_v2_seed1238_n6000/pos_iv_pos_7_ts_b5_cTS_semantic_v2_seed1238_n6000.db
1238,INSTR_WORD_MOD_FULL|core_memory_store,120,,0.025,4.0,118.0,,/root/arguzz/a4/runs/iv_pos_7/dbs/pos_iv_pos_7_ts_b5_cTS_semantic_v2_seed1238_n6000/pos_iv_pos_7_ts_b5_cTS_semantic_v2_seed1238_n6000.db
1238,INSTR_WORD_MOD_FULL|core_mul,120,,0.03333333333333333,5.0,117.0,,/root/arguzz/a4/runs/iv_pos_7/dbs/pos_iv_pos_7_ts_b5_cTS_semantic_v2_seed1238_n6000/pos_iv_pos_7_ts_b5_cTS_semantic_v2_seed1238_n6000.db
1238,INSTR_WORD_MOD_FULL|core_shr,120,,0.025,4.0,118.0,,/root/arguzz/a4/runs/iv_pos_7/dbs/pos_iv_pos_7_ts_b5_cTS_semantic_v2_seed1238_n6000/pos_iv_pos_7_ts_b5_cTS_semantic_v2_seed1238_n6000.db
1238,INSTR_WORD_MOD_FULL|kernel_other,121,,0.06611570247933884,9.0,114.0,,/root/arguzz/a4/runs/iv_pos_7/dbs/pos_iv_pos_7_ts_b5_cTS_semantic_v2_seed1238_n6000/pos_iv_pos_7_ts_b5_cTS_semantic_v2_seed1238_n6000.db
1238,INSTR_WORD_MOD_FULL|post_ecall,120,,0.058333333333333334,8.0,114.0,,/root/arguzz/a4/runs/iv_pos_7/dbs/pos_iv_pos_7_ts_b5_cTS_semantic_v2_seed1238_n6000/pos_iv_pos_7_ts_b5_cTS_semantic_v2_seed1238_n6000.db
1238,INSTR_WORD_MOD_SUR|core_arithmetic,120,,0.058333333333333334,8.0,114.0,,/root/arguzz/a4/runs/iv_pos_7/dbs/pos_iv_pos_7_ts_b5_cTS_semantic_v2_seed1238_n6000/pos_iv_pos_7_ts_b5_cTS_semantic_v2_seed1238_n6000.db
1238,INSTR_WORD_MOD_SUR|core_memory_load,120,,0.008333333333333333,2.0,120.0,,/root/arguzz/a4/runs/iv_pos_7/dbs/pos_iv_pos_7_ts_b5_cTS_semantic_v2_seed1238_n6000/pos_iv_pos_7_ts_b5_cTS_semantic_v2_seed1238_n6000.db
1238,INSTR_WORD_MOD_SUR|core_memory_store,120,,0.05,7.0,115.0,,/root/arguzz/a4/runs/iv_pos_7/dbs/pos_iv_pos_7_ts_b5_cTS_semantic_v2_seed1238_n6000/pos_iv_pos_7_ts_b5_cTS_semantic_v2_seed1238_n6000.db
1238,INSTR_WORD_MOD_SUR|core_mul,120,,0.008333333333333333,2.0,120.0,,/root/arguzz/a4/runs/iv_pos_7/dbs/pos_iv_pos_7_ts_b5_cTS_semantic_v2_seed1238_n6000/pos_iv_pos_7_ts_b5_cTS_semantic_v2_seed1238_n6000.db
1238,INSTR_WORD_MOD_SUR|core_shr,120,,0.03333333333333333,5.0,117.0,,/root/arguzz/a4/runs/iv_pos_7/dbs/pos_iv_pos_7_ts_b5_cTS_semantic_v2_seed1238_n6000/pos_iv_pos_7_ts_b5_cTS_semantic_v2_seed1238_n6000.db
1238,INSTR_WORD_MOD_SUR|kernel_other,120,,0.05,7.0,115.0,,/root/arguzz/a4/runs/iv_pos_7/dbs/pos_iv_pos_7_ts_b5_cTS_semantic_v2_seed1238_n6000/pos_iv_pos_7_ts_b5_cTS_semantic_v2_seed1238_n6000.db
1238,INSTR_WORD_MOD_SUR|post_ecall,120,,0.041666666666666664,6.0,116.0,,/root/arguzz/a4/runs/iv_pos_7/dbs/pos_iv_pos_7_ts_b5_cTS_semantic_v2_seed1238_n6000/pos_iv_pos_7_ts_b5_cTS_semantic_v2_seed1238_n6000.db
1238,LOAD_VAL_MOD|core_memory_load,120,,0.016666666666666666,3.0,119.0,,/root/arguzz/a4/runs/iv_pos_7/dbs/pos_iv_pos_7_ts_b5_cTS_semantic_v2_seed1238_n6000/pos_iv_pos_7_ts_b5_cTS_semantic_v2_seed1238_n6000.db
1238,LOAD_VAL_MOD|post_ecall,120,,0.008333333333333333,2.0,120.0,,/root/arguzz/a4/runs/iv_pos_7/dbs/pos_iv_pos_7_ts_b5_cTS_semantic_v2_seed1238_n6000/pos_iv_pos_7_ts_b5_cTS_semantic_v2_seed1238_n6000.db
1238,MEM_VAL_MOD|core_arithmetic,120,,0.05,7.0,115.0,,/root/arguzz/a4/runs/iv_pos_7/dbs/pos_iv_pos_7_ts_b5_cTS_semantic_v2_seed1238_n6000/pos_iv_pos_7_ts_b5_cTS_semantic_v2_seed1238_n6000.db
1238,MEM_VAL_MOD|core_branch,120,,0.10833333333333334,14.0,108.0,,/root/arguzz/a4/runs/iv_pos_7/dbs/pos_iv_pos_7_ts_b5_cTS_semantic_v2_seed1238_n6000/pos_iv_pos_7_ts_b5_cTS_semantic_v2_seed1238_n6000.db
1238,MEM_VAL_MOD|core_memory_load,120,,0.008333333333333333,2.0,120.0,,/root/arguzz/a4/runs/iv_pos_7/dbs/pos_iv_pos_7_ts_b5_cTS_semantic_v2_seed1238_n6000/pos_iv_pos_7_ts_b5_cTS_semantic_v2_seed1238_n6000.db
1238,MEM_VAL_MOD|core_memory_store,120,,0.016666666666666666,3.0,119.0,,/root/arguzz/a4/runs/iv_pos_7/dbs/pos_iv_pos_7_ts_b5_cTS_semantic_v2_seed1238_n6000/pos_iv_pos_7_ts_b5_cTS_semantic_v2_seed1238_n6000.db
1238,MEM_VAL_MOD|kernel_other,120,,0.075,10.0,112.0,,/root/arguzz/a4/runs/iv_pos_7/dbs/pos_iv_pos_7_ts_b5_cTS_semantic_v2_seed1238_n6000/pos_iv_pos_7_ts_b5_cTS_semantic_v2_seed1238_n6000.db
1238,MEM_VAL_MOD|last_step,121,,0.024793388429752067,4.0,119.0,,/root/arguzz/a4/runs/iv_pos_7/dbs/pos_iv_pos_7_ts_b5_cTS_semantic_v2_seed1238_n6000/pos_iv_pos_7_ts_b5_cTS_semantic_v2_seed1238_n6000.db
1238,MEM_VAL_MOD|post_ecall,120,,0.03333333333333333,5.0,117.0,,/root/arguzz/a4/runs/iv_pos_7/dbs/pos_iv_pos_7_ts_b5_cTS_semantic_v2_seed1238_n6000/pos_iv_pos_7_ts_b5_cTS_semantic_v2_seed1238_n6000.db
1238,MEM_VAL_MOD|pre_ecall,120,,0.08333333333333333,11.0,111.0,,/root/arguzz/a4/runs/iv_pos_7/dbs/pos_iv_pos_7_ts_b5_cTS_semantic_v2_seed1238_n6000/pos_iv_pos_7_ts_b5_cTS_semantic_v2_seed1238_n6000.db
1238,MEM_VAL_MOD|step0,121,,0.024793388429752067,4.0,119.0,,/root/arguzz/a4/runs/iv_pos_7/dbs/pos_iv_pos_7_ts_b5_cTS_semantic_v2_seed1238_n6000/pos_iv_pos_7_ts_b5_cTS_semantic_v2_seed1238_n6000.db
1238,PRE_EXEC_REG_MOD|core_arithmetic,120,,0.11666666666666667,15.0,107.0,,/root/arguzz/a4/runs/iv_pos_7/dbs/pos_iv_pos_7_ts_b5_cTS_semantic_v2_seed1238_n6000/pos_iv_pos_7_ts_b5_cTS_semantic_v2_seed1238_n6000.db
1238,PRE_EXEC_REG_MOD|core_memory_load,120,,0.08333333333333333,11.0,111.0,,/root/arguzz/a4/runs/iv_pos_7/dbs/pos_iv_pos_7_ts_b5_cTS_semantic_v2_seed1238_n6000/pos_iv_pos_7_ts_b5_cTS_semantic_v2_seed1238_n6000.db
1238,PRE_EXEC_REG_MOD|core_memory_store,120,,0.09166666666666666,12.0,110.0,,/root/arguzz/a4/runs/iv_pos_7/dbs/pos_iv_pos_7_ts_b5_cTS_semantic_v2_seed1238_n6000/pos_iv_pos_7_ts_b5_cTS_semantic_v2_seed1238_n6000.db
1238,PRE_EXEC_REG_MOD|core_mul,120,,0.016666666666666666,3.0,119.0,,/root/arguzz/a4/runs/iv_pos_7/dbs/pos_iv_pos_7_ts_b5_cTS_semantic_v2_seed1238_n6000/pos_iv_pos_7_ts_b5_cTS_semantic_v2_seed1238_n6000.db
1238,PRE_EXEC_REG_MOD|core_shr,120,,0.016666666666666666,3.0,119.0,,/root/arguzz/a4/runs/iv_pos_7/dbs/pos_iv_pos_7_ts_b5_cTS_semantic_v2_seed1238_n6000/pos_iv_pos_7_ts_b5_cTS_semantic_v2_seed1238_n6000.db
1238,PRE_EXEC_REG_MOD|kernel_other,120,,0.008333333333333333,2.0,120.0,,/root/arguzz/a4/runs/iv_pos_7/dbs/pos_iv_pos_7_ts_b5_cTS_semantic_v2_seed1238_n6000/pos_iv_pos_7_ts_b5_cTS_semantic_v2_seed1238_n6000.db
1238,PRE_EXEC_REG_MOD|post_ecall,120,,0.1,13.0,109.0,,/root/arguzz/a4/runs/iv_pos_7/dbs/pos_iv_pos_7_ts_b5_cTS_semantic_v2_seed1238_n6000/pos_iv_pos_7_ts_b5_cTS_semantic_v2_seed1238_n6000.db
1238,PRE_EXEC_REG_MOD|step0,121,,0.008264462809917356,2.0,121.0,,/root/arguzz/a4/runs/iv_pos_7/dbs/pos_iv_pos_7_ts_b5_cTS_semantic_v2_seed1238_n6000/pos_iv_pos_7_ts_b5_cTS_semantic_v2_seed1238_n6000.db
1238,STORE_OUT_MOD|core_memory_store,120,,0.008333333333333333,2.0,120.0,,/root/arguzz/a4/runs/iv_pos_7/dbs/pos_iv_pos_7_ts_b5_cTS_semantic_v2_seed1238_n6000/pos_iv_pos_7_ts_b5_cTS_semantic_v2_seed1238_n6000.db
1238,STORE_OUT_MOD|kernel_other,120,,0.008333333333333333,2.0,120.0,,/root/arguzz/a4/runs/iv_pos_7/dbs/pos_iv_pos_7_ts_b5_cTS_semantic_v2_seed1238_n6000/pos_iv_pos_7_ts_b5_cTS_semantic_v2_seed1238_n6000.db
1239,COMP_OUT_MOD|core_arithmetic,121,,0.01652892561983471,3.0,120.0,,/root/arguzz/a4/runs/iv_pos_7/dbs/pos_iv_pos_7_ts_b6_cTS_semantic_v2_seed1239_n6000/pos_iv_pos_7_ts_b6_cTS_semantic_v2_seed1239_n6000.db
1239,COMP_OUT_MOD|core_mul,120,,0.008333333333333333,2.0,120.0,,/root/arguzz/a4/runs/iv_pos_7/dbs/pos_iv_pos_7_ts_b6_cTS_semantic_v2_seed1239_n6000/pos_iv_pos_7_ts_b6_cTS_semantic_v2_seed1239_n6000.db
1239,COMP_OUT_MOD|core_shr,120,,0.008333333333333333,2.0,120.0,,/root/arguzz/a4/runs/iv_pos_7/dbs/pos_iv_pos_7_ts_b6_cTS_semantic_v2_seed1239_n6000/pos_iv_pos_7_ts_b6_cTS_semantic_v2_seed1239_n6000.db
1239,COMP_OUT_MOD|post_ecall,120,,0.025,4.0,118.0,,/root/arguzz/a4/runs/iv_pos_7/dbs/pos_iv_pos_7_ts_b6_cTS_semantic_v2_seed1239_n6000/pos_iv_pos_7_ts_b6_cTS_semantic_v2_seed1239_n6000.db
1239,INSTR_TYPE_MOD|core_arithmetic,141,,0.18439716312056736,27.0,116.0,,/root/arguzz/a4/runs/iv_pos_7/dbs/pos_iv_pos_7_ts_b6_cTS_semantic_v2_seed1239_n6000/pos_iv_pos_7_ts_b6_cTS_semantic_v2_seed1239_n6000.db
1239,INSTR_TYPE_MOD|core_memory_load,120,,0.1,13.0,109.0,,/root/arguzz/a4/runs/iv_pos_7/dbs/pos_iv_pos_7_ts_b6_cTS_semantic_v2_seed1239_n6000/pos_iv_pos_7_ts_b6_cTS_semantic_v2_seed1239_n6000.db
1239,INSTR_TYPE_MOD|core_memory_store,124,,0.14516129032258066,19.0,107.0,,/root/arguzz/a4/runs/iv_pos_7/dbs/pos_iv_pos_7_ts_b6_cTS_semantic_v2_seed1239_n6000/pos_iv_pos_7_ts_b6_cTS_semantic_v2_seed1239_n6000.db
1239,INSTR_TYPE_MOD|core_mul,132,,0.18181818181818182,25.0,109.0,,/root/arguzz/a4/runs/iv_pos_7/dbs/pos_iv_pos_7_ts_b6_cTS_semantic_v2_seed1239_n6000/pos_iv_pos_7_ts_b6_cTS_semantic_v2_seed1239_n6000.db
1239,INSTR_TYPE_MOD|core_shr,135,,0.17037037037037037,24.0,113.0,,/root/arguzz/a4/runs/iv_pos_7/dbs/pos_iv_pos_7_ts_b6_cTS_semantic_v2_seed1239_n6000/pos_iv_pos_7_ts_b6_cTS_semantic_v2_seed1239_n6000.db
1239,INSTR_TYPE_MOD|kernel_other,126,,0.16666666666666666,22.0,106.0,,/root/arguzz/a4/runs/iv_pos_7/dbs/pos_iv_pos_7_ts_b6_cTS_semantic_v2_seed1239_n6000/pos_iv_pos_7_ts_b6_cTS_semantic_v2_seed1239_n6000.db
1239,INSTR_TYPE_MOD|post_ecall,125,,0.128,17.0,110.0,,/root/arguzz/a4/runs/iv_pos_7/dbs/pos_iv_pos_7_ts_b6_cTS_semantic_v2_seed1239_n6000/pos_iv_pos_7_ts_b6_cTS_semantic_v2_seed1239_n6000.db
1239,INSTR_TYPE_MOD|pre_ecall,125,,0.16,21.0,106.0,,/root/arguzz/a4/runs/iv_pos_7/dbs/pos_iv_pos_7_ts_b6_cTS_semantic_v2_seed1239_n6000/pos_iv_pos_7_ts_b6_cTS_semantic_v2_seed1239_n6000.db
1239,INSTR_TYPE_MOD|step0,285,,0.24561403508771928,71.0,216.0,,/root/arguzz/a4/runs/iv_pos_7/dbs/pos_iv_pos_7_ts_b6_cTS_semantic_v2_seed1239_n6000/pos_iv_pos_7_ts_b6_cTS_semantic_v2_seed1239_n6000.db
1239,INSTR_WORD_MOD_FULL|core_arithmetic,120,,0.075,10.0,112.0,,/root/arguzz/a4/runs/iv_pos_7/dbs/pos_iv_pos_7_ts_b6_cTS_semantic_v2_seed1239_n6000/pos_iv_pos_7_ts_b6_cTS_semantic_v2_seed1239_n6000.db
1239,INSTR_WORD_MOD_FULL|core_memory_load,120,,0.025,4.0,118.0,,/root/arguzz/a4/runs/iv_pos_7/dbs/pos_iv_pos_7_ts_b6_cTS_semantic_v2_seed1239_n6000/pos_iv_pos_7_ts_b6_cTS_semantic_v2_seed1239_n6000.db
1239,INSTR_WORD_MOD_FULL|core_memory_store,120,,0.025,4.0,118.0,,/root/arguzz/a4/runs/iv_pos_7/dbs/pos_iv_pos_7_ts_b6_cTS_semantic_v2_seed1239_n6000/pos_iv_pos_7_ts_b6_cTS_semantic_v2_seed1239_n6000.db
1239,INSTR_WORD_MOD_FULL|core_mul,120,,0.03333333333333333,5.0,117.0,,/root/arguzz/a4/runs/iv_pos_7/dbs/pos_iv_pos_7_ts_b6_cTS_semantic_v2_seed1239_n6000/pos_iv_pos_7_ts_b6_cTS_semantic_v2_seed1239_n6000.db
1239,INSTR_WORD_MOD_FULL|core_shr,120,,0.05,7.0,115.0,,/root/arguzz/a4/runs/iv_pos_7/dbs/pos_iv_pos_7_ts_b6_cTS_semantic_v2_seed1239_n6000/pos_iv_pos_7_ts_b6_cTS_semantic_v2_seed1239_n6000.db
1239,INSTR_WORD_MOD_FULL|kernel_other,120,,0.041666666666666664,6.0,116.0,,/root/arguzz/a4/runs/iv_pos_7/dbs/pos_iv_pos_7_ts_b6_cTS_semantic_v2_seed1239_n6000/pos_iv_pos_7_ts_b6_cTS_semantic_v2_seed1239_n6000.db
1239,INSTR_WORD_MOD_FULL|post_ecall,120,,0.041666666666666664,6.0,116.0,,/root/arguzz/a4/runs/iv_pos_7/dbs/pos_iv_pos_7_ts_b6_cTS_semantic_v2_seed1239_n6000/pos_iv_pos_7_ts_b6_cTS_semantic_v2_seed1239_n6000.db
1239,INSTR_WORD_MOD_SUR|core_arithmetic,120,,0.05,7.0,115.0,,/root/arguzz/a4/runs/iv_pos_7/dbs/pos_iv_pos_7_ts_b6_cTS_semantic_v2_seed1239_n6000/pos_iv_pos_7_ts_b6_cTS_semantic_v2_seed1239_n6000.db
1239,INSTR_WORD_MOD_SUR|core_memory_load,120,,0.016666666666666666,3.0,119.0,,/root/arguzz/a4/runs/iv_pos_7/dbs/pos_iv_pos_7_ts_b6_cTS_semantic_v2_seed1239_n6000/pos_iv_pos_7_ts_b6_cTS_semantic_v2_seed1239_n6000.db
1239,INSTR_WORD_MOD_SUR|core_memory_store,120,,0.025,4.0,118.0,,/root/arguzz/a4/runs/iv_pos_7/dbs/pos_iv_pos_7_ts_b6_cTS_semantic_v2_seed1239_n6000/pos_iv_pos_7_ts_b6_cTS_semantic_v2_seed1239_n6000.db
1239,INSTR_WORD_MOD_SUR|core_mul,120,,0.025,4.0,118.0,,/root/arguzz/a4/runs/iv_pos_7/dbs/pos_iv_pos_7_ts_b6_cTS_semantic_v2_seed1239_n6000/pos_iv_pos_7_ts_b6_cTS_semantic_v2_seed1239_n6000.db
1239,INSTR_WORD_MOD_SUR|core_shr,120,,0.016666666666666666,3.0,119.0,,/root/arguzz/a4/runs/iv_pos_7/dbs/pos_iv_pos_7_ts_b6_cTS_semantic_v2_seed1239_n6000/pos_iv_pos_7_ts_b6_cTS_semantic_v2_seed1239_n6000.db
1239,INSTR_WORD_MOD_SUR|kernel_other,120,,0.05,7.0,115.0,,/root/arguzz/a4/runs/iv_pos_7/dbs/pos_iv_pos_7_ts_b6_cTS_semantic_v2_seed1239_n6000/pos_iv_pos_7_ts_b6_cTS_semantic_v2_seed1239_n6000.db
1239,INSTR_WORD_MOD_SUR|post_ecall,120,,0.03333333333333333,5.0,117.0,,/root/arguzz/a4/runs/iv_pos_7/dbs/pos_iv_pos_7_ts_b6_cTS_semantic_v2_seed1239_n6000/pos_iv_pos_7_ts_b6_cTS_semantic_v2_seed1239_n6000.db
1239,LOAD_VAL_MOD|core_memory_load,120,,0.008333333333333333,2.0,120.0,,/root/arguzz/a4/runs/iv_pos_7/dbs/pos_iv_pos_7_ts_b6_cTS_semantic_v2_seed1239_n6000/pos_iv_pos_7_ts_b6_cTS_semantic_v2_seed1239_n6000.db
1239,LOAD_VAL_MOD|post_ecall,120,,0.008333333333333333,2.0,120.0,,/root/arguzz/a4/runs/iv_pos_7/dbs/pos_iv_pos_7_ts_b6_cTS_semantic_v2_seed1239_n6000/pos_iv_pos_7_ts_b6_cTS_semantic_v2_seed1239_n6000.db
1239,MEM_VAL_MOD|core_arithmetic,122,,0.11475409836065574,15.0,109.0,,/root/arguzz/a4/runs/iv_pos_7/dbs/pos_iv_pos_7_ts_b6_cTS_semantic_v2_seed1239_n6000/pos_iv_pos_7_ts_b6_cTS_semantic_v2_seed1239_n6000.db
1239,MEM_VAL_MOD|core_branch,121,,0.11570247933884298,15.0,108.0,,/root/arguzz/a4/runs/iv_pos_7/dbs/pos_iv_pos_7_ts_b6_cTS_semantic_v2_seed1239_n6000/pos_iv_pos_7_ts_b6_cTS_semantic_v2_seed1239_n6000.db
1239,MEM_VAL_MOD|core_memory_load,120,,0.008333333333333333,2.0,120.0,,/root/arguzz/a4/runs/iv_pos_7/dbs/pos_iv_pos_7_ts_b6_cTS_semantic_v2_seed1239_n6000/pos_iv_pos_7_ts_b6_cTS_semantic_v2_seed1239_n6000.db
1239,MEM_VAL_MOD|core_memory_store,120,,0.008333333333333333,2.0,120.0,,/root/arguzz/a4/runs/iv_pos_7/dbs/pos_iv_pos_7_ts_b6_cTS_semantic_v2_seed1239_n6000/pos_iv_pos_7_ts_b6_cTS_semantic_v2_seed1239_n6000.db
1239,MEM_VAL_MOD|kernel_other,120,,0.09166666666666666,12.0,110.0,,/root/arguzz/a4/runs/iv_pos_7/dbs/pos_iv_pos_7_ts_b6_cTS_semantic_v2_seed1239_n6000/pos_iv_pos_7_ts_b6_cTS_semantic_v2_seed1239_n6000.db
1239,MEM_VAL_MOD|last_step,121,,0.01652892561983471,3.0,120.0,,/root/arguzz/a4/runs/iv_pos_7/dbs/pos_iv_pos_7_ts_b6_cTS_semantic_v2_seed1239_n6000/pos_iv_pos_7_ts_b6_cTS_semantic_v2_seed1239_n6000.db
1239,MEM_VAL_MOD|post_ecall,120,,0.03333333333333333,5.0,117.0,,/root/arguzz/a4/runs/iv_pos_7/dbs/pos_iv_pos_7_ts_b6_cTS_semantic_v2_seed1239_n6000/pos_iv_pos_7_ts_b6_cTS_semantic_v2_seed1239_n6000.db
1239,MEM_VAL_MOD|pre_ecall,120,,0.125,16.0,106.0,,/root/arguzz/a4/runs/iv_pos_7/dbs/pos_iv_pos_7_ts_b6_cTS_semantic_v2_seed1239_n6000/pos_iv_pos_7_ts_b6_cTS_semantic_v2_seed1239_n6000.db
1239,MEM_VAL_MOD|step0,121,,0.03305785123966942,5.0,118.0,,/root/arguzz/a4/runs/iv_pos_7/dbs/pos_iv_pos_7_ts_b6_cTS_semantic_v2_seed1239_n6000/pos_iv_pos_7_ts_b6_cTS_semantic_v2_seed1239_n6000.db
1239,PRE_EXEC_REG_MOD|core_arithmetic,120,,0.075,10.0,112.0,,/root/arguzz/a4/runs/iv_pos_7/dbs/pos_iv_pos_7_ts_b6_cTS_semantic_v2_seed1239_n6000/pos_iv_pos_7_ts_b6_cTS_semantic_v2_seed1239_n6000.db
1239,PRE_EXEC_REG_MOD|core_memory_load,120,,0.10833333333333334,14.0,108.0,,/root/arguzz/a4/runs/iv_pos_7/dbs/pos_iv_pos_7_ts_b6_cTS_semantic_v2_seed1239_n6000/pos_iv_pos_7_ts_b6_cTS_semantic_v2_seed1239_n6000.db
1239,PRE_EXEC_REG_MOD|core_memory_store,120,,0.08333333333333333,11.0,111.0,,/root/arguzz/a4/runs/iv_pos_7/dbs/pos_iv_pos_7_ts_b6_cTS_semantic_v2_seed1239_n6000/pos_iv_pos_7_ts_b6_cTS_semantic_v2_seed1239_n6000.db
1239,PRE_EXEC_REG_MOD|core_mul,120,,0.016666666666666666,3.0,119.0,,/root/arguzz/a4/runs/iv_pos_7/dbs/pos_iv_pos_7_ts_b6_cTS_semantic_v2_seed1239_n6000/pos_iv_pos_7_ts_b6_cTS_semantic_v2_seed1239_n6000.db
1239,PRE_EXEC_REG_MOD|core_shr,120,,0.016666666666666666,3.0,119.0,,/root/arguzz/a4/runs/iv_pos_7/dbs/pos_iv_pos_7_ts_b6_cTS_semantic_v2_seed1239_n6000/pos_iv_pos_7_ts_b6_cTS_semantic_v2_seed1239_n6000.db
1239,PRE_EXEC_REG_MOD|kernel_other,120,,0.008333333333333333,2.0,120.0,,/root/arguzz/a4/runs/iv_pos_7/dbs/pos_iv_pos_7_ts_b6_cTS_semantic_v2_seed1239_n6000/pos_iv_pos_7_ts_b6_cTS_semantic_v2_seed1239_n6000.db
1239,PRE_EXEC_REG_MOD|post_ecall,120,,0.10833333333333334,14.0,108.0,,/root/arguzz/a4/runs/iv_pos_7/dbs/pos_iv_pos_7_ts_b6_cTS_semantic_v2_seed1239_n6000/pos_iv_pos_7_ts_b6_cTS_semantic_v2_seed1239_n6000.db
1239,PRE_EXEC_REG_MOD|step0,121,,0.008264462809917356,2.0,121.0,,/root/arguzz/a4/runs/iv_pos_7/dbs/pos_iv_pos_7_ts_b6_cTS_semantic_v2_seed1239_n6000/pos_iv_pos_7_ts_b6_cTS_semantic_v2_seed1239_n6000.db
1239,STORE_OUT_MOD|core_memory_store,120,,0.008333333333333333,2.0,120.0,,/root/arguzz/a4/runs/iv_pos_7/dbs/pos_iv_pos_7_ts_b6_cTS_semantic_v2_seed1239_n6000/pos_iv_pos_7_ts_b6_cTS_semantic_v2_seed1239_n6000.db
1239,STORE_OUT_MOD|kernel_other,120,,0.008333333333333333,2.0,120.0,,/root/arguzz/a4/runs/iv_pos_7/dbs/pos_iv_pos_7_ts_b6_cTS_semantic_v2_seed1239_n6000/pos_iv_pos_7_ts_b6_cTS_semantic_v2_seed1239_n6000.db
1240,COMP_OUT_MOD|core_arithmetic,121,,0.03305785123966942,5.0,118.0,,/root/arguzz/a4/runs/iv_pos_7/dbs/pos_iv_pos_7_ts_b7_cTS_semantic_v2_seed1240_n6000/pos_iv_pos_7_ts_b7_cTS_semantic_v2_seed1240_n6000.db
1240,COMP_OUT_MOD|core_mul,120,,0.008333333333333333,2.0,120.0,,/root/arguzz/a4/runs/iv_pos_7/dbs/pos_iv_pos_7_ts_b7_cTS_semantic_v2_seed1240_n6000/pos_iv_pos_7_ts_b7_cTS_semantic_v2_seed1240_n6000.db
1240,COMP_OUT_MOD|core_shr,120,,0.008333333333333333,2.0,120.0,,/root/arguzz/a4/runs/iv_pos_7/dbs/pos_iv_pos_7_ts_b7_cTS_semantic_v2_seed1240_n6000/pos_iv_pos_7_ts_b7_cTS_semantic_v2_seed1240_n6000.db
1240,COMP_OUT_MOD|post_ecall,120,,0.025,4.0,118.0,,/root/arguzz/a4/runs/iv_pos_7/dbs/pos_iv_pos_7_ts_b7_cTS_semantic_v2_seed1240_n6000/pos_iv_pos_7_ts_b7_cTS_semantic_v2_seed1240_n6000.db
1240,INSTR_TYPE_MOD|core_arithmetic,124,,0.1532258064516129,20.0,106.0,,/root/arguzz/a4/runs/iv_pos_7/dbs/pos_iv_pos_7_ts_b7_cTS_semantic_v2_seed1240_n6000/pos_iv_pos_7_ts_b7_cTS_semantic_v2_seed1240_n6000.db
1240,INSTR_TYPE_MOD|core_memory_load,123,,0.14634146341463414,19.0,106.0,,/root/arguzz/a4/runs/iv_pos_7/dbs/pos_iv_pos_7_ts_b7_cTS_semantic_v2_seed1240_n6000/pos_iv_pos_7_ts_b7_cTS_semantic_v2_seed1240_n6000.db
1240,INSTR_TYPE_MOD|core_memory_store,133,,0.15789473684210525,22.0,113.0,,/root/arguzz/a4/runs/iv_pos_7/dbs/pos_iv_pos_7_ts_b7_cTS_semantic_v2_seed1240_n6000/pos_iv_pos_7_ts_b7_cTS_semantic_v2_seed1240_n6000.db
1240,INSTR_TYPE_MOD|core_mul,127,,0.15748031496062992,21.0,108.0,,/root/arguzz/a4/runs/iv_pos_7/dbs/pos_iv_pos_7_ts_b7_cTS_semantic_v2_seed1240_n6000/pos_iv_pos_7_ts_b7_cTS_semantic_v2_seed1240_n6000.db
1240,INSTR_TYPE_MOD|core_shr,123,,0.13821138211382114,18.0,107.0,,/root/arguzz/a4/runs/iv_pos_7/dbs/pos_iv_pos_7_ts_b7_cTS_semantic_v2_seed1240_n6000/pos_iv_pos_7_ts_b7_cTS_semantic_v2_seed1240_n6000.db
1240,INSTR_TYPE_MOD|kernel_other,135,,0.18518518518518517,26.0,111.0,,/root/arguzz/a4/runs/iv_pos_7/dbs/pos_iv_pos_7_ts_b7_cTS_semantic_v2_seed1240_n6000/pos_iv_pos_7_ts_b7_cTS_semantic_v2_seed1240_n6000.db
1240,INSTR_TYPE_MOD|post_ecall,134,,0.15671641791044777,22.0,114.0,,/root/arguzz/a4/runs/iv_pos_7/dbs/pos_iv_pos_7_ts_b7_cTS_semantic_v2_seed1240_n6000/pos_iv_pos_7_ts_b7_cTS_semantic_v2_seed1240_n6000.db
1240,INSTR_TYPE_MOD|pre_ecall,121,,0.18181818181818182,23.0,100.0,,/root/arguzz/a4/runs/iv_pos_7/dbs/pos_iv_pos_7_ts_b7_cTS_semantic_v2_seed1240_n6000/pos_iv_pos_7_ts_b7_cTS_semantic_v2_seed1240_n6000.db
1240,INSTR_TYPE_MOD|step0,292,,0.2328767123287671,69.0,225.0,,/root/arguzz/a4/runs/iv_pos_7/dbs/pos_iv_pos_7_ts_b7_cTS_semantic_v2_seed1240_n6000/pos_iv_pos_7_ts_b7_cTS_semantic_v2_seed1240_n6000.db
1240,INSTR_WORD_MOD_FULL|core_arithmetic,120,,0.041666666666666664,6.0,116.0,,/root/arguzz/a4/runs/iv_pos_7/dbs/pos_iv_pos_7_ts_b7_cTS_semantic_v2_seed1240_n6000/pos_iv_pos_7_ts_b7_cTS_semantic_v2_seed1240_n6000.db
1240,INSTR_WORD_MOD_FULL|core_memory_load,120,,0.008333333333333333,2.0,120.0,,/root/arguzz/a4/runs/iv_pos_7/dbs/pos_iv_pos_7_ts_b7_cTS_semantic_v2_seed1240_n6000/pos_iv_pos_7_ts_b7_cTS_semantic_v2_seed1240_n6000.db
1240,INSTR_WORD_MOD_FULL|core_memory_store,120,,0.041666666666666664,6.0,116.0,,/root/arguzz/a4/runs/iv_pos_7/dbs/pos_iv_pos_7_ts_b7_cTS_semantic_v2_seed1240_n6000/pos_iv_pos_7_ts_b7_cTS_semantic_v2_seed1240_n6000.db
1240,INSTR_WORD_MOD_FULL|core_mul,120,,0.016666666666666666,3.0,119.0,,/root/arguzz/a4/runs/iv_pos_7/dbs/pos_iv_pos_7_ts_b7_cTS_semantic_v2_seed1240_n6000/pos_iv_pos_7_ts_b7_cTS_semantic_v2_seed1240_n6000.db
1240,INSTR_WORD_MOD_FULL|core_shr,120,,0.025,4.0,118.0,,/root/arguzz/a4/runs/iv_pos_7/dbs/pos_iv_pos_7_ts_b7_cTS_semantic_v2_seed1240_n6000/pos_iv_pos_7_ts_b7_cTS_semantic_v2_seed1240_n6000.db
1240,INSTR_WORD_MOD_FULL|kernel_other,120,,0.08333333333333333,11.0,111.0,,/root/arguzz/a4/runs/iv_pos_7/dbs/pos_iv_pos_7_ts_b7_cTS_semantic_v2_seed1240_n6000/pos_iv_pos_7_ts_b7_cTS_semantic_v2_seed1240_n6000.db
1240,INSTR_WORD_MOD_FULL|post_ecall,120,,0.058333333333333334,8.0,114.0,,/root/arguzz/a4/runs/iv_pos_7/dbs/pos_iv_pos_7_ts_b7_cTS_semantic_v2_seed1240_n6000/pos_iv_pos_7_ts_b7_cTS_semantic_v2_seed1240_n6000.db
1240,INSTR_WORD_MOD_SUR|core_arithmetic,120,,0.058333333333333334,8.0,114.0,,/root/arguzz/a4/runs/iv_pos_7/dbs/pos_iv_pos_7_ts_b7_cTS_semantic_v2_seed1240_n6000/pos_iv_pos_7_ts_b7_cTS_semantic_v2_seed1240_n6000.db
1240,INSTR_WORD_MOD_SUR|core_memory_load,120,,0.008333333333333333,2.0,120.0,,/root/arguzz/a4/runs/iv_pos_7/dbs/pos_iv_pos_7_ts_b7_cTS_semantic_v2_seed1240_n6000/pos_iv_pos_7_ts_b7_cTS_semantic_v2_seed1240_n6000.db
1240,INSTR_WORD_MOD_SUR|core_memory_store,120,,0.016666666666666666,3.0,119.0,,/root/arguzz/a4/runs/iv_pos_7/dbs/pos_iv_pos_7_ts_b7_cTS_semantic_v2_seed1240_n6000/pos_iv_pos_7_ts_b7_cTS_semantic_v2_seed1240_n6000.db
1240,INSTR_WORD_MOD_SUR|core_mul,120,,0.03333333333333333,5.0,117.0,,/root/arguzz/a4/runs/iv_pos_7/dbs/pos_iv_pos_7_ts_b7_cTS_semantic_v2_seed1240_n6000/pos_iv_pos_7_ts_b7_cTS_semantic_v2_seed1240_n6000.db
1240,INSTR_WORD_MOD_SUR|core_shr,120,,0.016666666666666666,3.0,119.0,,/root/arguzz/a4/runs/iv_pos_7/dbs/pos_iv_pos_7_ts_b7_cTS_semantic_v2_seed1240_n6000/pos_iv_pos_7_ts_b7_cTS_semantic_v2_seed1240_n6000.db
1240,INSTR_WORD_MOD_SUR|kernel_other,120,,0.06666666666666667,9.0,113.0,,/root/arguzz/a4/runs/iv_pos_7/dbs/pos_iv_pos_7_ts_b7_cTS_semantic_v2_seed1240_n6000/pos_iv_pos_7_ts_b7_cTS_semantic_v2_seed1240_n6000.db
1240,INSTR_WORD_MOD_SUR|post_ecall,120,,0.03333333333333333,5.0,117.0,,/root/arguzz/a4/runs/iv_pos_7/dbs/pos_iv_pos_7_ts_b7_cTS_semantic_v2_seed1240_n6000/pos_iv_pos_7_ts_b7_cTS_semantic_v2_seed1240_n6000.db
1240,LOAD_VAL_MOD|core_memory_load,120,,0.016666666666666666,3.0,119.0,,/root/arguzz/a4/runs/iv_pos_7/dbs/pos_iv_pos_7_ts_b7_cTS_semantic_v2_seed1240_n6000/pos_iv_pos_7_ts_b7_cTS_semantic_v2_seed1240_n6000.db
1240,LOAD_VAL_MOD|post_ecall,120,,0.008333333333333333,2.0,120.0,,/root/arguzz/a4/runs/iv_pos_7/dbs/pos_iv_pos_7_ts_b7_cTS_semantic_v2_seed1240_n6000/pos_iv_pos_7_ts_b7_cTS_semantic_v2_seed1240_n6000.db
1240,MEM_VAL_MOD|core_arithmetic,120,,0.075,10.0,112.0,,/root/arguzz/a4/runs/iv_pos_7/dbs/pos_iv_pos_7_ts_b7_cTS_semantic_v2_seed1240_n6000/pos_iv_pos_7_ts_b7_cTS_semantic_v2_seed1240_n6000.db
1240,MEM_VAL_MOD|core_branch,120,,0.125,16.0,106.0,,/root/arguzz/a4/runs/iv_pos_7/dbs/pos_iv_pos_7_ts_b7_cTS_semantic_v2_seed1240_n6000/pos_iv_pos_7_ts_b7_cTS_semantic_v2_seed1240_n6000.db
1240,MEM_VAL_MOD|core_memory_load,120,,0.008333333333333333,2.0,120.0,,/root/arguzz/a4/runs/iv_pos_7/dbs/pos_iv_pos_7_ts_b7_cTS_semantic_v2_seed1240_n6000/pos_iv_pos_7_ts_b7_cTS_semantic_v2_seed1240_n6000.db
1240,MEM_VAL_MOD|core_memory_store,120,,0.008333333333333333,2.0,120.0,,/root/arguzz/a4/runs/iv_pos_7/dbs/pos_iv_pos_7_ts_b7_cTS_semantic_v2_seed1240_n6000/pos_iv_pos_7_ts_b7_cTS_semantic_v2_seed1240_n6000.db
1240,MEM_VAL_MOD|kernel_other,122,,0.10655737704918032,14.0,110.0,,/root/arguzz/a4/runs/iv_pos_7/dbs/pos_iv_pos_7_ts_b7_cTS_semantic_v2_seed1240_n6000/pos_iv_pos_7_ts_b7_cTS_semantic_v2_seed1240_n6000.db
1240,MEM_VAL_MOD|last_step,121,,0.03305785123966942,5.0,118.0,,/root/arguzz/a4/runs/iv_pos_7/dbs/pos_iv_pos_7_ts_b7_cTS_semantic_v2_seed1240_n6000/pos_iv_pos_7_ts_b7_cTS_semantic_v2_seed1240_n6000.db
1240,MEM_VAL_MOD|post_ecall,120,,0.041666666666666664,6.0,116.0,,/root/arguzz/a4/runs/iv_pos_7/dbs/pos_iv_pos_7_ts_b7_cTS_semantic_v2_seed1240_n6000/pos_iv_pos_7_ts_b7_cTS_semantic_v2_seed1240_n6000.db
1240,MEM_VAL_MOD|pre_ecall,120,,0.10833333333333334,14.0,108.0,,/root/arguzz/a4/runs/iv_pos_7/dbs/pos_iv_pos_7_ts_b7_cTS_semantic_v2_seed1240_n6000/pos_iv_pos_7_ts_b7_cTS_semantic_v2_seed1240_n6000.db
1240,MEM_VAL_MOD|step0,121,,0.024793388429752067,4.0,119.0,,/root/arguzz/a4/runs/iv_pos_7/dbs/pos_iv_pos_7_ts_b7_cTS_semantic_v2_seed1240_n6000/pos_iv_pos_7_ts_b7_cTS_semantic_v2_seed1240_n6000.db
1240,PRE_EXEC_REG_MOD|core_arithmetic,120,,0.075,10.0,112.0,,/root/arguzz/a4/runs/iv_pos_7/dbs/pos_iv_pos_7_ts_b7_cTS_semantic_v2_seed1240_n6000/pos_iv_pos_7_ts_b7_cTS_semantic_v2_seed1240_n6000.db
1240,PRE_EXEC_REG_MOD|core_memory_load,121,,0.14049586776859505,18.0,105.0,,/root/arguzz/a4/runs/iv_pos_7/dbs/pos_iv_pos_7_ts_b7_cTS_semantic_v2_seed1240_n6000/pos_iv_pos_7_ts_b7_cTS_semantic_v2_seed1240_n6000.db
1240,PRE_EXEC_REG_MOD|core_memory_store,121,,0.06611570247933884,9.0,114.0,,/root/arguzz/a4/runs/iv_pos_7/dbs/pos_iv_pos_7_ts_b7_cTS_semantic_v2_seed1240_n6000/pos_iv_pos_7_ts_b7_cTS_semantic_v2_seed1240_n6000.db
1240,PRE_EXEC_REG_MOD|core_mul,120,,0.016666666666666666,3.0,119.0,,/root/arguzz/a4/runs/iv_pos_7/dbs/pos_iv_pos_7_ts_b7_cTS_semantic_v2_seed1240_n6000/pos_iv_pos_7_ts_b7_cTS_semantic_v2_seed1240_n6000.db
1240,PRE_EXEC_REG_MOD|core_shr,120,,0.008333333333333333,2.0,120.0,,/root/arguzz/a4/runs/iv_pos_7/dbs/pos_iv_pos_7_ts_b7_cTS_semantic_v2_seed1240_n6000/pos_iv_pos_7_ts_b7_cTS_semantic_v2_seed1240_n6000.db
1240,PRE_EXEC_REG_MOD|kernel_other,120,,0.008333333333333333,2.0,120.0,,/root/arguzz/a4/runs/iv_pos_7/dbs/pos_iv_pos_7_ts_b7_cTS_semantic_v2_seed1240_n6000/pos_iv_pos_7_ts_b7_cTS_semantic_v2_seed1240_n6000.db
1240,PRE_EXEC_REG_MOD|post_ecall,120,,0.06666666666666667,9.0,113.0,,/root/arguzz/a4/runs/iv_pos_7/dbs/pos_iv_pos_7_ts_b7_cTS_semantic_v2_seed1240_n6000/pos_iv_pos_7_ts_b7_cTS_semantic_v2_seed1240_n6000.db
1240,PRE_EXEC_REG_MOD|step0,121,,0.008264462809917356,2.0,121.0,,/root/arguzz/a4/runs/iv_pos_7/dbs/pos_iv_pos_7_ts_b7_cTS_semantic_v2_seed1240_n6000/pos_iv_pos_7_ts_b7_cTS_semantic_v2_seed1240_n6000.db
1240,STORE_OUT_MOD|core_memory_store,120,,0.008333333333333333,2.0,120.0,,/root/arguzz/a4/runs/iv_pos_7/dbs/pos_iv_pos_7_ts_b7_cTS_semantic_v2_seed1240_n6000/pos_iv_pos_7_ts_b7_cTS_semantic_v2_seed1240_n6000.db
1240,STORE_OUT_MOD|kernel_other,120,,0.008333333333333333,2.0,120.0,,/root/arguzz/a4/runs/iv_pos_7/dbs/pos_iv_pos_7_ts_b7_cTS_semantic_v2_seed1240_n6000/pos_iv_pos_7_ts_b7_cTS_semantic_v2_seed1240_n6000.db
1241,COMP_OUT_MOD|core_arithmetic,121,,0.01652892561983471,3.0,120.0,,/root/arguzz/a4/runs/iv_pos_7/dbs/pos_iv_pos_7_ta_b4_cTS_semantic_v2_seed1241_n6000/pos_iv_pos_7_ta_b4_cTS_semantic_v2_seed1241_n6000.db
1241,COMP_OUT_MOD|core_mul,120,,0.008333333333333333,2.0,120.0,,/root/arguzz/a4/runs/iv_pos_7/dbs/pos_iv_pos_7_ta_b4_cTS_semantic_v2_seed1241_n6000/pos_iv_pos_7_ta_b4_cTS_semantic_v2_seed1241_n6000.db
1241,COMP_OUT_MOD|core_shr,120,,0.008333333333333333,2.0,120.0,,/root/arguzz/a4/runs/iv_pos_7/dbs/pos_iv_pos_7_ta_b4_cTS_semantic_v2_seed1241_n6000/pos_iv_pos_7_ta_b4_cTS_semantic_v2_seed1241_n6000.db
1241,COMP_OUT_MOD|post_ecall,120,,0.016666666666666666,3.0,119.0,,/root/arguzz/a4/runs/iv_pos_7/dbs/pos_iv_pos_7_ta_b4_cTS_semantic_v2_seed1241_n6000/pos_iv_pos_7_ta_b4_cTS_semantic_v2_seed1241_n6000.db
1241,INSTR_TYPE_MOD|core_arithmetic,126,,0.16666666666666666,22.0,106.0,,/root/arguzz/a4/runs/iv_pos_7/dbs/pos_iv_pos_7_ta_b4_cTS_semantic_v2_seed1241_n6000/pos_iv_pos_7_ta_b4_cTS_semantic_v2_seed1241_n6000.db
1241,INSTR_TYPE_MOD|core_memory_load,122,,0.13934426229508196,18.0,106.0,,/root/arguzz/a4/runs/iv_pos_7/dbs/pos_iv_pos_7_ta_b4_cTS_semantic_v2_seed1241_n6000/pos_iv_pos_7_ta_b4_cTS_semantic_v2_seed1241_n6000.db
1241,INSTR_TYPE_MOD|core_memory_store,147,,0.19047619047619047,29.0,120.0,,/root/arguzz/a4/runs/iv_pos_7/dbs/pos_iv_pos_7_ta_b4_cTS_semantic_v2_seed1241_n6000/pos_iv_pos_7_ta_b4_cTS_semantic_v2_seed1241_n6000.db
1241,INSTR_TYPE_MOD|core_mul,126,,0.18253968253968253,24.0,104.0,,/root/arguzz/a4/runs/iv_pos_7/dbs/pos_iv_pos_7_ta_b4_cTS_semantic_v2_seed1241_n6000/pos_iv_pos_7_ta_b4_cTS_semantic_v2_seed1241_n6000.db
1241,INSTR_TYPE_MOD|core_shr,125,,0.152,20.0,107.0,,/root/arguzz/a4/runs/iv_pos_7/dbs/pos_iv_pos_7_ta_b4_cTS_semantic_v2_seed1241_n6000/pos_iv_pos_7_ta_b4_cTS_semantic_v2_seed1241_n6000.db
1241,INSTR_TYPE_MOD|kernel_other,154,,0.22727272727272727,36.0,120.0,,/root/arguzz/a4/runs/iv_pos_7/dbs/pos_iv_pos_7_ta_b4_cTS_semantic_v2_seed1241_n6000/pos_iv_pos_7_ta_b4_cTS_semantic_v2_seed1241_n6000.db
1241,INSTR_TYPE_MOD|post_ecall,126,,0.15873015873015872,21.0,107.0,,/root/arguzz/a4/runs/iv_pos_7/dbs/pos_iv_pos_7_ta_b4_cTS_semantic_v2_seed1241_n6000/pos_iv_pos_7_ta_b4_cTS_semantic_v2_seed1241_n6000.db
1241,INSTR_TYPE_MOD|pre_ecall,127,,0.18110236220472442,24.0,105.0,,/root/arguzz/a4/runs/iv_pos_7/dbs/pos_iv_pos_7_ta_b4_cTS_semantic_v2_seed1241_n6000/pos_iv_pos_7_ta_b4_cTS_semantic_v2_seed1241_n6000.db
1241,INSTR_TYPE_MOD|step0,258,,0.2558139534883721,67.0,193.0,,/root/arguzz/a4/runs/iv_pos_7/dbs/pos_iv_pos_7_ta_b4_cTS_semantic_v2_seed1241_n6000/pos_iv_pos_7_ta_b4_cTS_semantic_v2_seed1241_n6000.db
1241,INSTR_WORD_MOD_FULL|core_arithmetic,120,,0.05,7.0,115.0,,/root/arguzz/a4/runs/iv_pos_7/dbs/pos_iv_pos_7_ta_b4_cTS_semantic_v2_seed1241_n6000/pos_iv_pos_7_ta_b4_cTS_semantic_v2_seed1241_n6000.db
1241,INSTR_WORD_MOD_FULL|core_memory_load,120,,0.025,4.0,118.0,,/root/arguzz/a4/runs/iv_pos_7/dbs/pos_iv_pos_7_ta_b4_cTS_semantic_v2_seed1241_n6000/pos_iv_pos_7_ta_b4_cTS_semantic_v2_seed1241_n6000.db
1241,INSTR_WORD_MOD_FULL|core_memory_store,120,,0.058333333333333334,8.0,114.0,,/root/arguzz/a4/runs/iv_pos_7/dbs/pos_iv_pos_7_ta_b4_cTS_semantic_v2_seed1241_n6000/pos_iv_pos_7_ta_b4_cTS_semantic_v2_seed1241_n6000.db
1241,INSTR_WORD_MOD_FULL|core_mul,120,,0.03333333333333333,5.0,117.0,,/root/arguzz/a4/runs/iv_pos_7/dbs/pos_iv_pos_7_ta_b4_cTS_semantic_v2_seed1241_n6000/pos_iv_pos_7_ta_b4_cTS_semantic_v2_seed1241_n6000.db
1241,INSTR_WORD_MOD_FULL|core_shr,120,,0.03333333333333333,5.0,117.0,,/root/arguzz/a4/runs/iv_pos_7/dbs/pos_iv_pos_7_ta_b4_cTS_semantic_v2_seed1241_n6000/pos_iv_pos_7_ta_b4_cTS_semantic_v2_seed1241_n6000.db
1241,INSTR_WORD_MOD_FULL|kernel_other,120,,0.03333333333333333,5.0,117.0,,/root/arguzz/a4/runs/iv_pos_7/dbs/pos_iv_pos_7_ta_b4_cTS_semantic_v2_seed1241_n6000/pos_iv_pos_7_ta_b4_cTS_semantic_v2_seed1241_n6000.db
1241,INSTR_WORD_MOD_FULL|post_ecall,120,,0.05,7.0,115.0,,/root/arguzz/a4/runs/iv_pos_7/dbs/pos_iv_pos_7_ta_b4_cTS_semantic_v2_seed1241_n6000/pos_iv_pos_7_ta_b4_cTS_semantic_v2_seed1241_n6000.db
1241,INSTR_WORD_MOD_SUR|core_arithmetic,120,,0.058333333333333334,8.0,114.0,,/root/arguzz/a4/runs/iv_pos_7/dbs/pos_iv_pos_7_ta_b4_cTS_semantic_v2_seed1241_n6000/pos_iv_pos_7_ta_b4_cTS_semantic_v2_seed1241_n6000.db
1241,INSTR_WORD_MOD_SUR|core_memory_load,120,,0.008333333333333333,2.0,120.0,,/root/arguzz/a4/runs/iv_pos_7/dbs/pos_iv_pos_7_ta_b4_cTS_semantic_v2_seed1241_n6000/pos_iv_pos_7_ta_b4_cTS_semantic_v2_seed1241_n6000.db
1241,INSTR_WORD_MOD_SUR|core_memory_store,120,,0.016666666666666666,3.0,119.0,,/root/arguzz/a4/runs/iv_pos_7/dbs/pos_iv_pos_7_ta_b4_cTS_semantic_v2_seed1241_n6000/pos_iv_pos_7_ta_b4_cTS_semantic_v2_seed1241_n6000.db
1241,INSTR_WORD_MOD_SUR|core_mul,120,,0.025,4.0,118.0,,/root/arguzz/a4/runs/iv_pos_7/dbs/pos_iv_pos_7_ta_b4_cTS_semantic_v2_seed1241_n6000/pos_iv_pos_7_ta_b4_cTS_semantic_v2_seed1241_n6000.db
1241,INSTR_WORD_MOD_SUR|core_shr,120,,0.008333333333333333,2.0,120.0,,/root/arguzz/a4/runs/iv_pos_7/dbs/pos_iv_pos_7_ta_b4_cTS_semantic_v2_seed1241_n6000/pos_iv_pos_7_ta_b4_cTS_semantic_v2_seed1241_n6000.db
1241,INSTR_WORD_MOD_SUR|kernel_other,120,,0.041666666666666664,6.0,116.0,,/root/arguzz/a4/runs/iv_pos_7/dbs/pos_iv_pos_7_ta_b4_cTS_semantic_v2_seed1241_n6000/pos_iv_pos_7_ta_b4_cTS_semantic_v2_seed1241_n6000.db
1241,INSTR_WORD_MOD_SUR|post_ecall,120,,0.03333333333333333,5.0,117.0,,/root/arguzz/a4/runs/iv_pos_7/dbs/pos_iv_pos_7_ta_b4_cTS_semantic_v2_seed1241_n6000/pos_iv_pos_7_ta_b4_cTS_semantic_v2_seed1241_n6000.db
1241,LOAD_VAL_MOD|core_memory_load,120,,0.016666666666666666,3.0,119.0,,/root/arguzz/a4/runs/iv_pos_7/dbs/pos_iv_pos_7_ta_b4_cTS_semantic_v2_seed1241_n6000/pos_iv_pos_7_ta_b4_cTS_semantic_v2_seed1241_n6000.db
1241,LOAD_VAL_MOD|post_ecall,120,,0.008333333333333333,2.0,120.0,,/root/arguzz/a4/runs/iv_pos_7/dbs/pos_iv_pos_7_ta_b4_cTS_semantic_v2_seed1241_n6000/pos_iv_pos_7_ta_b4_cTS_semantic_v2_seed1241_n6000.db
1241,MEM_VAL_MOD|core_arithmetic,120,,0.13333333333333333,17.0,105.0,,/root/arguzz/a4/runs/iv_pos_7/dbs/pos_iv_pos_7_ta_b4_cTS_semantic_v2_seed1241_n6000/pos_iv_pos_7_ta_b4_cTS_semantic_v2_seed1241_n6000.db
1241,MEM_VAL_MOD|core_branch,120,,0.125,16.0,106.0,,/root/arguzz/a4/runs/iv_pos_7/dbs/pos_iv_pos_7_ta_b4_cTS_semantic_v2_seed1241_n6000/pos_iv_pos_7_ta_b4_cTS_semantic_v2_seed1241_n6000.db
1241,MEM_VAL_MOD|core_memory_load,120,,0.008333333333333333,2.0,120.0,,/root/arguzz/a4/runs/iv_pos_7/dbs/pos_iv_pos_7_ta_b4_cTS_semantic_v2_seed1241_n6000/pos_iv_pos_7_ta_b4_cTS_semantic_v2_seed1241_n6000.db
1241,MEM_VAL_MOD|core_memory_store,120,,0.008333333333333333,2.0,120.0,,/root/arguzz/a4/runs/iv_pos_7/dbs/pos_iv_pos_7_ta_b4_cTS_semantic_v2_seed1241_n6000/pos_iv_pos_7_ta_b4_cTS_semantic_v2_seed1241_n6000.db
1241,MEM_VAL_MOD|kernel_other,121,,0.09917355371900827,13.0,110.0,,/root/arguzz/a4/runs/iv_pos_7/dbs/pos_iv_pos_7_ta_b4_cTS_semantic_v2_seed1241_n6000/pos_iv_pos_7_ta_b4_cTS_semantic_v2_seed1241_n6000.db
1241,MEM_VAL_MOD|last_step,121,,0.01652892561983471,3.0,120.0,,/root/arguzz/a4/runs/iv_pos_7/dbs/pos_iv_pos_7_ta_b4_cTS_semantic_v2_seed1241_n6000/pos_iv_pos_7_ta_b4_cTS_semantic_v2_seed1241_n6000.db
1241,MEM_VAL_MOD|post_ecall,120,,0.03333333333333333,5.0,117.0,,/root/arguzz/a4/runs/iv_pos_7/dbs/pos_iv_pos_7_ta_b4_cTS_semantic_v2_seed1241_n6000/pos_iv_pos_7_ta_b4_cTS_semantic_v2_seed1241_n6000.db
1241,MEM_VAL_MOD|pre_ecall,121,,0.14049586776859505,18.0,105.0,,/root/arguzz/a4/runs/iv_pos_7/dbs/pos_iv_pos_7_ta_b4_cTS_semantic_v2_seed1241_n6000/pos_iv_pos_7_ta_b4_cTS_semantic_v2_seed1241_n6000.db
1241,MEM_VAL_MOD|step0,121,,0.024793388429752067,4.0,119.0,,/root/arguzz/a4/runs/iv_pos_7/dbs/pos_iv_pos_7_ta_b4_cTS_semantic_v2_seed1241_n6000/pos_iv_pos_7_ta_b4_cTS_semantic_v2_seed1241_n6000.db
1241,PRE_EXEC_REG_MOD|core_arithmetic,120,,0.06666666666666667,9.0,113.0,,/root/arguzz/a4/runs/iv_pos_7/dbs/pos_iv_pos_7_ta_b4_cTS_semantic_v2_seed1241_n6000/pos_iv_pos_7_ta_b4_cTS_semantic_v2_seed1241_n6000.db
1241,PRE_EXEC_REG_MOD|core_memory_load,123,,0.16260162601626016,21.0,104.0,,/root/arguzz/a4/runs/iv_pos_7/dbs/pos_iv_pos_7_ta_b4_cTS_semantic_v2_seed1241_n6000/pos_iv_pos_7_ta_b4_cTS_semantic_v2_seed1241_n6000.db
1241,PRE_EXEC_REG_MOD|core_memory_store,120,,0.058333333333333334,8.0,114.0,,/root/arguzz/a4/runs/iv_pos_7/dbs/pos_iv_pos_7_ta_b4_cTS_semantic_v2_seed1241_n6000/pos_iv_pos_7_ta_b4_cTS_semantic_v2_seed1241_n6000.db
1241,PRE_EXEC_REG_MOD|core_mul,120,,0.016666666666666666,3.0,119.0,,/root/arguzz/a4/runs/iv_pos_7/dbs/pos_iv_pos_7_ta_b4_cTS_semantic_v2_seed1241_n6000/pos_iv_pos_7_ta_b4_cTS_semantic_v2_seed1241_n6000.db
1241,PRE_EXEC_REG_MOD|core_shr,120,,0.008333333333333333,2.0,120.0,,/root/arguzz/a4/runs/iv_pos_7/dbs/pos_iv_pos_7_ta_b4_cTS_semantic_v2_seed1241_n6000/pos_iv_pos_7_ta_b4_cTS_semantic_v2_seed1241_n6000.db
1241,PRE_EXEC_REG_MOD|kernel_other,120,,0.008333333333333333,2.0,120.0,,/root/arguzz/a4/runs/iv_pos_7/dbs/pos_iv_pos_7_ta_b4_cTS_semantic_v2_seed1241_n6000/pos_iv_pos_7_ta_b4_cTS_semantic_v2_seed1241_n6000.db
1241,PRE_EXEC_REG_MOD|post_ecall,120,,0.10833333333333334,14.0,108.0,,/root/arguzz/a4/runs/iv_pos_7/dbs/pos_iv_pos_7_ta_b4_cTS_semantic_v2_seed1241_n6000/pos_iv_pos_7_ta_b4_cTS_semantic_v2_seed1241_n6000.db
1241,PRE_EXEC_REG_MOD|step0,121,,0.008264462809917356,2.0,121.0,,/root/arguzz/a4/runs/iv_pos_7/dbs/pos_iv_pos_7_ta_b4_cTS_semantic_v2_seed1241_n6000/pos_iv_pos_7_ta_b4_cTS_semantic_v2_seed1241_n6000.db
1241,STORE_OUT_MOD|core_memory_store,120,,0.016666666666666666,3.0,119.0,,/root/arguzz/a4/runs/iv_pos_7/dbs/pos_iv_pos_7_ta_b4_cTS_semantic_v2_seed1241_n6000/pos_iv_pos_7_ta_b4_cTS_semantic_v2_seed1241_n6000.db
1241,STORE_OUT_MOD|kernel_other,120,,0.008333333333333333,2.0,120.0,,/root/arguzz/a4/runs/iv_pos_7/dbs/pos_iv_pos_7_ta_b4_cTS_semantic_v2_seed1241_n6000/pos_iv_pos_7_ta_b4_cTS_semantic_v2_seed1241_n6000.db
1242,COMP_OUT_MOD|core_arithmetic,121,,0.024793388429752067,4.0,119.0,,/root/arguzz/a4/runs/iv_pos_7/dbs/pos_iv_pos_7_ta_b5_cTS_semantic_v2_seed1242_n6000/pos_iv_pos_7_ta_b5_cTS_semantic_v2_seed1242_n6000.db
1242,COMP_OUT_MOD|core_mul,120,,0.008333333333333333,2.0,120.0,,/root/arguzz/a4/runs/iv_pos_7/dbs/pos_iv_pos_7_ta_b5_cTS_semantic_v2_seed1242_n6000/pos_iv_pos_7_ta_b5_cTS_semantic_v2_seed1242_n6000.db
1242,COMP_OUT_MOD|core_shr,120,,0.016666666666666666,3.0,119.0,,/root/arguzz/a4/runs/iv_pos_7/dbs/pos_iv_pos_7_ta_b5_cTS_semantic_v2_seed1242_n6000/pos_iv_pos_7_ta_b5_cTS_semantic_v2_seed1242_n6000.db
1242,COMP_OUT_MOD|post_ecall,120,,0.008333333333333333,2.0,120.0,,/root/arguzz/a4/runs/iv_pos_7/dbs/pos_iv_pos_7_ta_b5_cTS_semantic_v2_seed1242_n6000/pos_iv_pos_7_ta_b5_cTS_semantic_v2_seed1242_n6000.db
1242,INSTR_TYPE_MOD|core_arithmetic,139,,0.2014388489208633,29.0,112.0,,/root/arguzz/a4/runs/iv_pos_7/dbs/pos_iv_pos_7_ta_b5_cTS_semantic_v2_seed1242_n6000/pos_iv_pos_7_ta_b5_cTS_semantic_v2_seed1242_n6000.db
1242,INSTR_TYPE_MOD|core_memory_load,120,,0.125,16.0,106.0,,/root/arguzz/a4/runs/iv_pos_7/dbs/pos_iv_pos_7_ta_b5_cTS_semantic_v2_seed1242_n6000/pos_iv_pos_7_ta_b5_cTS_semantic_v2_seed1242_n6000.db
1242,INSTR_TYPE_MOD|core_memory_store,129,,0.17829457364341086,24.0,107.0,,/root/arguzz/a4/runs/iv_pos_7/dbs/pos_iv_pos_7_ta_b5_cTS_semantic_v2_seed1242_n6000/pos_iv_pos_7_ta_b5_cTS_semantic_v2_seed1242_n6000.db
1242,INSTR_TYPE_MOD|core_mul,138,,0.18115942028985507,26.0,114.0,,/root/arguzz/a4/runs/iv_pos_7/dbs/pos_iv_pos_7_ta_b5_cTS_semantic_v2_seed1242_n6000/pos_iv_pos_7_ta_b5_cTS_semantic_v2_seed1242_n6000.db
1242,INSTR_TYPE_MOD|core_shr,125,,0.12,16.0,111.0,,/root/arguzz/a4/runs/iv_pos_7/dbs/pos_iv_pos_7_ta_b5_cTS_semantic_v2_seed1242_n6000/pos_iv_pos_7_ta_b5_cTS_semantic_v2_seed1242_n6000.db
1242,INSTR_TYPE_MOD|kernel_other,131,,0.17557251908396945,24.0,109.0,,/root/arguzz/a4/runs/iv_pos_7/dbs/pos_iv_pos_7_ta_b5_cTS_semantic_v2_seed1242_n6000/pos_iv_pos_7_ta_b5_cTS_semantic_v2_seed1242_n6000.db
1242,INSTR_TYPE_MOD|post_ecall,129,,0.17054263565891473,23.0,108.0,,/root/arguzz/a4/runs/iv_pos_7/dbs/pos_iv_pos_7_ta_b5_cTS_semantic_v2_seed1242_n6000/pos_iv_pos_7_ta_b5_cTS_semantic_v2_seed1242_n6000.db
1242,INSTR_TYPE_MOD|pre_ecall,132,,0.16666666666666666,23.0,111.0,,/root/arguzz/a4/runs/iv_pos_7/dbs/pos_iv_pos_7_ta_b5_cTS_semantic_v2_seed1242_n6000/pos_iv_pos_7_ta_b5_cTS_semantic_v2_seed1242_n6000.db
1242,INSTR_TYPE_MOD|step0,270,,0.23703703703703705,65.0,207.0,,/root/arguzz/a4/runs/iv_pos_7/dbs/pos_iv_pos_7_ta_b5_cTS_semantic_v2_seed1242_n6000/pos_iv_pos_7_ta_b5_cTS_semantic_v2_seed1242_n6000.db
1242,INSTR_WORD_MOD_FULL|core_arithmetic,120,,0.06666666666666667,9.0,113.0,,/root/arguzz/a4/runs/iv_pos_7/dbs/pos_iv_pos_7_ta_b5_cTS_semantic_v2_seed1242_n6000/pos_iv_pos_7_ta_b5_cTS_semantic_v2_seed1242_n6000.db
1242,INSTR_WORD_MOD_FULL|core_memory_load,120,,0.008333333333333333,2.0,120.0,,/root/arguzz/a4/runs/iv_pos_7/dbs/pos_iv_pos_7_ta_b5_cTS_semantic_v2_seed1242_n6000/pos_iv_pos_7_ta_b5_cTS_semantic_v2_seed1242_n6000.db
1242,INSTR_WORD_MOD_FULL|core_memory_store,120,,0.041666666666666664,6.0,116.0,,/root/arguzz/a4/runs/iv_pos_7/dbs/pos_iv_pos_7_ta_b5_cTS_semantic_v2_seed1242_n6000/pos_iv_pos_7_ta_b5_cTS_semantic_v2_seed1242_n6000.db
1242,INSTR_WORD_MOD_FULL|core_mul,120,,0.05,7.0,115.0,,/root/arguzz/a4/runs/iv_pos_7/dbs/pos_iv_pos_7_ta_b5_cTS_semantic_v2_seed1242_n6000/pos_iv_pos_7_ta_b5_cTS_semantic_v2_seed1242_n6000.db
1242,INSTR_WORD_MOD_FULL|core_shr,120,,0.041666666666666664,6.0,116.0,,/root/arguzz/a4/runs/iv_pos_7/dbs/pos_iv_pos_7_ta_b5_cTS_semantic_v2_seed1242_n6000/pos_iv_pos_7_ta_b5_cTS_semantic_v2_seed1242_n6000.db
1242,INSTR_WORD_MOD_FULL|kernel_other,120,,0.075,10.0,112.0,,/root/arguzz/a4/runs/iv_pos_7/dbs/pos_iv_pos_7_ta_b5_cTS_semantic_v2_seed1242_n6000/pos_iv_pos_7_ta_b5_cTS_semantic_v2_seed1242_n6000.db
1242,INSTR_WORD_MOD_FULL|post_ecall,120,,0.03333333333333333,5.0,117.0,,/root/arguzz/a4/runs/iv_pos_7/dbs/pos_iv_pos_7_ta_b5_cTS_semantic_v2_seed1242_n6000/pos_iv_pos_7_ta_b5_cTS_semantic_v2_seed1242_n6000.db
1242,INSTR_WORD_MOD_SUR|core_arithmetic,120,,0.041666666666666664,6.0,116.0,,/root/arguzz/a4/runs/iv_pos_7/dbs/pos_iv_pos_7_ta_b5_cTS_semantic_v2_seed1242_n6000/pos_iv_pos_7_ta_b5_cTS_semantic_v2_seed1242_n6000.db
1242,INSTR_WORD_MOD_SUR|core_memory_load,120,,0.016666666666666666,3.0,119.0,,/root/arguzz/a4/runs/iv_pos_7/dbs/pos_iv_pos_7_ta_b5_cTS_semantic_v2_seed1242_n6000/pos_iv_pos_7_ta_b5_cTS_semantic_v2_seed1242_n6000.db
1242,INSTR_WORD_MOD_SUR|core_memory_store,120,,0.016666666666666666,3.0,119.0,,/root/arguzz/a4/runs/iv_pos_7/dbs/pos_iv_pos_7_ta_b5_cTS_semantic_v2_seed1242_n6000/pos_iv_pos_7_ta_b5_cTS_semantic_v2_seed1242_n6000.db
1242,INSTR_WORD_MOD_SUR|core_mul,120,,0.025,4.0,118.0,,/root/arguzz/a4/runs/iv_pos_7/dbs/pos_iv_pos_7_ta_b5_cTS_semantic_v2_seed1242_n6000/pos_iv_pos_7_ta_b5_cTS_semantic_v2_seed1242_n6000.db
1242,INSTR_WORD_MOD_SUR|core_shr,120,,0.008333333333333333,2.0,120.0,,/root/arguzz/a4/runs/iv_pos_7/dbs/pos_iv_pos_7_ta_b5_cTS_semantic_v2_seed1242_n6000/pos_iv_pos_7_ta_b5_cTS_semantic_v2_seed1242_n6000.db
1242,INSTR_WORD_MOD_SUR|kernel_other,120,,0.03333333333333333,5.0,117.0,,/root/arguzz/a4/runs/iv_pos_7/dbs/pos_iv_pos_7_ta_b5_cTS_semantic_v2_seed1242_n6000/pos_iv_pos_7_ta_b5_cTS_semantic_v2_seed1242_n6000.db
1242,INSTR_WORD_MOD_SUR|post_ecall,120,,0.05,7.0,115.0,,/root/arguzz/a4/runs/iv_pos_7/dbs/pos_iv_pos_7_ta_b5_cTS_semantic_v2_seed1242_n6000/pos_iv_pos_7_ta_b5_cTS_semantic_v2_seed1242_n6000.db
1242,LOAD_VAL_MOD|core_memory_load,120,,0.016666666666666666,3.0,119.0,,/root/arguzz/a4/runs/iv_pos_7/dbs/pos_iv_pos_7_ta_b5_cTS_semantic_v2_seed1242_n6000/pos_iv_pos_7_ta_b5_cTS_semantic_v2_seed1242_n6000.db
1242,LOAD_VAL_MOD|post_ecall,120,,0.008333333333333333,2.0,120.0,,/root/arguzz/a4/runs/iv_pos_7/dbs/pos_iv_pos_7_ta_b5_cTS_semantic_v2_seed1242_n6000/pos_iv_pos_7_ta_b5_cTS_semantic_v2_seed1242_n6000.db
1242,MEM_VAL_MOD|core_arithmetic,120,,0.09166666666666666,12.0,110.0,,/root/arguzz/a4/runs/iv_pos_7/dbs/pos_iv_pos_7_ta_b5_cTS_semantic_v2_seed1242_n6000/pos_iv_pos_7_ta_b5_cTS_semantic_v2_seed1242_n6000.db
1242,MEM_VAL_MOD|core_branch,120,,0.075,10.0,112.0,,/root/arguzz/a4/runs/iv_pos_7/dbs/pos_iv_pos_7_ta_b5_cTS_semantic_v2_seed1242_n6000/pos_iv_pos_7_ta_b5_cTS_semantic_v2_seed1242_n6000.db
1242,MEM_VAL_MOD|core_memory_load,120,,0.016666666666666666,3.0,119.0,,/root/arguzz/a4/runs/iv_pos_7/dbs/pos_iv_pos_7_ta_b5_cTS_semantic_v2_seed1242_n6000/pos_iv_pos_7_ta_b5_cTS_semantic_v2_seed1242_n6000.db
1242,MEM_VAL_MOD|core_memory_store,120,,0.008333333333333333,2.0,120.0,,/root/arguzz/a4/runs/iv_pos_7/dbs/pos_iv_pos_7_ta_b5_cTS_semantic_v2_seed1242_n6000/pos_iv_pos_7_ta_b5_cTS_semantic_v2_seed1242_n6000.db
1242,MEM_VAL_MOD|kernel_other,120,,0.14166666666666666,18.0,104.0,,/root/arguzz/a4/runs/iv_pos_7/dbs/pos_iv_pos_7_ta_b5_cTS_semantic_v2_seed1242_n6000/pos_iv_pos_7_ta_b5_cTS_semantic_v2_seed1242_n6000.db
1242,MEM_VAL_MOD|last_step,121,,0.024793388429752067,4.0,119.0,,/root/arguzz/a4/runs/iv_pos_7/dbs/pos_iv_pos_7_ta_b5_cTS_semantic_v2_seed1242_n6000/pos_iv_pos_7_ta_b5_cTS_semantic_v2_seed1242_n6000.db
1242,MEM_VAL_MOD|post_ecall,120,,0.025,4.0,118.0,,/root/arguzz/a4/runs/iv_pos_7/dbs/pos_iv_pos_7_ta_b5_cTS_semantic_v2_seed1242_n6000/pos_iv_pos_7_ta_b5_cTS_semantic_v2_seed1242_n6000.db
1242,MEM_VAL_MOD|pre_ecall,122,,0.13934426229508196,18.0,106.0,,/root/arguzz/a4/runs/iv_pos_7/dbs/pos_iv_pos_7_ta_b5_cTS_semantic_v2_seed1242_n6000/pos_iv_pos_7_ta_b5_cTS_semantic_v2_seed1242_n6000.db
1242,MEM_VAL_MOD|step0,121,,0.024793388429752067,4.0,119.0,,/root/arguzz/a4/runs/iv_pos_7/dbs/pos_iv_pos_7_ta_b5_cTS_semantic_v2_seed1242_n6000/pos_iv_pos_7_ta_b5_cTS_semantic_v2_seed1242_n6000.db
1242,PRE_EXEC_REG_MOD|core_arithmetic,120,,0.08333333333333333,11.0,111.0,,/root/arguzz/a4/runs/iv_pos_7/dbs/pos_iv_pos_7_ta_b5_cTS_semantic_v2_seed1242_n6000/pos_iv_pos_7_ta_b5_cTS_semantic_v2_seed1242_n6000.db
1242,PRE_EXEC_REG_MOD|core_memory_load,120,,0.125,16.0,106.0,,/root/arguzz/a4/runs/iv_pos_7/dbs/pos_iv_pos_7_ta_b5_cTS_semantic_v2_seed1242_n6000/pos_iv_pos_7_ta_b5_cTS_semantic_v2_seed1242_n6000.db
1242,PRE_EXEC_REG_MOD|core_memory_store,120,,0.05,7.0,115.0,,/root/arguzz/a4/runs/iv_pos_7/dbs/pos_iv_pos_7_ta_b5_cTS_semantic_v2_seed1242_n6000/pos_iv_pos_7_ta_b5_cTS_semantic_v2_seed1242_n6000.db
1242,PRE_EXEC_REG_MOD|core_mul,120,,0.016666666666666666,3.0,119.0,,/root/arguzz/a4/runs/iv_pos_7/dbs/pos_iv_pos_7_ta_b5_cTS_semantic_v2_seed1242_n6000/pos_iv_pos_7_ta_b5_cTS_semantic_v2_seed1242_n6000.db
1242,PRE_EXEC_REG_MOD|core_shr,120,,0.008333333333333333,2.0,120.0,,/root/arguzz/a4/runs/iv_pos_7/dbs/pos_iv_pos_7_ta_b5_cTS_semantic_v2_seed1242_n6000/pos_iv_pos_7_ta_b5_cTS_semantic_v2_seed1242_n6000.db
1242,PRE_EXEC_REG_MOD|kernel_other,120,,0.008333333333333333,2.0,120.0,,/root/arguzz/a4/runs/iv_pos_7/dbs/pos_iv_pos_7_ta_b5_cTS_semantic_v2_seed1242_n6000/pos_iv_pos_7_ta_b5_cTS_semantic_v2_seed1242_n6000.db
1242,PRE_EXEC_REG_MOD|post_ecall,121,,0.09917355371900827,13.0,110.0,,/root/arguzz/a4/runs/iv_pos_7/dbs/pos_iv_pos_7_ta_b5_cTS_semantic_v2_seed1242_n6000/pos_iv_pos_7_ta_b5_cTS_semantic_v2_seed1242_n6000.db
1242,PRE_EXEC_REG_MOD|step0,121,,0.008264462809917356,2.0,121.0,,/root/arguzz/a4/runs/iv_pos_7/dbs/pos_iv_pos_7_ta_b5_cTS_semantic_v2_seed1242_n6000/pos_iv_pos_7_ta_b5_cTS_semantic_v2_seed1242_n6000.db
1242,STORE_OUT_MOD|core_memory_store,120,,0.008333333333333333,2.0,120.0,,/root/arguzz/a4/runs/iv_pos_7/dbs/pos_iv_pos_7_ta_b5_cTS_semantic_v2_seed1242_n6000/pos_iv_pos_7_ta_b5_cTS_semantic_v2_seed1242_n6000.db
1242,STORE_OUT_MOD|kernel_other,120,,0.008333333333333333,2.0,120.0,,/root/arguzz/a4/runs/iv_pos_7/dbs/pos_iv_pos_7_ta_b5_cTS_semantic_v2_seed1242_n6000/pos_iv_pos_7_ta_b5_cTS_semantic_v2_seed1242_n6000.db
1243,COMP_OUT_MOD|core_arithmetic,121,,0.03305785123966942,5.0,118.0,,/root/arguzz/a4/runs/iv_pos_7/dbs/pos_iv_pos_7_ta_b6_cTS_semantic_v2_seed1243_n6000/pos_iv_pos_7_ta_b6_cTS_semantic_v2_seed1243_n6000.db
1243,COMP_OUT_MOD|core_mul,120,,0.008333333333333333,2.0,120.0,,/root/arguzz/a4/runs/iv_pos_7/dbs/pos_iv_pos_7_ta_b6_cTS_semantic_v2_seed1243_n6000/pos_iv_pos_7_ta_b6_cTS_semantic_v2_seed1243_n6000.db
1243,COMP_OUT_MOD|core_shr,120,,0.008333333333333333,2.0,120.0,,/root/arguzz/a4/runs/iv_pos_7/dbs/pos_iv_pos_7_ta_b6_cTS_semantic_v2_seed1243_n6000/pos_iv_pos_7_ta_b6_cTS_semantic_v2_seed1243_n6000.db
1243,COMP_OUT_MOD|post_ecall,120,,0.016666666666666666,3.0,119.0,,/root/arguzz/a4/runs/iv_pos_7/dbs/pos_iv_pos_7_ta_b6_cTS_semantic_v2_seed1243_n6000/pos_iv_pos_7_ta_b6_cTS_semantic_v2_seed1243_n6000.db
1243,INSTR_TYPE_MOD|core_arithmetic,129,,0.1937984496124031,26.0,105.0,,/root/arguzz/a4/runs/iv_pos_7/dbs/pos_iv_pos_7_ta_b6_cTS_semantic_v2_seed1243_n6000/pos_iv_pos_7_ta_b6_cTS_semantic_v2_seed1243_n6000.db
1243,INSTR_TYPE_MOD|core_memory_load,120,,0.13333333333333333,17.0,105.0,,/root/arguzz/a4/runs/iv_pos_7/dbs/pos_iv_pos_7_ta_b6_cTS_semantic_v2_seed1243_n6000/pos_iv_pos_7_ta_b6_cTS_semantic_v2_seed1243_n6000.db
1243,INSTR_TYPE_MOD|core_memory_store,150,,0.21333333333333335,33.0,119.0,,/root/arguzz/a4/runs/iv_pos_7/dbs/pos_iv_pos_7_ta_b6_cTS_semantic_v2_seed1243_n6000/pos_iv_pos_7_ta_b6_cTS_semantic_v2_seed1243_n6000.db
1243,INSTR_TYPE_MOD|core_mul,135,,0.18518518518518517,26.0,111.0,,/root/arguzz/a4/runs/iv_pos_7/dbs/pos_iv_pos_7_ta_b6_cTS_semantic_v2_seed1243_n6000/pos_iv_pos_7_ta_b6_cTS_semantic_v2_seed1243_n6000.db
1243,INSTR_TYPE_MOD|core_shr,125,,0.152,20.0,107.0,,/root/arguzz/a4/runs/iv_pos_7/dbs/pos_iv_pos_7_ta_b6_cTS_semantic_v2_seed1243_n6000/pos_iv_pos_7_ta_b6_cTS_semantic_v2_seed1243_n6000.db
1243,INSTR_TYPE_MOD|kernel_other,126,,0.18253968253968253,24.0,104.0,,/root/arguzz/a4/runs/iv_pos_7/dbs/pos_iv_pos_7_ta_b6_cTS_semantic_v2_seed1243_n6000/pos_iv_pos_7_ta_b6_cTS_semantic_v2_seed1243_n6000.db
1243,INSTR_TYPE_MOD|post_ecall,126,,0.15873015873015872,21.0,107.0,,/root/arguzz/a4/runs/iv_pos_7/dbs/pos_iv_pos_7_ta_b6_cTS_semantic_v2_seed1243_n6000/pos_iv_pos_7_ta_b6_cTS_semantic_v2_seed1243_n6000.db
1243,INSTR_TYPE_MOD|pre_ecall,124,,0.18548387096774194,24.0,102.0,,/root/arguzz/a4/runs/iv_pos_7/dbs/pos_iv_pos_7_ta_b6_cTS_semantic_v2_seed1243_n6000/pos_iv_pos_7_ta_b6_cTS_semantic_v2_seed1243_n6000.db
1243,INSTR_TYPE_MOD|step0,281,,0.24555160142348753,70.0,213.0,,/root/arguzz/a4/runs/iv_pos_7/dbs/pos_iv_pos_7_ta_b6_cTS_semantic_v2_seed1243_n6000/pos_iv_pos_7_ta_b6_cTS_semantic_v2_seed1243_n6000.db
1243,INSTR_WORD_MOD_FULL|core_arithmetic,120,,0.05,7.0,115.0,,/root/arguzz/a4/runs/iv_pos_7/dbs/pos_iv_pos_7_ta_b6_cTS_semantic_v2_seed1243_n6000/pos_iv_pos_7_ta_b6_cTS_semantic_v2_seed1243_n6000.db
1243,INSTR_WORD_MOD_FULL|core_memory_load,120,,0.016666666666666666,3.0,119.0,,/root/arguzz/a4/runs/iv_pos_7/dbs/pos_iv_pos_7_ta_b6_cTS_semantic_v2_seed1243_n6000/pos_iv_pos_7_ta_b6_cTS_semantic_v2_seed1243_n6000.db
1243,INSTR_WORD_MOD_FULL|core_memory_store,120,,0.016666666666666666,3.0,119.0,,/root/arguzz/a4/runs/iv_pos_7/dbs/pos_iv_pos_7_ta_b6_cTS_semantic_v2_seed1243_n6000/pos_iv_pos_7_ta_b6_cTS_semantic_v2_seed1243_n6000.db
1243,INSTR_WORD_MOD_FULL|core_mul,120,,0.008333333333333333,2.0,120.0,,/root/arguzz/a4/runs/iv_pos_7/dbs/pos_iv_pos_7_ta_b6_cTS_semantic_v2_seed1243_n6000/pos_iv_pos_7_ta_b6_cTS_semantic_v2_seed1243_n6000.db
1243,INSTR_WORD_MOD_FULL|core_shr,120,,0.025,4.0,118.0,,/root/arguzz/a4/runs/iv_pos_7/dbs/pos_iv_pos_7_ta_b6_cTS_semantic_v2_seed1243_n6000/pos_iv_pos_7_ta_b6_cTS_semantic_v2_seed1243_n6000.db
1243,INSTR_WORD_MOD_FULL|kernel_other,120,,0.075,10.0,112.0,,/root/arguzz/a4/runs/iv_pos_7/dbs/pos_iv_pos_7_ta_b6_cTS_semantic_v2_seed1243_n6000/pos_iv_pos_7_ta_b6_cTS_semantic_v2_seed1243_n6000.db
1243,INSTR_WORD_MOD_FULL|post_ecall,120,,0.06666666666666667,9.0,113.0,,/root/arguzz/a4/runs/iv_pos_7/dbs/pos_iv_pos_7_ta_b6_cTS_semantic_v2_seed1243_n6000/pos_iv_pos_7_ta_b6_cTS_semantic_v2_seed1243_n6000.db
1243,INSTR_WORD_MOD_SUR|core_arithmetic,120,,0.058333333333333334,8.0,114.0,,/root/arguzz/a4/runs/iv_pos_7/dbs/pos_iv_pos_7_ta_b6_cTS_semantic_v2_seed1243_n6000/pos_iv_pos_7_ta_b6_cTS_semantic_v2_seed1243_n6000.db
1243,INSTR_WORD_MOD_SUR|core_memory_load,120,,0.008333333333333333,2.0,120.0,,/root/arguzz/a4/runs/iv_pos_7/dbs/pos_iv_pos_7_ta_b6_cTS_semantic_v2_seed1243_n6000/pos_iv_pos_7_ta_b6_cTS_semantic_v2_seed1243_n6000.db
1243,INSTR_WORD_MOD_SUR|core_memory_store,120,,0.03333333333333333,5.0,117.0,,/root/arguzz/a4/runs/iv_pos_7/dbs/pos_iv_pos_7_ta_b6_cTS_semantic_v2_seed1243_n6000/pos_iv_pos_7_ta_b6_cTS_semantic_v2_seed1243_n6000.db
1243,INSTR_WORD_MOD_SUR|core_mul,120,,0.016666666666666666,3.0,119.0,,/root/arguzz/a4/runs/iv_pos_7/dbs/pos_iv_pos_7_ta_b6_cTS_semantic_v2_seed1243_n6000/pos_iv_pos_7_ta_b6_cTS_semantic_v2_seed1243_n6000.db
1243,INSTR_WORD_MOD_SUR|core_shr,120,,0.025,4.0,118.0,,/root/arguzz/a4/runs/iv_pos_7/dbs/pos_iv_pos_7_ta_b6_cTS_semantic_v2_seed1243_n6000/pos_iv_pos_7_ta_b6_cTS_semantic_v2_seed1243_n6000.db
1243,INSTR_WORD_MOD_SUR|kernel_other,120,,0.06666666666666667,9.0,113.0,,/root/arguzz/a4/runs/iv_pos_7/dbs/pos_iv_pos_7_ta_b6_cTS_semantic_v2_seed1243_n6000/pos_iv_pos_7_ta_b6_cTS_semantic_v2_seed1243_n6000.db
1243,INSTR_WORD_MOD_SUR|post_ecall,120,,0.03333333333333333,5.0,117.0,,/root/arguzz/a4/runs/iv_pos_7/dbs/pos_iv_pos_7_ta_b6_cTS_semantic_v2_seed1243_n6000/pos_iv_pos_7_ta_b6_cTS_semantic_v2_seed1243_n6000.db
1243,LOAD_VAL_MOD|core_memory_load,120,,0.008333333333333333,2.0,120.0,,/root/arguzz/a4/runs/iv_pos_7/dbs/pos_iv_pos_7_ta_b6_cTS_semantic_v2_seed1243_n6000/pos_iv_pos_7_ta_b6_cTS_semantic_v2_seed1243_n6000.db
1243,LOAD_VAL_MOD|post_ecall,120,,0.008333333333333333,2.0,120.0,,/root/arguzz/a4/runs/iv_pos_7/dbs/pos_iv_pos_7_ta_b6_cTS_semantic_v2_seed1243_n6000/pos_iv_pos_7_ta_b6_cTS_semantic_v2_seed1243_n6000.db
1243,MEM_VAL_MOD|core_arithmetic,120,,0.10833333333333334,14.0,108.0,,/root/arguzz/a4/runs/iv_pos_7/dbs/pos_iv_pos_7_ta_b6_cTS_semantic_v2_seed1243_n6000/pos_iv_pos_7_ta_b6_cTS_semantic_v2_seed1243_n6000.db
1243,MEM_VAL_MOD|core_branch,120,,0.1,13.0,109.0,,/root/arguzz/a4/runs/iv_pos_7/dbs/pos_iv_pos_7_ta_b6_cTS_semantic_v2_seed1243_n6000/pos_iv_pos_7_ta_b6_cTS_semantic_v2_seed1243_n6000.db
1243,MEM_VAL_MOD|core_memory_load,120,,0.008333333333333333,2.0,120.0,,/root/arguzz/a4/runs/iv_pos_7/dbs/pos_iv_pos_7_ta_b6_cTS_semantic_v2_seed1243_n6000/pos_iv_pos_7_ta_b6_cTS_semantic_v2_seed1243_n6000.db
1243,MEM_VAL_MOD|core_memory_store,120,,0.008333333333333333,2.0,120.0,,/root/arguzz/a4/runs/iv_pos_7/dbs/pos_iv_pos_7_ta_b6_cTS_semantic_v2_seed1243_n6000/pos_iv_pos_7_ta_b6_cTS_semantic_v2_seed1243_n6000.db
1243,MEM_VAL_MOD|kernel_other,120,,0.06666666666666667,9.0,113.0,,/root/arguzz/a4/runs/iv_pos_7/dbs/pos_iv_pos_7_ta_b6_cTS_semantic_v2_seed1243_n6000/pos_iv_pos_7_ta_b6_cTS_semantic_v2_seed1243_n6000.db
1243,MEM_VAL_MOD|last_step,121,,0.03305785123966942,5.0,118.0,,/root/arguzz/a4/runs/iv_pos_7/dbs/pos_iv_pos_7_ta_b6_cTS_semantic_v2_seed1243_n6000/pos_iv_pos_7_ta_b6_cTS_semantic_v2_seed1243_n6000.db
1243,MEM_VAL_MOD|post_ecall,120,,0.041666666666666664,6.0,116.0,,/root/arguzz/a4/runs/iv_pos_7/dbs/pos_iv_pos_7_ta_b6_cTS_semantic_v2_seed1243_n6000/pos_iv_pos_7_ta_b6_cTS_semantic_v2_seed1243_n6000.db
1243,MEM_VAL_MOD|pre_ecall,120,,0.125,16.0,106.0,,/root/arguzz/a4/runs/iv_pos_7/dbs/pos_iv_pos_7_ta_b6_cTS_semantic_v2_seed1243_n6000/pos_iv_pos_7_ta_b6_cTS_semantic_v2_seed1243_n6000.db
1243,MEM_VAL_MOD|step0,121,,0.04132231404958678,6.0,117.0,,/root/arguzz/a4/runs/iv_pos_7/dbs/pos_iv_pos_7_ta_b6_cTS_semantic_v2_seed1243_n6000/pos_iv_pos_7_ta_b6_cTS_semantic_v2_seed1243_n6000.db
1243,PRE_EXEC_REG_MOD|core_arithmetic,120,,0.09166666666666666,12.0,110.0,,/root/arguzz/a4/runs/iv_pos_7/dbs/pos_iv_pos_7_ta_b6_cTS_semantic_v2_seed1243_n6000/pos_iv_pos_7_ta_b6_cTS_semantic_v2_seed1243_n6000.db
1243,PRE_EXEC_REG_MOD|core_memory_load,120,,0.11666666666666667,15.0,107.0,,/root/arguzz/a4/runs/iv_pos_7/dbs/pos_iv_pos_7_ta_b6_cTS_semantic_v2_seed1243_n6000/pos_iv_pos_7_ta_b6_cTS_semantic_v2_seed1243_n6000.db
1243,PRE_EXEC_REG_MOD|core_memory_store,120,,0.06666666666666667,9.0,113.0,,/root/arguzz/a4/runs/iv_pos_7/dbs/pos_iv_pos_7_ta_b6_cTS_semantic_v2_seed1243_n6000/pos_iv_pos_7_ta_b6_cTS_semantic_v2_seed1243_n6000.db
1243,PRE_EXEC_REG_MOD|core_mul,120,,0.025,4.0,118.0,,/root/arguzz/a4/runs/iv_pos_7/dbs/pos_iv_pos_7_ta_b6_cTS_semantic_v2_seed1243_n6000/pos_iv_pos_7_ta_b6_cTS_semantic_v2_seed1243_n6000.db
1243,PRE_EXEC_REG_MOD|core_shr,120,,0.016666666666666666,3.0,119.0,,/root/arguzz/a4/runs/iv_pos_7/dbs/pos_iv_pos_7_ta_b6_cTS_semantic_v2_seed1243_n6000/pos_iv_pos_7_ta_b6_cTS_semantic_v2_seed1243_n6000.db
1243,PRE_EXEC_REG_MOD|kernel_other,120,,0.008333333333333333,2.0,120.0,,/root/arguzz/a4/runs/iv_pos_7/dbs/pos_iv_pos_7_ta_b6_cTS_semantic_v2_seed1243_n6000/pos_iv_pos_7_ta_b6_cTS_semantic_v2_seed1243_n6000.db
1243,PRE_EXEC_REG_MOD|post_ecall,120,,0.1,13.0,109.0,,/root/arguzz/a4/runs/iv_pos_7/dbs/pos_iv_pos_7_ta_b6_cTS_semantic_v2_seed1243_n6000/pos_iv_pos_7_ta_b6_cTS_semantic_v2_seed1243_n6000.db
1243,PRE_EXEC_REG_MOD|step0,121,,0.008264462809917356,2.0,121.0,,/root/arguzz/a4/runs/iv_pos_7/dbs/pos_iv_pos_7_ta_b6_cTS_semantic_v2_seed1243_n6000/pos_iv_pos_7_ta_b6_cTS_semantic_v2_seed1243_n6000.db
1243,STORE_OUT_MOD|core_memory_store,120,,0.008333333333333333,2.0,120.0,,/root/arguzz/a4/runs/iv_pos_7/dbs/pos_iv_pos_7_ta_b6_cTS_semantic_v2_seed1243_n6000/pos_iv_pos_7_ta_b6_cTS_semantic_v2_seed1243_n6000.db
1243,STORE_OUT_MOD|kernel_other,120,,0.008333333333333333,2.0,120.0,,/root/arguzz/a4/runs/iv_pos_7/dbs/pos_iv_pos_7_ta_b6_cTS_semantic_v2_seed1243_n6000/pos_iv_pos_7_ta_b6_cTS_semantic_v2_seed1243_n6000.db
