variant,seed,N,n_planted_finds,planted_find_indices,n_benign_accepts,benign_accept_indices,benign_accept_kinds
V8_arguzz_sched,1234,5000,66,46 268 356 374 440 447 465 499 680 786 834 887 930 1150 1338 1485 1660 1842 1871 1951 1968 2038 2072 2089 2106 2166 2168 2173 2454 2477 2493 2537 2677 2801 2934 2971 3000 3050 3101 3245 3370 3393 3410 3551 3600 3651 3673 3704 3718 3877 4033 4035 4052 4142 4153 4192 4195 4203 4222 4230 4311 4321 4352 4516 4545 4582,0,,
V8_arguzz_sched,1235,5000,58,205 291 462 543 586 618 671 709 836 976 981 986 1190 1208 1263 1288 1307 1361 1444 1508 1766 1773 1783 1929 1968 2069 2154 2203 2279 2685 2955 3106 3210 3313 3356 3446 3543 3608 3634 3746 3886 3896 3939 3957 3968 3989 4073 4125 4323 4325 4376 4383 4412 4758 4851 4894 4969 4978,0,,
V8_arguzz_sched,1236,5000,52,33 173 245 304 348 548 666 930 1036 1074 1106 1129 1178 1195 1409 1422 1460 1520 1524 1691 1904 2168 2326 2367 2522 2750 2793 2823 2828 2893 2976 3038 3263 3482 3560 3639 4130 4132 4140 4157 4288 4428 4499 4509 4680 4684 4699 4846 4897 4899 4947 4997,0,,
V8_arguzz_sched,1237,5000,61,57 60 155 240 323 358 374 386 791 875 915 940 980 1084 1167 1180 1389 1451 1489 1612 1622 1632 1642 1820 2037 2102 2115 2180 2290 2324 2416 2622 2760 2845 3115 3191 3217 3274 3316 3323 3517 3822 3888 3947 3966 3984 4096 4130 4233 4330 4332 4487 4497 4583 4645 4725 4734 4792 4842 4911 4924,0,,
V8_arguzz_sched,1238,5000,64,30 50 193 276 282 285 407 511 614 785 794 831 1009 1013 1082 1089 1143 1203 1204 1286 1356 1647 1704 1767 1784 2015 2314 2345 2418 2515 2532 2755 2873 2913 2932 3072 3084 3091 3165 3177 3301 3383 3515 3698 3711 3852 3901 3998 4215 4275 4333 4334 4344 4345 4416 4452 4453 4522 4755 4786 4832 4869 4897 4918,0,,
V8_arguzz_sched,1239,5000,55,7 53 182 383 400 410 463 546 645 777 817 879 924 941 960 965 1121 1196 1197 1227 1358 1455 1472 1522 1745 1777 1926 1929 1971 2238 2241 2339 2401 2409 2570 2605 2700 2825 2836 2933 2950 3150 3459 3471 3575 3612 3824 3898 4096 4338 4630 4878 4908 4921 4958,0,,
V8_arguzz_sched,1240,5000,62,95 147 238 421 482 510 648 688 719 759 807 925 974 1022 1047 1053 1162 1234 1430 1552 1668 1858 1956 1973 2129 2162 2198 2251 2288 2318 2459 2492 2502 2571 2679 2751 2839 2864 2919 3031 3035 3140 3207 3218 3266 3363 3635 3682 3692 3702 3721 3761 3793 3963 3993 4082 4340 4406 4590 4759 4802 4828,0,,
V8_arguzz_sched,1241,5000,52,107 158 187 339 399 473 536 586 700 762 980 1359 1373 1409 1462 1555 1683 2008 2082 2084 2187 2392 2398 2706 2730 2755 2818 2941 2956 2992 3247 3282 3436 3579 3664 3725 3768 4003 4015 4021 4086 4140 4187 4309 4358 4608 4712 4717 4805 4923 4924 4964,0,,
V8_arguzz_sched,1242,5000,56,2 11 109 248 252 371 475 672 746 781 807 854 877 924 934 1002 1237 1312 1314 1386 1739 1757 1768 1811 1843 1953 2051 2065 2200 2229 2343 2789 2838 2915 2976 3211 3242 3452 3528 3583 3737 3780 3794 3908 3931 3937 4155 4161 4182 4215 4238 4375 4527 4538 4600 4771,0,,
V8_arguzz_sched,1243,5000,62,1 3 53 252 434 436 457 618 730 764 951 999 1029 1064 1203 1219 1336 1492 1540 1549 1895 1948 2086 2119 2123 2200 2336 2352 2405 2441 2460 2615 2815 2941 3003 3025 3032 3069 3100 3226 3439 3467 3571 3585 3682 3691 3959 3977 4054 4068 4188 4270 4337 4353 4396 4510 4554 4847 4867 4906 4916 4920,0,,
V0_uniform,1234,5000,40,181 263 662 765 780 901 955 1130 1378 1382 1448 1558 1564 1751 1757 1800 1837 1940 2049 2413 2523 2843 2853 2855 2907 3071 3301 3311 3404 3635 3679 3806 4153 4377 4378 4471 4477 4606 4614 4699,1,542,CYCLE_DIFF_COUNT_MOD
V0_uniform,1235,5000,57,206 213 228 337 384 443 528 873 955 1000 1076 1148 1180 1299 1339 1364 1466 1518 1689 1711 1730 1778 1788 1822 1899 2234 2282 2316 2399 2469 2494 2517 2696 2796 2942 2959 3043 3151 3241 3261 3273 3306 3379 3386 3484 3881 3953 3965 4210 4410 4498 4566 4638 4701 4738 4745 4838,0,,
V0_uniform,1236,5000,47,53 104 177 368 436 606 683 755 951 1071 1076 1102 1514 1590 1629 1675 1925 2042 2243 2369 2414 2434 2561 2631 2713 2741 2763 2796 2879 3108 3459 3597 3680 3698 3756 3786 3832 4058 4087 4321 4383 4468 4473 4509 4568 4680 4829,0,,
V0_uniform,1237,5000,48,13 127 140 148 156 235 486 611 655 667 696 1010 1045 1093 1231 1248 1541 1562 1567 1882 1915 1946 2020 2357 2575 2680 2685 2688 2837 3132 3300 3303 3547 3608 3670 3686 3692 3702 3914 4183 4544 4561 4615 4758 4808 4901 4935 4979,0,,
V0_uniform,1238,5000,53,57 372 452 513 576 578 734 763 983 1023 1152 1170 1181 1193 1220 1226 1293 1313 1380 1402 1526 1529 1585 2018 2074 2248 2249 2285 2350 2372 2427 2429 2534 2683 2798 2868 2947 3067 3225 3352 3478 3594 3679 4142 4235 4301 4308 4394 4452 4644 4808 4883 4905,0,,
V0_uniform,1239,5000,40,12 106 152 157 290 501 571 603 654 734 787 1110 1516 1580 1693 1842 1883 1998 2090 2233 2344 2376 2460 2466 2673 2825 2949 3164 3276 3761 3813 3843 4006 4013 4067 4248 4583 4705 4796 4952,0,,
V0_uniform,1240,5000,56,7 54 89 152 485 527 580 619 682 745 861 887 911 967 1151 1301 1386 1427 1511 1524 1547 1566 1776 2063 2066 2276 2362 2466 2519 2528 2615 2683 2809 2837 2863 2864 3009 3069 3145 3148 3269 3329 3440 3874 4004 4052 4282 4378 4413 4510 4552 4576 4599 4783 4784 4947,1,4972,CYCLE_DIFF_COUNT_MOD
V0_uniform,1241,5000,59,23 245 267 494 503 597 659 670 695 703 871 943 1009 1104 1129 1203 1606 1607 1669 1741 1887 1937 1955 1984 2033 2143 2222 2266 2353 2449 2501 2839 2872 3023 3076 3124 3206 3303 3304 3421 3471 3536 3609 3815 3840 3896 3930 3957 3964 3979 3984 4352 4375 4509 4645 4651 4796 4804 4879,0,,
V0_uniform,1242,5000,46,149 172 203 214 282 298 312 356 418 437 461 497 881 1204 1230 1530 1639 2006 2085 2199 2232 2388 2407 2627 2727 2774 3019 3030 3103 3166 3258 3311 3592 3638 3810 3910 3945 4099 4546 4566 4608 4611 4691 4729 4790 4922,0,,
V0_uniform,1243,5000,63,21 111 372 585 746 862 869 958 962 1029 1050 1081 1174 1236 1315 1392 1401 1736 1765 1782 1945 2006 2058 2090 2099 2120 2219 2292 2293 2385 2438 2553 2730 2731 2888 2896 2951 2955 3031 3086 3224 3396 3531 3552 3731 3740 3837 3994 4025 4129 4141 4169 4238 4289 4333 4354 4408 4461 4578 4665 4707 4750 4982,0,,
V5_control,1234,5000,77,19 490 493 519 616 717 719 721 800 819 1016 1080 1182 1317 1381 1398 1417 1419 1521 1600 1688 1700 1720 1791 1815 1980 2091 2281 2315 2317 2320 2386 2416 2488 2497 2518 2585 2586 2795 2921 2997 3080 3088 3089 3119 3179 3417 3491 3498 3518 3589 3599 3618 3716 3818 3889 3895 3920 3980 3996 4196 4281 4288 4317 4319 4486 4520 4581 4593 4695 4716 4779 4791 4819 4981 4985 4988,0,,
V5_control,1235,5000,85,190 259 315 319 391 418 492 517 718 719 720 786 885 918 978 1083 1178 1281 1383 1387 1420 1481 1494 1518 1687 1786 1885 1889 1985 1988 2020 2091 2116 2118 2119 2183 2290 2299 2315 2317 2416 2417 2489 2498 2517 2690 2819 3016 3019 3083 3094 3219 3314 3379 3380 3386 3414 3482 3514 3518 3618 3678 3781 3819 3888 3893 3896 4016 4017 4083 4089 4191 4280 4380 4420 4489 4490 4517 4519 4618 4678 4686 4789 4916 4989,1,2413,CYCLE_DIFF_COUNT_MOD
V5_control,1236,5000,74,18 162 257 260 319 493 519 617 681 685 690 720 786 796 917 921 1116 1282 1288 1399 1499 1515 1598 1680 1719 1796 1819 2019 2090 2096 2098 2190 2216 2316 2396 2583 2617 2782 2821 2999 3021 3089 3092 3121 3191 3284 3286 3291 3294 3317 3319 3415 3479 3520 3818 3821 3883 4016 4088 4194 4195 4219 4279 4283 4398 4416 4418 4582 4590 4592 4682 4685 4717 4795,1,1893,CYCLE_DIFF_COUNT_MOD
V5_control,1237,5000,72,94 291 381 385 396 521 587 717 719 787 820 888 1017 1019 1117 1283 1419 1516 1715 1881 2090 2198 2199 2288 2387 2393 2397 2400 2485 2517 2521 2617 2618 2793 2819 2897 2916 3019 3182 3183 3186 3193 3216 3217 3315 3417 3420 3488 3580 3597 3689 3695 3793 3890 3917 3919 4094 4116 4121 4186 4187 4198 4318 4519 4620 4717 4789 4880 4918 4984 4986 4999,0,,
V5_control,1238,5000,79,95 161 385 386 398 419 493 499 521 617 619 683 916 979 999 1181 1219 1279 1283 1299 1317 1419 1421 1498 1517 1521 1618 1619 1720 1792 1794 1888 1891 1980 1991 2016 2017 2019 2182 2191 2220 2317 2319 2485 2584 2600 2779 2819 2884 2891 3090 3095 3096 3116 3121 3284 3320 3479 3517 3521 3589 3784 3898 3917 3987 4086 4190 4191 4218 4220 4221 4419 4420 4521 4684 4687 4792 4919 4999,0,,
V5_control,1239,5000,83,99 161 214 295 485 589 616 617 721 918 1084 1088 1095 1121 1188 1217 1219 1294 1316 1417 1480 1492 1579 1583 1585 1589 1600 1615 1616 1696 1793 1817 1821 1984 1993 2017 2121 2384 2398 2481 2786 2817 2819 2887 2983 2985 2997 3079 3088 3117 3196 3281 3292 3315 3319 3381 3390 3517 3518 3617 3690 3697 3799 3886 3892 4019 4098 4117 4119 4279 4284 4319 4387 4416 4417 4482 4483 4698 4720 4817 4881 4984 4986,0,,
V5_control,1240,5000,68,96 318 398 420 480 519 521 684 719 816 895 995 1085 1115 1184 1190 1485 1616 1619 1880 1889 1895 1918 2021 2086 2093 2095 2380 2417 2420 2486 2490 2491 2787 2799 2816 2891 2917 2978 2979 3015 3119 3193 3215 3316 3382 3479 3587 3698 3794 3816 3919 3920 3993 4294 4319 4396 4397 4515 4589 4615 4616 4687 4717 4781 4885 4898 4916,0,,
V5_control,1241,5000,70,19 93 190 299 418 492 518 594 600 617 619 717 779 817 919 920 992 1094 1120 1121 1191 1192 1283 1490 1719 1916 1918 1996 2200 2217 2219 2290 2319 2393 2519 2586 2616 2617 2684 2785 2787 2789 2815 2881 2983 2998 3015 3200 3215 3386 3416 3520 3617 3618 3719 3795 3883 3993 4017 4219 4317 4421 4480 4591 4598 4617 4685 4692 4694 4986,0,,
V5_control,1242,5000,71,17 96 161 190 316 389 499 519 520 784 818 898 920 979 982 1088 1092 1095 1219 1298 1384 1490 1498 1520 1719 1799 1817 1819 2117 2121 2184 2217 2384 2388 2492 2821 2883 2992 2998 3016 3082 3092 3115 3179 3218 3390 3500 3515 3519 3587 3589 3685 3715 3796 3815 3821 3917 3918 4191 4215 4290 4294 4395 4486 4515 4720 4796 4817 4819 4881 4888,0,,
V5_control,1243,5000,76,19 21 161 259 581 582 719 791 885 893 992 1018 1020 1083 1217 1282 1391 1398 1516 1517 1585 1586 1786 1818 1885 1981 1986 2017 2116 2120 2198 2283 2417 2486 2496 2521 2579 2687 2690 2699 2798 2917 3000 3084 3093 3100 3116 3381 3386 3418 3517 3719 3792 3793 3815 3820 3981 3986 3994 4015 4096 4098 4217 4220 4289 4296 4320 4390 4620 4681 4692 4780 4818 4819 4915 4985,0,,
Hybrid_cTS,1234,5000,42,19 287 400 555 642 1155 1351 1387 1436 1621 1638 1853 1857 2361 2364 2365 2547 2968 3075 3178 3271 3274 3368 3674 3680 3777 3779 3955 3985 4077 4079 4081 4245 4284 4395 4403 4497 4586 4698 4799 4804 4879,52,241 304 367 369 809 911 1014 1176 1219 1239 1313 1383 1385 1585 2063 2121 2134 2240 2479 2492 2522 2552 2601 2603 2634 2923 2939 2978 3149 3357 3446 3460 3472 3629 3857 3891 3951 4134 4204 4269 4347 4361 4431 4440 4454 4478 4693 4703 4839 4892 4941 4960,INSTR_WORD_MOD
Hybrid_cTS,1235,5000,43,287 475 489 546 589 752 826 889 993 1156 1396 1466 1767 1774 1964 1965 1969 2157 2224 2295 2471 2581 2674 2680 2732 2783 2882 3076 3081 3340 3500 3668 3798 3890 3997 4042 4100 4164 4308 4410 4708 4857 4911,49,83 87 100 226 241 351 613 763 1029 1123 1431 1530 1649 1697 1704 1744 1838 1876 1911 1981 1994 2087 2446 2529 2554 2568 2676 2752 2781 2910 3334 3439 3641 3654 3821 3860 4038 4222 4258 4301 4335 4386 4422 4482 4537 4729 4788 4803 4978,INSTR_WORD_MOD
Hybrid_cTS,1236,5000,52,18 321 357 367 491 734 901 945 1139 1249 1443 1455 1461 1547 1633 1651 1656 1794 1868 1950 2055 2065 2155 2161 2360 2465 2566 2877 2981 3076 3122 3394 3407 3489 3589 3592 3705 3761 3789 3790 3883 3992 4088 4089 4098 4124 4395 4417 4490 4492 4949 4957,53,100 226 238 350 363 413 660 890 1100 1106 1227 1360 1557 1616 1724 2069 2168 2295 2315 2378 2391 2483 2533 2567 2607 2828 2909 2956 3064 3068 3104 3215 3279 3292 3306 3418 3587 3651 3748 3797 3836 3856 3931 3985 4005 4041 4083 4222 4284 4363 4388 4402 4598,INSTR_WORD_MOD
Hybrid_cTS,1237,5000,56,158 381 480 484 550 673 846 941 1153 1352 1359 1459 1561 1575 1576 1712 1860 1873 1963 2166 2280 2543 2585 2609 2782 2879 2889 2961 3034 3079 3105 3192 3291 3389 3393 3396 3496 3612 3700 3903 4004 4013 4106 4107 4110 4118 4236 4328 4333 4425 4429 4619 4645 4826 4919 4920,38,85 86 100 239 429 698 844 1242 1360 1361 1572 1759 2130 2139 2315 2374 2530 2626 3035 3180 3196 3262 3310 3536 3670 4142 4256 4316 4351 4471 4560 4636 4673 4687 4719 4741 4764 4774,INSTR_WORD_MOD
Hybrid_cTS,1238,5000,50,158 287 481 690 787 1016 1027 1153 1236 1261 1610 1662 1766 1873 1883 2021 2065 2071 2139 2172 2374 2379 2440 2556 2690 2772 2831 2889 2986 2987 3326 3537 3601 3633 3703 3776 3871 3896 3910 3913 4021 4111 4116 4207 4208 4224 4317 4601 4742 4825,48,83 84 85 91 241 304 333 1003 1020 1453 1512 1669 1673 1876 1878 1941 1942 1958 1993 2114 2125 2150 2151 2269 2459 2477 2546 2587 2675 2756 2998 3143 3250 3377 3404 3521 3531 3556 3588 3693 3787 3966 4163 4363 4618 4666 4783 4881,INSTR_WORD_MOD
Hybrid_cTS,1239,5000,42,287 357 636 638 742 785 840 862 1042 1043 1460 1615 1766 1866 1868 2056 2059 2266 2269 2273 2324 2456 2679 2693 2735 2781 2982 3056 3165 3221 3377 3383 3821 3920 4403 4604 4609 4658 4662 4715 4877 4912,46,85 87 91 98 100 224 237 241 304 305 308 350 747 770 958 1056 1302 1304 1473 1606 1754 1806 1816 1895 1904 2109 2120 2293 2481 2543 3083 3440 3535 3860 3940 3953 4242 4257 4364 4542 4673 4682 4746 4750 4754 4887,INSTR_WORD_MOD
Hybrid_cTS,1240,5000,45,487 488 748 837 1252 1277 1455 1617 1660 1716 1819 1865 2152 2157 2378 2428 2480 2534 2670 2781 2877 2879 2880 2885 3146 3153 3265 3423 3485 3786 3794 3850 3979 3992 4024 4044 4095 4262 4289 4389 4403 4560 4595 4762 4798,49,83 87 224 226 232 241 304 742 1030 1109 1138 1235 1328 1567 1749 1951 1964 2041 2116 2256 2398 2430 2476 2511 2664 2725 3167 3395 3397 3666 3694 3849 4141 4291 4297 4329 4339 4391 4472 4493 4495 4529 4622 4667 4690 4765 4815 4897 4980,INSTR_WORD_MOD
Hybrid_cTS,1241,5000,49,19 600 640 753 1127 1147 1247 1348 1444 1459 1543 1601 1665 1755 1856 1912 1920 2061 2166 2180 2259 2280 2360 2466 2568 2573 2664 2775 2879 3236 3373 3462 3500 3620 3923 4000 4013 4096 4182 4257 4359 4402 4493 4585 4605 4696 4832 4896 4999,46,85 226 227 232 665 981 1070 1507 1553 1575 1702 1884 1901 2282 2294 2445 2477 2482 2614 2836 3008 3063 3309 3375 3402 3502 3516 3524 3527 3550 3587 3638 3674 3698 3735 3793 3924 3929 4083 4090 4321 4549 4614 4680 4786 4861,INSTR_WORD_MOD
Hybrid_cTS,1242,5000,50,17 160 344 478 542 562 572 641 741 870 1046 1054 1090 1094 1139 1166 1240 1398 1525 1766 1860 1984 2254 2257 2259 2463 2772 2876 2926 2949 3167 3466 3488 3510 3581 3602 3640 3675 3791 3852 3928 4035 4046 4095 4098 4100 4392 4494 4809 4908,46,91 99 100 232 307 332 396 408 1025 1060 1409 1428 1493 1798 1912 2167 2322 2441 2553 2636 2666 2686 2752 2762 2857 2927 2963 2975 3025 3043 3244 3283 3346 3368 3392 3402 3458 3585 3629 4080 4252 4315 4332 4444 4700 4923,INSTR_WORD_MOD
Hybrid_cTS,1243,5000,49,19 21 160 481 646 649 673 979 1032 1345 1460 1562 1711 1862 1864 1944 1956 2004 2056 2177 2269 2276 2283 2473 2501 2519 2584 2743 3038 3303 3318 3411 3669 3685 3705 4007 4008 4096 4108 4183 4318 4326 4403 4408 4612 4713 4779 4810 4915,48,84 98 236 241 337 378 405 407 769 1334 1352 1426 1439 1500 1501 1561 1691 1728 1928 2083 2178 2433 2448 2506 2651 2757 2834 2871 3043 3069 3071 3296 3412 3512 3559 3703 3751 3929 4058 4097 4199 4308 4356 4436 4495 4498 4507 4974,INSTR_WORD_MOD
